name,priority,sector,category,website
SHIFA AL JAZEERA MEDICAL GROUP UAE,P1 · Core target,Healthcare & Wellness,Healthcare & Clinics,http://www.shifaaljazeeramedicalgroupuae.com
Jonny Parr Fitness - Premium Coaching,P1 · Core target,Healthcare & Wellness,Fitness & Sports,http://www.premiumpersonaltraining.online
Sahara Healthcare City,P1 · Core target,Healthcare & Wellness,Healthcare & Clinics,http://www.saharahealthcarecity.com
Galal medical centre,P1 · Core target,Healthcare & Wellness,Healthcare & Clinics,http://www.galalmediacalcentre.com
HEALTH AND BEAUTY MEDICAL CENTER LLC S.P.,P1 · Core target,Healthcare & Wellness,Dental,http://www.orthodontistindubai.org
Roots Medical Centre,P1 · Core target,Healthcare & Wellness,Healthcare & Clinics,http://www.rootsmedicalcentre.com
Sahara Medical Centre LLC,P1 · Core target,Healthcare & Wellness,Healthcare & Clinics,http://www.saharamedicalcentre.ae
Sharjah Wanderers Sports Club,P1 · Core target,Healthcare & Wellness,Fitness & Sports,http://www.sharjahwandererssc.com
Zaina Medical Center,P1 · Core target,Healthcare & Wellness,Healthcare & Clinics,http://www.zainamedicalcenter.com
Riaz Specialist Medical Center L.L.C,P1 · Core target,Healthcare & Wellness,Healthcare & Clinics,http://www.riazmedicalcenter.com
Shifa Al Jazeera Healthcare Group - UAE,P1 · Core target,Healthcare & Wellness,Healthcare & Clinics,http://www.shifaaljazeerauae.com
The Perfect Look Medical Center,P1 · Core target,Healthcare & Wellness,Healthcare & Clinics,http://www.theperfectlookuae.com
Simply Beauty Ladies Salon & Spa,P1 · Core target,Healthcare & Wellness,"Beauty, Spa & Wellness",http://www.simplybeautysalon.ae
WOW Medical Center,P1 · Core target,Healthcare & Wellness,Healthcare & Clinics,http://www.wowmedicalcenter.com
Wellness World GYM,P1 · Core target,Healthcare & Wellness,"Physio, Rehab & Wellness",http://www.wellnessworldgym.com
privatecare center,P1 · Core target,Healthcare & Wellness,"Physio, Rehab & Wellness",http://www.privatecarecenter.ae
ASH Beauty Lounge,P1 · Core target,Healthcare & Wellness,"Beauty, Spa & Wellness",http://www.ashbeautylounge.com
Austin Center For Rehabilitation & Autism Care-Dubai & Sharjah,P1 · Core target,Healthcare & Wellness,"Physio, Rehab & Wellness",http://www.austincenteruae.com
Recovery Island,P1 · Core target,Healthcare & Wellness,Healthcare & Clinics,http://www.recovery-island.com
Rise Birth Center,P1 · Core target,Healthcare & Wellness,Healthcare & Clinics,http://www.risebirthcenter.com
abrahams medical centre,P1 · Core target,Healthcare & Wellness,Healthcare & Clinics,http://www.abrahamsmedical.com
مركز الوزن المثالي الطبي,P1 · Core target,Healthcare & Wellness,Healthcare & Clinics,http://www.alwaznalmithaly.com
ALshifa Medical Center,P1 · Core target,Healthcare & Wellness,Healthcare & Clinics,http://www.alshifamedical.net
Expert Leaders Medical Center,P1 · Core target,Healthcare & Wellness,Healthcare & Clinics,http://www.expert-leaders.com
HEALINGPAWS VETERINARY CLINIC,P1 · Core target,Healthcare & Wellness,Healthcare & Clinics,http://www.healingpawsuae.com
My Fitness Coach,P1 · Core target,Healthcare & Wellness,Fitness & Sports,http://www.myfitnesscoach.fit
Ramzi Assi,P1 · Core target,Healthcare & Wellness,Healthcare & Clinics,http://www.sharjahdentist.com
Rekhas Dental Care,P1 · Core target,Healthcare & Wellness,Dental,http://www.rekhasdentcare.com
Seafarer Clinic,P1 · Core target,Healthcare & Wellness,Healthcare & Clinics,http://www.seafarerclinic.com
The Elegance Spa,P1 · Core target,Healthcare & Wellness,"Beauty, Spa & Wellness",http://www.theelegancespa.com
tawakal medical clinic,P1 · Core target,Healthcare & Wellness,Healthcare & Clinics,http://www.tawakalmedical.com
Laboratoire AQUATONALE (Middle East & Africa),P1 · Core target,Healthcare & Wellness,Aesthetic & Cosmetic,http://www.aquatonalefzc.com
Pause Salon And Spa For Women,P1 · Core target,Healthcare & Wellness,"Beauty, Spa & Wellness",http://www.pausesalonuae.com
Sameena Medical Center,P1 · Core target,Healthcare & Wellness,Healthcare & Clinics,http://www.sameenaclinic.com
Smart Opticals,P1 · Core target,Healthcare & Wellness,Healthcare & Clinics,http://www.smartopticals.com
Venecia Dental Clinic,P1 · Core target,Healthcare & Wellness,Dental,http://www.sharjahdental.com
Vet Plus Center,P1 · Core target,Healthcare & Wellness,Veterinary,http://www.vetpluscenter.com
Rayhan Health,P1 · Core target,Healthcare & Wellness,Healthcare & Clinics,http://www.rayhanhealth.com
Sharjah International Marine Sports Club,P1 · Core target,Healthcare & Wellness,Fitness & Sports,http://www.sharjahmarine.ae
Sunny Wellness,P1 · Core target,Healthcare & Wellness,"Physio, Rehab & Wellness",http://www.sunnywellness.ae
PROGETTOFISIO LLC,P1 · Core target,Healthcare & Wellness,Healthcare & Clinics,http://www.lucatapparo.com
Sultan Group Healthcare,P1 · Core target,Healthcare & Wellness,Healthcare & Clinics,http://www.sghealthcare.ae
YASMED Health Group,P1 · Core target,Healthcare & Wellness,Healthcare & Clinics,http://www.yasmedgroup.com
YASMED l Al Saha Al Shifa Hospital,P1 · Core target,Healthcare & Wellness,Healthcare & Clinics,http://www.sahaalshifa.com
عيادة الميزان الطبية meezan medical clinic,P1 · Core target,Healthcare & Wellness,Healthcare & Clinics,http://www.balancecure.org
Diamond Claw Veterinary Clinic,P1 · Core target,Healthcare & Wellness,Healthcare & Clinics,http://www.diamondclaw.ae
Polished Spa,P1 · Core target,Healthcare & Wellness,"Beauty, Spa & Wellness",http://www.polishedspa.ae
Ross Beauty Salon,P1 · Core target,Healthcare & Wellness,"Beauty, Spa & Wellness",http://www.salonhross.com
Sharjah Sports Club,P1 · Core target,Healthcare & Wellness,Fitness & Sports,http://www.sharjahclub.ae
The Mask Spa Center,P1 · Core target,Healthcare & Wellness,"Beauty, Spa & Wellness",http://www.themaskspa.com
ZAK Smart Medical Services,P1 · Core target,Healthcare & Wellness,Healthcare & Clinics,http://www.ngavoboce.shop
AlGhad Pharma Group,P1 · Core target,Healthcare & Wellness,Veterinary,http://www.alghad-pg.com
Beauty Cart,P1 · Core target,Healthcare & Wellness,"Beauty, Spa & Wellness",http://www.beautycart.ae
MedArk CRO,P1 · Core target,Healthcare & Wellness,Healthcare & Clinics,http://www.medarkcro.com
Qudrah Fitness,P1 · Core target,Healthcare & Wellness,Fitness & Sports,http://www.qudrahfit.com
Revive Spa,P1 · Core target,Healthcare & Wellness,"Beauty, Spa & Wellness",http://www.revivespa.com
aiHealth Medical Center,P1 · Core target,Healthcare & Wellness,Healthcare & Clinics,http://www.aihealthmc.ae
Reayat Al Jamal Medical Center,P1 · Core target,Healthcare & Wellness,Healthcare & Clinics,http://www.raljamal.com
Sole Oasis Spa,P1 · Core target,Healthcare & Wellness,"Beauty, Spa & Wellness",http://www.soleoasis.co
Tulip Medical Center,P1 · Core target,Healthcare & Wellness,Healthcare & Clinics,http://www.tulip-mc.com
Younan Beauty Centre,P1 · Core target,Healthcare & Wellness,"Beauty, Spa & Wellness",http://www.younanbc.com
Euro Medical Care Group,P1 · Core target,Healthcare & Wellness,Healthcare & Clinics,http://www.emcg-du.com
NSJ Health & Beauty,P1 · Core target,Healthcare & Wellness,"Beauty, Spa & Wellness",http://www.alnaseej.ae
ZO&MO Opticals,P1 · Core target,Healthcare & Wellness,Healthcare & Clinics,http://www.zoandmo.com
Dr Gulf,P1 · Core target,Healthcare & Wellness,Healthcare & Clinics,http://www.drgulf.net
Eco Healthcare Company,P1 · Core target,Healthcare & Wellness,Healthcare & Clinics,http://www.ecohcc.com
Saba Medical Center,P1 · Core target,Healthcare & Wellness,Healthcare & Clinics,https://drsabamed.com
Vet Link,P1 · Core target,Healthcare & Wellness,Veterinary,http://www.vetlink.me
WE PADEL,P1 · Core target,Healthcare & Wellness,Fitness & Sports,http://www.wepadel.ae
XFit Gym UAE,P1 · Core target,Healthcare & Wellness,Fitness & Sports,http://www.xfitgym.ae
Sharjah International Holistic Health Centre,P1 · Core target,Healthcare & Wellness,Aesthetic & Cosmetic,http://www.hhuae.com
Z'NEEM HEALTHCARE,P1 · Core target,Healthcare & Wellness,Healthcare & Clinics,http://www.zneem.com
Fahes Medical Examination Center L.L.C. SP,P1 · Core target,Healthcare & Wellness,Healthcare & Clinics,http://www.fahes.ae
SSBZHospital,P1 · Core target,Healthcare & Wellness,Healthcare & Clinics,http://www.ssbzh.ae
waqa medical center,P1 · Core target,Healthcare & Wellness,Healthcare & Clinics,http://www.waqaa.ae
Meridian Healthcare MEA,P1 · Core target,Healthcare & Wellness,Healthcare & Clinics,http://www.mhc.ai
Sharjah Equine Hospital,P1 · Core target,Healthcare & Wellness,Healthcare & Clinics,http://www.seh.ae
Anat Salon & Spa,P1 · Core target,Healthcare & Wellness,"Beauty, Spa & Wellness",
Coya Spa,P1 · Core target,Healthcare & Wellness,"Beauty, Spa & Wellness",
GOLDEN POWERHOUSE GYM,P1 · Core target,Healthcare & Wellness,Fitness & Sports,
Mulk Physiotherapy and Home Health Care Center,P1 · Core target,Healthcare & Wellness,Healthcare & Clinics,
Pixie Beauty Salon,P1 · Core target,Healthcare & Wellness,"Beauty, Spa & Wellness",
Prime Medical Center Al Tayy,P1 · Core target,Healthcare & Wellness,Healthcare & Clinics,
Rouge & Liner Beauty Salon,P1 · Core target,Healthcare & Wellness,"Beauty, Spa & Wellness",
SALLY Dental & Dermatology Center,P1 · Core target,Healthcare & Wellness,Aesthetic & Cosmetic,
Sharjah Women's Sports Club,P1 · Core target,Healthcare & Wellness,Fitness & Sports,
Shifa Al Jazeera Medical Centre Sharjah,P1 · Core target,Healthcare & Wellness,Healthcare & Clinics,
Specialist in HealthCare & Rehabilitation,P1 · Core target,Healthcare & Wellness,Healthcare & Clinics,
THE PET DOCTOR,P1 · Core target,Healthcare & Wellness,Veterinary,
Victoria Dental Center,P1 · Core target,Healthcare & Wellness,Dental,
Zulekha Hospital Sharjah,P1 · Core target,Healthcare & Wellness,Healthcare & Clinics,
genova medical center,P1 · Core target,Healthcare & Wellness,Healthcare & Clinics,
Tree of prosperity International LLC,P2 · High,Industrial & Manufacturing,Manufacturing & Industrial,http://www.treeofprosperityinternational.com
Dream House Building Materials Trading L.L.C,P2 · High,Construction & Engineering,Construction & Contracting,http://www.dreamhousebuildingmaterials.com
Harmonic Solutions Oil & Gas,P2 · High,Industrial & Manufacturing,Energy & Utilities,http://www.harmonicsolutions-oilandgas.com
INDUSTRIAL INNOVATION GROUP,P2 · High,Industrial & Manufacturing,Manufacturing & Industrial,http://www.industrialinnovationgroup.com
MS Group Textiles,P2 · High,Industrial & Manufacturing,Manufacturing & Industrial,http://www.msgroup-secondhandclothes.com
HPI Industries LLC,P2 · High,Industrial & Manufacturing,Manufacturing & Industrial,http://www.albaitalhadiportacabins.com
YASMEEN ALSHAM FOODSTUFF TRADING CO. L.L.C,P2 · High,Logistics & Trade,Trading & Distribution,http://www.yasameenalshamfoodstuff.com
Bright Aluminium Factory LLC,P2 · High,Industrial & Manufacturing,Manufacturing & Industrial,http://www.brightaluminiumfactory.com
Godrej Storage Solutions (Middle East & North Africa),P2 · High,Industrial & Manufacturing,Manufacturing & Industrial,http://www.godrejstoragesolutions.com
Multipack,P2 · High,Industrial & Manufacturing,Manufacturing & Industrial,http://www.multipackinternational.com
BAIT AL AMANAH MARINE CARGO SERVICES,P2 · High,Logistics & Trade,Logistics & Transport,http://www.alamanahcargoservices.com
BCC Group International,P2 · High,Construction & Engineering,Construction & Contracting,http://www.bccgroupinternational.com
California Scaffolding & Formwork Factory,P2 · High,Industrial & Manufacturing,Manufacturing & Industrial,http://www.californiascaffolding.net
Deena Furniture Factory,P2 · High,Industrial & Manufacturing,Manufacturing & Industrial,http://www.deenafurniturefactory.com
GTC Group,P2 · High,Industrial & Manufacturing,Manufacturing & Industrial,http://www.gtcgroupinternational.com
MFC Container Solutions,P2 · High,Logistics & Trade,Logistics & Transport,http://www.mfccontainersolutions.com
SCAN Electromechanical Cont. Co. LLC,P2 · High,Construction & Engineering,Construction & Contracting,http://www.scanelectromechanical.com
SYNERGY BLENDS AND TRADE LLC,P2 · High,Industrial & Manufacturing,Manufacturing & Industrial,http://www.synergyblendsandtrade.com
Silver Corner Packaging and Printing,P2 · High,Industrial & Manufacturing,Manufacturing & Industrial,http://www.silvercornerpackaging.com
aerospace enterprises,P2 · High,Logistics & Trade,Logistics & Transport,http://www.aerospace-enterprises.com
AL SHEHABI PRINTING PRESS,P2 · High,Industrial & Manufacturing,Manufacturing & Industrial,http://www.shehabiprintingpress.com
ARTICHOKE FILM FACTORY,P2 · High,Industrial & Manufacturing,Manufacturing & Industrial,http://www.artichokefilmfactory.com
Al Marwan Developments,P2 · High,Construction & Engineering,Construction & Contracting,http://www.almarwandevelopments.com
BEST ENGINEERING DUBAI,P2 · High,Industrial & Manufacturing,Manufacturing & Industrial,http://www.bestengineeringdubai.com
Braveheart Resources Ltd,P2 · High,Logistics & Trade,Logistics & Transport,http://www.braveheart-resources.com
Concord Ventures Group,P2 · High,Industrial & Manufacturing,Manufacturing & Industrial,http://www.concordventuresgroup.com
Engineering Approach,P2 · High,Construction & Engineering,Construction & Contracting,http://www.engineering-approach.com
Fast Printing Press LLC-SP,P2 · High,Industrial & Manufacturing,Manufacturing & Industrial,http://www.fastprintingpressllc.com
IFFCO ANIMAL NUTRITION,P2 · High,Industrial & Manufacturing,Manufacturing & Industrial,http://www.iffcoanimalnutrition.com
Japan Emirates Trading,P2 · High,Logistics & Trade,Trading & Distribution,http://www.japanemiratestrading.com
Lebanese International Kitchen Equipment L.L.C SP,P2 · High,Industrial & Manufacturing,Manufacturing & Industrial,http://www.lebaneseinternational.ae
MIDAS METAL INDUSTRIES,P2 · High,Industrial & Manufacturing,Manufacturing & Industrial,http://www.midasmetalindustries.com
Oil Gas Energy Magazine,P2 · High,Industrial & Manufacturing,Energy & Utilities,http://www.oilgasenergymagazine.com
Pioneer Marine,P2 · High,Industrial & Manufacturing,Manufacturing & Industrial,http://www.pioneermarineservice.com
STATIC DESIGN LIGHTING,P2 · High,Construction & Engineering,Construction & Contracting,http://www.staticdesignlighting.com
AL KHOWAHIR CHEMICALS,P2 · High,Industrial & Manufacturing,Manufacturing & Industrial,http://www.alkhowahirchemicals.com
Accurate Industries LLC,P2 · High,Industrial & Manufacturing,Manufacturing & Industrial,http://www.accurate-industries.com
Advanced Construction BLDG CONT L.L.C,P2 · High,Construction & Engineering,Construction & Contracting,http://www.advancedconstruction.ae
Al Bushra Printing Press LLC,P2 · High,Industrial & Manufacturing,Manufacturing & Industrial,http://www.albushraprintingllc.com
Al Farah Printing Press LLC,P2 · High,Industrial & Manufacturing,Manufacturing & Industrial,http://www.alfarahprintingpress.ae
Al Rawi Printing Press LLC,P2 · High,Industrial & Manufacturing,Manufacturing & Industrial,http://www.alrawiprintingpress.com
Al Saad Printing Press L.L.C.,P2 · High,Industrial & Manufacturing,Manufacturing & Industrial,http://www.alsaadprintingpress.com
Al Yasmeen Electrical & Switchgear Trading LLC,P2 · High,Industrial & Manufacturing,Manufacturing & Industrial,http://www.alyasmeenelectrical.com
Amzone International Limited,P2 · High,Industrial & Manufacturing,Manufacturing & Industrial,http://www.amzoneinternational.com
Crescent Enterprises,P2 · High,Logistics & Trade,Logistics & Transport,http://www.crescententerprises.com
Desert Pearl Ventures,P2 · High,Logistics & Trade,Trading & Distribution,http://www.desertpearlventures.com
Emirates Shipping LLC,P2 · High,Logistics & Trade,Logistics & Transport,http://www.emirateshipping-llc.com
FORM TECH SCAFFOLDING TR,P2 · High,Construction & Engineering,Construction & Contracting,http://www.formtechscaffolding.com
FORMTECH Engineering,P2 · High,Construction & Engineering,Construction & Contracting,http://www.formtechengineering.com
GLOBAL RESOURCES HEAVY EQUIPMENT NSPT EST.,P2 · High,Construction & Engineering,Construction & Contracting,http://www.globalresources-uae.com
Growth Technologies,P2 · High,Construction & Engineering,Construction & Contracting,http://www.growth-technologies.com
International Food Company LLC,P2 · High,Industrial & Manufacturing,Manufacturing & Industrial,http://www.usinternationalfood.com
Lifeboat Inspections,P2 · High,Logistics & Trade,Logistics & Transport,http://www.lifeboatinspections.com
Millennium Fashions Industries Ltd,P2 · High,Industrial & Manufacturing,Manufacturing & Industrial,http://www.millennium-fashions.com
Roof Metal Industries LLC,P2 · High,Industrial & Manufacturing,Manufacturing & Industrial,http://www.roofmetalindustries.com
SAFEWAY INTL MOVING AND SHIPPING LLC,P2 · High,Logistics & Trade,Logistics & Transport,http://www.safewayintlshipping.com
Safety Services Group,P2 · High,Industrial & Manufacturing,Manufacturing & Industrial,http://www.safetyservicesgroup.com
Tawakkal Contracting & Trading Co. L.L.C,P2 · High,Construction & Engineering,Construction & Contracting,http://www.tawakkalcontracting.com
Texas Equipment Trading,P2 · High,Logistics & Trade,Trading & Distribution,http://www.smartbatterycharger.net
al itejahat aluminum & glass cont,P2 · High,Industrial & Manufacturing,Manufacturing & Industrial,http://www.alitejahataluminium.com
AL KHAIL AL ARABI Industrial equipment trading,P2 · High,Industrial & Manufacturing,Manufacturing & Industrial,http://www.alkhailmachineries.com
Abdullah Metal Scraps Tr L.L.C,P2 · High,Industrial & Manufacturing,Manufacturing & Industrial,http://www.abdullahmetalscrap.com
Al Busayra Delivery Services,P2 · High,Logistics & Trade,Logistics & Transport,http://www.al-busayradelivery.com
Al Jazeerah Drilling L.L.C,P2 · High,Industrial & Manufacturing,Energy & Utilities,http://www.aljazeerahdrilling.com
Arabian Line Plastic,P2 · High,Industrial & Manufacturing,Manufacturing & Industrial,http://www.arabianlineplastic.com
Connect Switchgear Assembly LLC,P2 · High,Industrial & Manufacturing,Manufacturing & Industrial,http://www.connect-switchgear.com
Creative Concrete Concepts,P2 · High,Industrial & Manufacturing,Manufacturing & Industrial,http://www.creativeconcreteme.com
Facade Solutions LLC,P2 · High,Construction & Engineering,Construction & Contracting,http://www.facadesolutionsuae.com
"First Choice Marble & Granite Trd LLC Sharjah, UAE",P2 · High,Industrial & Manufacturing,Manufacturing & Industrial,http://www.firstchoicemarbles.com
Five Continents Group,P2 · High,Logistics & Trade,Trading & Distribution,http://www.fivecontinentsintl.com
GULF COATINGS SHOW,P2 · High,Industrial & Manufacturing,Manufacturing & Industrial,http://www.gulf-coatings-show.com
GWT - Gulf Water Treatment Co. Ltd.,P2 · High,Industrial & Manufacturing,Energy & Utilities,http://www.gulfwatertreatment.com
Global Enterprise Research,P2 · High,Industrial & Manufacturing,Manufacturing & Industrial,http://www.alglobalenterprise.com
Innovation Line,P2 · High,Logistics & Trade,Logistics & Transport,http://www.innovationlineintl.com
Munif Al Nahdi Group (Mize Dubai),P2 · High,Logistics & Trade,Trading & Distribution,http://www.toyotamunifalnahdi.com
Panacea Medizintech LLC,P2 · High,Industrial & Manufacturing,Manufacturing & Industrial,http://www.panaceamedizintech.com
Petromax Lubricants,P2 · High,Industrial & Manufacturing,Energy & Utilities,http://www.petromaxindustries.com
SUNSHINE STEEL WORKS LLC,P2 · High,Industrial & Manufacturing,Manufacturing & Industrial,http://www.sunshinesteelworks.com
Skylight Switchgear Ind. L.L.C.,P2 · High,Industrial & Manufacturing,Manufacturing & Industrial,http://www.skylightswitchgear.com
Smart Fabrications llc,P2 · High,Industrial & Manufacturing,Manufacturing & Industrial,http://www.smart-fabrications.com
Swiss PRO Foundations,P2 · High,Construction & Engineering,Construction & Contracting,http://www.swissprofoundations.ae
Tawazun Construction,P2 · High,Construction & Engineering,Construction & Contracting,http://www.tawazunconstruction.ae
Three brothers shipping & logistics llc.,P2 · High,Logistics & Trade,Logistics & Transport,http://www.threebrotherscargo.com
Tiger Electromechanical contracting LLC,P2 · High,Construction & Engineering,Construction & Contracting,http://www.tigercontractingco.com
Turbine Controls Services LLC UAE,P2 · High,Industrial & Manufacturing,Manufacturing & Industrial,http://www.turbineservicesllc.com
VesselTech Chillers and Automation LLC,P2 · High,Construction & Engineering,Construction & Contracting,http://www.vesseltechchillers.com
seven emirates glass mirrors factory,P2 · High,Industrial & Manufacturing,Manufacturing & Industrial,http://www.sevenemiratesglass.com
ARM Metal Recycling,P2 · High,Industrial & Manufacturing,Manufacturing & Industrial,http://www.armmetalrecycling.com
Al Arcus International Paints LLC,P2 · High,Industrial & Manufacturing,Manufacturing & Industrial,http://www.alarcusmiddleeast.com
Al Hamama Delivery Services,P2 · High,Logistics & Trade,Logistics & Transport,http://www.al-hamamadelivery.com
Al Hamra Shades Ind Co LLC,P2 · High,Construction & Engineering,Construction & Contracting,http://www.alhamraindustries.com
Al Hayat Elect. Switchgear Ind. LLC,P2 · High,Industrial & Manufacturing,Manufacturing & Industrial,http://www.alhayatswitchgear.com
Al Jalal Electrical Trading,P2 · High,Logistics & Trade,Trading & Distribution,http://www.aljalalelectrical.com
Al Marwan Construct,P2 · High,Construction & Engineering,Construction & Contracting,http://www.almarwanconstruct.com
Al Rafid Insulation Contracting LLC,P2 · High,Construction & Engineering,Construction & Contracting,http://www.alrafidinsulation.com
Al Zerwa Hydraulics,P2 · High,Industrial & Manufacturing,Manufacturing & Industrial,http://www.alzerwahydraulics.com
Arabian Containers Industires LLC,P2 · High,Industrial & Manufacturing,Manufacturing & Industrial,http://www.arabiancontainers.com
Bavaria Equipment Trading LLC,P2 · High,Logistics & Trade,Trading & Distribution,http://www.bavaria-equipment.com
Business Review,P2 · High,Industrial & Manufacturing,Manufacturing & Industrial,http://www.businessreviewmea.com
City Falcon Trading,P2 · High,Logistics & Trade,Trading & Distribution,http://www.cityfalcontrading.com
Credence Offshore Limited,P2 · High,Logistics & Trade,Logistics & Transport,http://www.credence-offshore.com
Crescent Petroleum,P2 · High,Industrial & Manufacturing,Energy & Utilities,http://www.crescentpetroleum.com
Electronics Coding,P2 · High,Industrial & Manufacturing,Manufacturing & Industrial,http://www.electronicscoding.com
Everest Industrial,P2 · High,Industrial & Manufacturing,Manufacturing & Industrial,http://www.everestindustrial.com
Finishes & Beyond,P2 · High,Construction & Engineering,Construction & Contracting,http://www.finishesandbeyond.com
Globe Constructors Ltd L.L.C.,P2 · High,Construction & Engineering,Construction & Contracting,http://www.globeconstructors.com
Gulf Manufacturing CO LLC,P2 · High,Industrial & Manufacturing,Manufacturing & Industrial,http://www.gulfmanufacturing.com
HI ENERGY,P2 · High,Industrial & Manufacturing,Energy & Utilities,http://www.hi-energyservices.com
Harmony Surfaces,P2 · High,Industrial & Manufacturing,Manufacturing & Industrial,http://www.harmonysurfaces.world
K I M HEAVY MACHINERY CO LLC,P2 · High,Industrial & Manufacturing,Manufacturing & Industrial,http://www.kimheavymachinery.com
MARTEX LINE Contracting LLC,P2 · High,Construction & Engineering,Construction & Contracting,http://www.matrixconstruction.ae
Mohamed Hilal Group,P2 · High,Industrial & Manufacturing,Manufacturing & Industrial,http://www.mohamedhilalgroup.com
Momentum Logistics,P2 · High,Logistics & Trade,Logistics & Transport,http://www.momentumlogistics.com
OSCAR BUILDING CONT. LLC,P2 · High,Construction & Engineering,Construction & Contracting,http://www.oscarbuildingcont.com
Quick Link Aviation,P2 · High,Logistics & Trade,Logistics & Transport,http://www.quicklinkaviation.com
Shades and Blinds LLC,P2 · High,Construction & Engineering,Construction & Contracting,http://www.shadesandblindsme.com
Speedline Shipping & Movers LLC,P2 · High,Logistics & Trade,Logistics & Transport,http://www.speedlineshipping.com
Starlight Aerotech International,P2 · High,Logistics & Trade,Logistics & Transport,http://www.starlightaerotech.com
THE MOVING MACHINES,P2 · High,Logistics & Trade,Trading & Distribution,http://www.themovingmachines.com
Takreer Envirotech,P2 · High,Industrial & Manufacturing,Manufacturing & Industrial,http://www.takreerenvirotech.com
The Collective International | Defense Contracting,P2 · High,Construction & Engineering,Construction & Contracting,http://www.thecollectiveintl.com
Tritek Power & Automation,P2 · High,Industrial & Manufacturing,Manufacturing & Industrial,http://www.tritek-automation.com
ADS GROUP,P2 · High,Industrial & Manufacturing,Manufacturing & Industrial,http://www.adscreativeideas.com
AL Kheera Steel Works,P2 · High,Industrial & Manufacturing,Manufacturing & Industrial,http://www.kheerasteelworks.com
AeroConnections,P2 · High,Industrial & Manufacturing,Manufacturing & Industrial,http://www.aero-connections.com
Al Jazeera Turning,P2 · High,Industrial & Manufacturing,Manufacturing & Industrial,http://www.aljazeeraturning.com
Al Jazeerah Marine,P2 · High,Industrial & Manufacturing,Manufacturing & Industrial,http://www.aljazeerahmarine.com
Al Khalil Aluminium & Glass (AKAG),P2 · High,Industrial & Manufacturing,Manufacturing & Industrial,http://www.khaleejaluminium.com
Al Qaryah Shipping,P2 · High,Logistics & Trade,Logistics & Transport,http://www.alqaryahshipping.com
Al Qubaa Equipment and Heavy Machinery Spare parts Trading,P2 · High,Industrial & Manufacturing,Manufacturing & Industrial,http://www.alqubaaequipment.com
Al Sahlawi Aluminum,P2 · High,Industrial & Manufacturing,Manufacturing & Industrial,http://www.sahlawialuminium.com
Al Yazhar Garments,P2 · High,Industrial & Manufacturing,Manufacturing & Industrial,http://www.alyazhargarments.com
Aries Group Of Companies,P2 · High,Industrial & Manufacturing,Manufacturing & Industrial,http://www.ariesgroupglobal.com
Aya Construction,P2 · High,Construction & Engineering,Construction & Contracting,http://www.ayaconstructions.com
BLR TRADING LLC,P2 · High,Logistics & Trade,Trading & Distribution,http://www.blrglobaltrading.com
BlackStorm Energy LLC,P2 · High,Industrial & Manufacturing,Energy & Utilities,http://www.blackstormenergy.com
Book Cheap Freight,P2 · High,Logistics & Trade,Logistics & Transport,http://www.bookcheapfreight.com
CONCRETE WORLD,P2 · High,Industrial & Manufacturing,Manufacturing & Industrial,http://www.concreteworlduae.com
Captain and Company-Middle East & Africa,P2 · High,Industrial & Manufacturing,Manufacturing & Industrial,http://www.captainandcompany.ae
Composite Maintenance Engineering,P2 · High,Industrial & Manufacturing,Energy & Utilities,http://www.cmerepairsystems.com
Cool Ways Trading,P2 · High,Logistics & Trade,Trading & Distribution,http://www.coolways-trading.com
DATA Transport,P2 · High,Logistics & Trade,Logistics & Transport,http://www.datatransportuae.com
Deep Ocean General Trading LLC,P2 · High,Logistics & Trade,Trading & Distribution,http://www.deepoceangeneral.com
Desert Star Metal Construction Factory,P2 · High,Industrial & Manufacturing,Manufacturing & Industrial,http://www.desertstarmetals.com
Dhahiah Al Seyouh Scaffolding Contracting LLC,P2 · High,Construction & Engineering,Construction & Contracting,http://www.dhahiahscaffolds.com
Falcon Oasis Aluminum & Glass Cont LLC,P2 · High,Industrial & Manufacturing,Manufacturing & Industrial,http://www.falconoasisglass.com
Four Stars Ceramic and Sanitary,P2 · High,Industrial & Manufacturing,Manufacturing & Industrial,http://www.fourstarsanitary.com
IMPACT,P2 · High,Construction & Engineering,Construction & Contracting,http://www.impactadvertising.ae
JQ Pharma,P2 · High,Industrial & Manufacturing,Manufacturing & Industrial,http://www.advancepharmatec.com
JSK Global Trading LLC,P2 · High,Logistics & Trade,Trading & Distribution,http://www.jskglobaltrading.com
MARWAN ELECTRICAL AND SANITARY WARE CO LLC,P2 · High,Industrial & Manufacturing,Manufacturing & Industrial,http://www.marwanelectrical.com
MEGA MERCHANDISING COMPANY LTD,P2 · High,Logistics & Trade,Trading & Distribution,http://www.megamerchandising.ae
Mapco Fertilizer Industries,P2 · High,Industrial & Manufacturing,Manufacturing & Industrial,http://www.mapcofertilizers.com
Matlaa Al Fajr Concrete Works LLC,P2 · High,Industrial & Manufacturing,Manufacturing & Industrial,http://www.fajrconcreteworks.ae
Metra Decoration and Building Construction,P2 · High,Construction & Engineering,Construction & Contracting,http://www.metra-decoration.com
Modern Seal Group (MSG) Since 2007,P2 · High,Construction & Engineering,Construction & Contracting,http://www.modernsealgroups.com
Najmat Al Buhairah Graphics,P2 · High,Industrial & Manufacturing,Manufacturing & Industrial,http://www.buhairahgraphics.com
National Plastic,P2 · High,Industrial & Manufacturing,Manufacturing & Industrial,http://www.national-plastic.com
North Star LLC.,P2 · High,Construction & Engineering,Construction & Contracting,http://www.northstaratlanta.com
Paper Sacks Factory,P2 · High,Industrial & Manufacturing,Manufacturing & Industrial,http://www.papersacksfactory.ae
Polypack Plastics | Packing Materials & Supplies,P2 · High,Industrial & Manufacturing,Manufacturing & Industrial,http://www.polypackplastics.com
Prime Tech Trading LLC,P2 · High,Logistics & Trade,Trading & Distribution,http://www.primetechtrading.com
ROCKDOVE,P2 · High,Logistics & Trade,Trading & Distribution,http://www.rockdoveaviation.com
Saffron Chemicals & Lab Supplies,P2 · High,Industrial & Manufacturing,Manufacturing & Industrial,http://www.saffronchemicals.com
Sarco Building Contracting LLC,P2 · High,Construction & Engineering,Construction & Contracting,http://www.sarcocontracting.com
Sea Store Marine Supplies,P2 · High,Logistics & Trade,Trading & Distribution,http://www.seastoresupplies.com
Talan Group | Middle East,P2 · High,Industrial & Manufacturing,Manufacturing & Industrial,http://www.talansafetyshoes.com
Technopower Group,P2 · High,Industrial & Manufacturing,Manufacturing & Industrial,http://www.technopowergroup.com
The Spirit of Dubai,P2 · High,Industrial & Manufacturing,Manufacturing & Industrial,http://www.thespiritofdubai.com
Windsor Foodstuff Factory,P2 · High,Industrial & Manufacturing,Manufacturing & Industrial,http://www.windsorfoodstuff.com
AL BUSTAN FARMS CO LLC,P2 · High,Industrial & Manufacturing,Manufacturing & Industrial,http://www.albustanpoultry.com
AL MAJLIS TENT,P2 · High,Construction & Engineering,Construction & Contracting,"http://www.www,almajlistent.ae"
AL MAYAR ELECTRIC,P2 · High,Construction & Engineering,Construction & Contracting,http://www.almayarelectric.com
AL Rashideen Eng Turning,P2 · High,Industrial & Manufacturing,Manufacturing & Industrial,http://www.alrashideenengg.com
ALTAAWON POLYESTER & PRODUCTS FACTORY,P2 · High,Industrial & Manufacturing,Manufacturing & Industrial,http://www.altaawonfactory.com
ALWAN AL BALOOR AUTO GLASS,P2 · High,Industrial & Manufacturing,Manufacturing & Industrial,http://www.baloorautoglass.com
ANC Logistics,P2 · High,Logistics & Trade,Logistics & Transport,http://www.anclogistics.com.cn
ARABIAN TENTS,P2 · High,Industrial & Manufacturing,Manufacturing & Industrial,http://www.arabiantentsuae.com
ASAT Electricals,P2 · High,Logistics & Trade,Trading & Distribution,http://www.asatelectricals.com
"ATLAS Marble & Granite Tr., Sharjah - UAE",P2 · High,Industrial & Manufacturing,Manufacturing & Industrial,http://www.theatlasmarbles.com
Al Ameer Uniforms,P2 · High,Industrial & Manufacturing,Manufacturing & Industrial,http://www.alameeruniforms.com
Al Anbar Furniture Industries LLC,P2 · High,Industrial & Manufacturing,Manufacturing & Industrial,http://www.anbarfurnitures.com
Al Arz Electrical Ware Tr,P2 · High,Logistics & Trade,Trading & Distribution,http://www.alarzelectrical.com
Al Bahar Marine Services,P2 · High,Logistics & Trade,Logistics & Transport,http://www.albaharshipping.com
Al Bakri Aluminium and Glass Cont.,P2 · High,Industrial & Manufacturing,Manufacturing & Industrial,http://www.albakrigroupuae.com
Al Diwan Electrical Switchgear L.L.C,P2 · High,Industrial & Manufacturing,Manufacturing & Industrial,http://www.diwanswitchgear.com
Al Halabi Factory,P2 · High,Industrial & Manufacturing,Manufacturing & Industrial,http://www.alhalabifactory.com
Al Intishar Insulation Mat. Works Est.,P2 · High,Construction & Engineering,Construction & Contracting,http://www.insulationdubai.com
Al Jory Kitchens & Closet,P2 · High,Industrial & Manufacturing,Manufacturing & Industrial,http://www.venice-kitchens.com
Al Madani Marble and Granite TR,P2 · High,Industrial & Manufacturing,Manufacturing & Industrial,http://www.almadanimarbles.com
Al Muqadimah Trading LLC,P2 · High,Industrial & Manufacturing,Manufacturing & Industrial,http://www.mattress-fabric.com
Al Qesmah Packaging Mat. Ind. LLC,P2 · High,Industrial & Manufacturing,Manufacturing & Industrial,http://www.qesmahpackaging.com
Al Sadek Industrial & Trading Company LLC,P2 · High,Industrial & Manufacturing,Manufacturing & Industrial,http://www.alsadekplastics.com
Al Salam Metallic Construction Ind. LLC,P2 · High,Construction & Engineering,Construction & Contracting,http://www.alsalammetallic.com
Al Shabib Trading,P2 · High,Logistics & Trade,Trading & Distribution,http://www.alshabibtrading.com
Al Taqwa Electric Ware Trading,P2 · High,Logistics & Trade,Trading & Distribution,http://www.altaqwaelectric.com
Al Wadi Aluminium W.Shop L.L.C.,P2 · High,Industrial & Manufacturing,Manufacturing & Industrial,http://www.alwadialuminium.com
AlBuhaira Marine Services LLC,P2 · High,Logistics & Trade,Logistics & Transport,http://www.albuhairamarine.com
Alam Dar Hardware Trading LLC,P2 · High,Logistics & Trade,Trading & Distribution,http://www.alamdarhardware.com
Alaska Radiators,P2 · High,Industrial & Manufacturing,Manufacturing & Industrial,http://www.alaskaradiators.com
Alnahrain Security & Safety,P2 · High,Construction & Engineering,Construction & Contracting,http://www.alnahrainsafety.com
Alzaki Luxury Boxes,P2 · High,Industrial & Manufacturing,Manufacturing & Industrial,http://www.alzakiluxurybox.com
Amwaj Wasit Decor CONT.,P2 · High,Construction & Engineering,Construction & Contracting,http://www.amwajwasitdecor.com
Aviation Guide,P2 · High,Logistics & Trade,Logistics & Transport,http://www.aviationguideem.com
BG Interior Arabia,P2 · High,Construction & Engineering,Construction & Contracting,http://www.bginteriorarabia.ae
BLACK STAR MARBLE & GRANITE TRADING L.L.C.,P2 · High,Industrial & Manufacturing,Manufacturing & Industrial,http://www.blackstarmarble.com
Barakat Industry,P2 · High,Industrial & Manufacturing,Manufacturing & Industrial,http://www.barakatindustry.com
Classic Metallic Sheets Factory LLC,P2 · High,Industrial & Manufacturing,Manufacturing & Industrial,http://www.classicmetallic.com
Clear Your Stocks | Dead Stock Buyers UAE | Surplus Inventory Experts,P2 · High,Industrial & Manufacturing,Manufacturing & Industrial,http://www.clearyourstocks.com
Continental Jet Services,P2 · High,Logistics & Trade,Logistics & Transport,http://www.continentaljet.aero
Eastman Group,P2 · High,Industrial & Manufacturing,Manufacturing & Industrial,http://www.eastmangroupuae.com
Elite Scientific,P2 · High,Industrial & Manufacturing,Manufacturing & Industrial,http://www.elitescientific.com
Emirates GM Decors,P2 · High,Industrial & Manufacturing,Manufacturing & Industrial,http://www.emiratesmarbles.com
Exalto Emirates,P2 · High,Industrial & Manufacturing,Manufacturing & Industrial,http://www.exalto-emirates.com
Fables Interiors,P2 · High,Construction & Engineering,Construction & Contracting,http://www.fablesinteriors.com
Fortune Emirates General Trading LLC,P2 · High,Logistics & Trade,Trading & Distribution,http://www.fortuneemirates.com
GRADE Refrigeration,P2 · High,Industrial & Manufacturing,Manufacturing & Industrial,http://www.grasso-adearest.com
General Mechanic Company,P2 · High,Construction & Engineering,Construction & Contracting,http://www.generalmechanic.com
GoldStone Marble & Granite,P2 · High,Industrial & Manufacturing,Manufacturing & Industrial,http://www.goldstonemarble.com
Golden Ribbon Chocolates,P2 · High,Industrial & Manufacturing,Manufacturing & Industrial,http://www.goldenribbonuae.com
Hadaieq Granada Company,P2 · High,Logistics & Trade,Trading & Distribution,http://www.hadaieq-granada.com
Industrial Supply,P2 · High,Industrial & Manufacturing,Manufacturing & Industrial,http://www.industrialsuply.com
Intermed Global,P2 · High,Industrial & Manufacturing,Manufacturing & Industrial,http://www.intermedglobals.com
Kitchen Warehouse Trading LLC,P2 · High,Logistics & Trade,Logistics & Transport,http://www.kitchenwarehouse.ae
Leaders Aluminium and Glass Industries LLC,P2 · High,Industrial & Manufacturing,Manufacturing & Industrial,http://www.leadersaluminium.ae
MARSES Robotics,P2 · High,Industrial & Manufacturing,Manufacturing & Industrial,http://www.marses-robotics.com
Majid Fiberglass,P2 · High,Industrial & Manufacturing,Manufacturing & Industrial,http://www.majidfiberglass.com
Meguiar's Middle East,P2 · High,Industrial & Manufacturing,Manufacturing & Industrial,http://www.meguiarsmideast.com
Miras Fragrances,P2 · High,Logistics & Trade,Trading & Distribution,http://www.mirasfragrances.com
Multi Trade Group,P2 · High,Industrial & Manufacturing,Manufacturing & Industrial,http://www.multitradegroup.com
Muraibit Trading LLC,P2 · High,Logistics & Trade,Trading & Distribution,http://www.muraibittrading.com
North America Used Cars and Spare Parts Tr LLC (UAE),P2 · High,Logistics & Trade,Trading & Distribution,http://www.northamericaauto.ae
OC Home Furniture,P2 · High,Industrial & Manufacturing,Manufacturing & Industrial,http://www.ochomefurniture.com
PETRAX Additives & Specialty Chemicals,P2 · High,Industrial & Manufacturing,Manufacturing & Industrial,http://www.petraxadditives.com
PRO AV,P2 · High,Industrial & Manufacturing,Manufacturing & Industrial,http://www.professionalneon.ae
Petrogulf Marine Lubricants,P2 · High,Industrial & Manufacturing,Energy & Utilities,http://www.petrogulfmarine.com
Recycle Emirates,P2 · High,Industrial & Manufacturing,Energy & Utilities,http://www.recycleemirates.com
Revive Middle East Paints & Metal Sheets Ind .L L C,P2 · High,Industrial & Manufacturing,Manufacturing & Industrial,http://www.middleeastinfra.com
Royalton Trading Est.,P2 · High,Logistics & Trade,Trading & Distribution,http://www.royaltontrading.com
SILVER STAR SCAFFOLDING CONT LLC,P2 · High,Construction & Engineering,Construction & Contracting,http://www.starscaffolding.com
START ELECTRICAL SWITCHGEAR LLC,P2 · High,Industrial & Manufacturing,Manufacturing & Industrial,http://www.startswitchgear.com
Sagar General Trading L.L.C,P2 · High,Logistics & Trade,Trading & Distribution,http://www.sagartradingllc.com
Sharjah Aviation Services,P2 · High,Logistics & Trade,Logistics & Transport,http://www.sharjahaviation.com
Skytech General Contracting,P2 · High,Construction & Engineering,Construction & Contracting,http://www.middleeastpipes.com
Sun Italia Marble & Granite,P2 · High,Industrial & Manufacturing,Manufacturing & Industrial,http://www.sunitaliamarble.com
Tameem Logistics & Warehousing,P2 · High,Logistics & Trade,Logistics & Transport,http://www.tameemlogistics.com
TransDelta International Industries L.L.C,P2 · High,Industrial & Manufacturing,Manufacturing & Industrial,http://www.deltacabletrays.com
UAE MEP ENGINEERS WHATSAPP COMMUNITY,P2 · High,Construction & Engineering,Construction & Contracting,http://www.uaemepengineers.com
Universal Scales,P2 · High,Industrial & Manufacturing,Manufacturing & Industrial,http://www.universalscales.com
Vision Technologies,P2 · High,Construction & Engineering,Construction & Contracting,http://www.visionsoftwares.com
Vittorio Parfum,P2 · High,Industrial & Manufacturing,Manufacturing & Industrial,http://www.vittorio-parfum.com
We Buy Dead Stocks,P2 · High,Logistics & Trade,Trading & Distribution,http://www.webuydeadstocks.com
ACT Automation,P2 · High,Industrial & Manufacturing,Manufacturing & Industrial,http://www.act-automation.com
AL BATOOL MEDICAL EQUIP.TR,P2 · High,Industrial & Manufacturing,Manufacturing & Industrial,http://www.batool-medical.com
AL BURAIMI GROUP OF CRANES,P2 · High,Construction & Engineering,Construction & Contracting,http://www.alburaimigroup.com
AMBER PACKAGING INDUSTRIES LLC,P2 · High,Industrial & Manufacturing,Manufacturing & Industrial,http://www.amberpackaging.com
Access Floors UAE,P2 · High,Construction & Engineering,Construction & Contracting,http://www.accessflooruae.com
Ahmed Al Mahmood Group,P2 · High,Logistics & Trade,Logistics & Transport,http://www.ahmedalmahmood.com
Air Cargo Update,P2 · High,Logistics & Trade,Logistics & Transport,http://www.aircargoupdate.com
Al Barakah Aluminium & Glass Tr,P2 · High,Industrial & Manufacturing,Manufacturing & Industrial,http://www.albarakahglass.com
Al Barazil Plaster Tiles and Paints Cont,P2 · High,Industrial & Manufacturing,Manufacturing & Industrial,http://www.albarazilepoxy.com
Al Borj International Oil Field Services Co LLC,P2 · High,Industrial & Manufacturing,Energy & Utilities,http://www.alborjgroupuae.com
Al Heloul Al Thakiah Doors & Windows LLC,P2 · High,Construction & Engineering,Construction & Contracting,http://www.gateandshutter.com
Al Maha Metal LLC,P2 · High,Industrial & Manufacturing,Manufacturing & Industrial,http://www.almahametaluae.com
Al Mufeed Printing Press LLC,P2 · High,Industrial & Manufacturing,Manufacturing & Industrial,http://www.mufeedprinting.com
Al Naas,P2 · High,Construction & Engineering,Construction & Contracting,http://www.alnaassportsae.com
Al Najah Packing Material Tr,P2 · High,Industrial & Manufacturing,Manufacturing & Industrial,http://www.alnajahpacking.com
Al Ramad Al Thahabi Interior Designing LLC,P2 · High,Construction & Engineering,Construction & Contracting,http://www.ramadinteriors.com
Al Safeena Steel,P2 · High,Industrial & Manufacturing,Manufacturing & Industrial,http://www.alsafeenasteel.com
Al Safwan Marine,P2 · High,Industrial & Manufacturing,Manufacturing & Industrial,http://www.alsafwanmarine.com
Al Sindbad Group,P2 · High,Construction & Engineering,Construction & Contracting,http://www.alsindbadgroup.com
Al Zafaran Oil and Marine Services ( Marine Supply),P2 · High,Logistics & Trade,Logistics & Transport,http://www.zafranoilfield.com
Albion Aviation Group,P2 · High,Logistics & Trade,Logistics & Transport,http://www.albionaviation.com
Alex Scientific Lab Devices Co LLC Sole Proprietorship,P2 · High,Industrial & Manufacturing,Manufacturing & Industrial,http://www.alexscientific.com
Alkhayam Catering & Kitchen Equipment Trading LLC,P2 · High,Logistics & Trade,Trading & Distribution,http://www.alkhayamkitchen.ae
Alshamsi Group,P2 · High,Industrial & Manufacturing,Manufacturing & Industrial,http://www.alshamsi-group.com
Arabian Profile Company Limited,P2 · High,Industrial & Manufacturing,Manufacturing & Industrial,http://www.arabianprofile.com
Avana Lubricants Manufacturer,P2 · High,Industrial & Manufacturing,Manufacturing & Industrial,http://www.avanalubricant.com
BLINX Underwear,P2 · High,Industrial & Manufacturing,Manufacturing & Industrial,http://www.blinxunderwear.com
Bait Al Jazeera Prefab House IND. LLC SP,P2 · High,Construction & Engineering,Construction & Contracting,http://www.bajprefabhouse.com
California Group of Companies,P2 · High,Construction & Engineering,Construction & Contracting,http://www.californiagroup.ae
Cochin Steel LLC,P2 · High,Industrial & Manufacturing,Manufacturing & Industrial,http://www.cochinsteeluae.com
Comfort Zone Air conditioning Trading,P2 · High,Industrial & Manufacturing,Manufacturing & Industrial,http://www.comfortzoneuae.com
Continental,P2 · High,Industrial & Manufacturing,Manufacturing & Industrial,http://www.continentalrst.com
CoolLine Cooling Experts,P2 · High,Industrial & Manufacturing,Manufacturing & Industrial,http://www.coolline-group.com
Cozmo Logistics,P2 · High,Logistics & Trade,Logistics & Transport,http://www.cozmologistics.com
ESPN Machinery,P2 · High,Industrial & Manufacturing,Manufacturing & Industrial,http://www.espn-machinery.com
EVEREST ELECTRICAL SWITCHGEAR INDUSTRY LLC.,P2 · High,Industrial & Manufacturing,Manufacturing & Industrial,http://www.everestsharjah.com
Elements Glass & Alum. Ind. L.L.C.,P2 · High,Industrial & Manufacturing,Manufacturing & Industrial,http://www.elements-metal.com
Euro Steel & Aluminium LLC,P2 · High,Industrial & Manufacturing,Manufacturing & Industrial,http://www.eurosteelworld.com
FIRST CLASS PACKAGING EQUIPMENT,P2 · High,Industrial & Manufacturing,Manufacturing & Industrial,http://www.fclassmachines.com
FOOD WORLD TRADE LLC,P2 · High,Logistics & Trade,Trading & Distribution,http://www.manukahoneyuae.com
Fakhri Brothers,P2 · High,Industrial & Manufacturing,Manufacturing & Industrial,http://www.fakhribrothers.com
Florence Marine Equipment LLC,P2 · High,Industrial & Manufacturing,Manufacturing & Industrial,http://www.florencemarine.com
Fortune Energy,P2 · High,Industrial & Manufacturing,Energy & Utilities,http://www.fortune-energy.com
Fuel Systems UAE,P2 · High,Industrial & Manufacturing,Energy & Utilities,http://www.fuelsystemsuae.com
GOLDEN SUN METAL SCRAP TR LLC,P2 · High,Industrial & Manufacturing,Manufacturing & Industrial,http://www.goldensunmetal.com
Geo Electrical Contracting Trading Company LLC,P2 · High,Construction & Engineering,Construction & Contracting,http://www.geogroupglobal.com
German Ice Cream Factory,P2 · High,Industrial & Manufacturing,Manufacturing & Industrial,http://www.drmuellers1969.com
Globus Overseas LLC,P2 · High,Logistics & Trade,Trading & Distribution,http://www.globusoverseas.com
Golden Drop Oil Based Lubricating Oils IND L.L.C,P2 · High,Industrial & Manufacturing,Energy & Utilities,http://www.goldendropoils.com
Golden Key Boxes & Packing IND LLC,P2 · High,Industrial & Manufacturing,Manufacturing & Industrial,http://www.goldenkeyboxes.com
Gulmar Offshore Middle East,P2 · High,Industrial & Manufacturing,Energy & Utilities,http://www.gulmaroffshore.com
Haji Commercial Company LLC,P2 · High,Industrial & Manufacturing,Manufacturing & Industrial,http://www.hajicommercial.com
Hawa Industrial,P2 · High,Industrial & Manufacturing,Manufacturing & Industrial,http://www.hawaindustrial.com
High Voltage Electrical Contracting LLC,P2 · High,Construction & Engineering,Construction & Contracting,http://www.highvoltageuae.com
Ideas Machinery,P2 · High,Industrial & Manufacturing,Manufacturing & Industrial,http://www.ideaspackaging.com
Iman Resources,P2 · High,Logistics & Trade,Trading & Distribution,http://www.iman-resources.com
Industrial Automation Equipment,P2 · High,Industrial & Manufacturing,Manufacturing & Industrial,http://www.industrialequip.ae
Ismail Al Khaja & Sons Group,P2 · High,Logistics & Trade,Trading & Distribution,http://www.alkhajaholding.com
Khansaheb Sykes LLC,P2 · High,Construction & Engineering,Construction & Contracting,http://www.khansahebsykes.com
Kito Enterprises General Trading LLC,P2 · High,Logistics & Trade,Trading & Distribution,http://www.kitoenterprises.ae
La Vida Factory,P2 · High,Industrial & Manufacturing,Manufacturing & Industrial,http://www.lavida-factory.com
Leo Engineering,P2 · High,Construction & Engineering,Construction & Contracting,http://www.leoengineering.org
MHI HOPE MIDDLE EAST Updates,P2 · High,Industrial & Manufacturing,Manufacturing & Industrial,http://www.mathewsholding.com
Marwan Shipping & Trading LLC,P2 · High,Logistics & Trade,Logistics & Transport,http://www.marwanshipping.com
Marya Electrics,P2 · High,Logistics & Trade,Trading & Distribution,http://www.maryaelectrics.com
Mazaya Office Equipment,P2 · High,Logistics & Trade,Trading & Distribution,http://www.mazayagrouporg.com
Messara Trading,P2 · High,Logistics & Trade,Trading & Distribution,http://www.messaratrading.com
Middle East Corner Scaffolding LLC,P2 · High,Construction & Engineering,Construction & Contracting,http://www.mecscaffolding.com
Monkey Cookies,P2 · High,Industrial & Manufacturing,Manufacturing & Industrial,http://www.monkey-cookies.com
NAPCO,P2 · High,Industrial & Manufacturing,Manufacturing & Industrial,http://www.napcoadhesives.com
Najmi Furniture,P2 · High,Industrial & Manufacturing,Manufacturing & Industrial,http://www.najmifurniture.com
Napoli kitchens,P2 · High,Construction & Engineering,Construction & Contracting,http://www.napolikitchens.com
National Paints,P2 · High,Industrial & Manufacturing,Manufacturing & Industrial,http://www.nationalpaints.com
Neptune Global,P2 · High,Industrial & Manufacturing,Manufacturing & Industrial,http://www.neptune-global.com
New Vision Metal Construction Industry L.L.C,P2 · High,Industrial & Manufacturing,Manufacturing & Industrial,http://www.newvisionmetal.com
Noorani Perfumes Factory,P2 · High,Industrial & Manufacturing,Manufacturing & Industrial,http://www.nooraniperfume.com
North Side Group,P2 · High,Industrial & Manufacturing,Energy & Utilities,http://www.northsidetools.com
POWERGAS,P2 · High,Industrial & Manufacturing,Manufacturing & Industrial,http://www.powergasglobal.com
Pacific Ocean Electrical Switchgear Industries LLC,P2 · High,Industrial & Manufacturing,Manufacturing & Industrial,http://www.pacificoceansg.com
Portacabin,P2 · High,Industrial & Manufacturing,Manufacturing & Industrial,http://www.portacabinsuae.com
RA SCRAP TRADING,P2 · High,Logistics & Trade,Trading & Distribution,http://www.rascraptrading.com
Rasheed Al Hallak Marble,P2 · High,Industrial & Manufacturing,Manufacturing & Industrial,http://www.rasheed-hallak.org
Royal Industries,P2 · High,Industrial & Manufacturing,Manufacturing & Industrial,http://www.royalindustries.ae
SCTC - Skill Creativity Technical Contracting,P2 · High,Construction & Engineering,Construction & Contracting,http://www.skillcreativity.ae
Saasz Solutions L.L.C.,P2 · High,Industrial & Manufacturing,Manufacturing & Industrial,http://www.saaszsolutions.com
Sabah Group,P2 · High,Industrial & Manufacturing,Manufacturing & Industrial,http://www.sabahradiators.com
Safari Aviation Services,P2 · High,Logistics & Trade,Logistics & Transport,http://www.safariaviation.com
Sahi Heavy Equipment Trading LLC,P2 · High,Construction & Engineering,Construction & Contracting,http://www.sahiheavyequip.com
Saida Aluminium,P2 · High,Industrial & Manufacturing,Manufacturing & Industrial,http://www.saidaaluminium.com
Seaspeed Marine Management LLC,P2 · High,Logistics & Trade,Logistics & Transport,http://www.seaspeedmarine.com
Sharjah Cement & Industrial Development Co,P2 · High,Industrial & Manufacturing,Manufacturing & Industrial,http://www.sharjahcements.com
Signmax International,P2 · High,Logistics & Trade,Trading & Distribution,http://www.signmaxtrading.com
TEAM Engineering Enterprises Ltd.,P2 · High,Construction & Engineering,Construction & Contracting,http://www.teamengineering.co
TRICE CHEMICALS INDUSTRIAL LLC,P2 · High,Industrial & Manufacturing,Manufacturing & Industrial,http://www.tricechemicals.com
Texol Lubritech,P2 · High,Industrial & Manufacturing,Manufacturing & Industrial,http://www.texollubritech.com
UBV Corporation,P2 · High,Industrial & Manufacturing,Manufacturing & Industrial,http://www.ubvcorporation.com
Unesia Interior Fit-Out & Joinery LLC,P2 · High,Industrial & Manufacturing,Manufacturing & Industrial,http://www.unesiainterior.com
United Brothers,P2 · High,Logistics & Trade,Trading & Distribution,http://www.united-brother.com
WADI DEGLA GROUP,P2 · High,Construction & Engineering,Construction & Contracting,http://www.wadideglagroup.com
We Sell Dead Lots,P2 · High,Logistics & Trade,Trading & Distribution,http://www.weselldeadlots.com
Zones Interiors,P2 · High,Construction & Engineering,Construction & Contracting,http://www.zonesinteriors.com
adtech belting,P2 · High,Logistics & Trade,Trading & Distribution,http://www.adtech-trading.com
pwtc_llc,P2 · High,Construction & Engineering,Construction & Contracting,http://www.perfectwaytech.com
sadaf gypsum CO,P2 · High,Industrial & Manufacturing,Manufacturing & Industrial,http://www.gypsumexporter.com
unique medical equipment trading LLC,P2 · High,Logistics & Trade,Trading & Distribution,http://www.uniquemedicals.com
what ever,P2 · High,Industrial & Manufacturing,Manufacturing & Industrial,http://www.naturecare-int.com
AGRICOOL GROUP,P2 · High,Industrial & Manufacturing,Manufacturing & Industrial,http://www.agricoolgroup.com
AL ADEL AUTOMATIC DOORS TR.LLC,P2 · High,Industrial & Manufacturing,Manufacturing & Industrial,http://www.adelautodoors.com
AL FEEL TRADING LLC,P2 · High,Logistics & Trade,Trading & Distribution,http://www.alfeeltrading.com
Al Afnan Steel Industrial Company LLC,P2 · High,Industrial & Manufacturing,Manufacturing & Industrial,http://www.alafnanmetals.com
Al Arabah Group,P2 · High,Industrial & Manufacturing,Manufacturing & Industrial,http://www.alarabahgroup.com
Al Asal Marbles,P2 · High,Industrial & Manufacturing,Manufacturing & Industrial,http://www.alasalmarbles.com
Al Bait Alassri Bullding Construction LLC,P2 · High,Construction & Engineering,Construction & Contracting,http://www.albaitalassri.com
Al Daleel Elect Switchgear Tr LLC,P2 · High,Industrial & Manufacturing,Manufacturing & Industrial,http://www.daleeltrading.com
Al Huda Graphics,P2 · High,Industrial & Manufacturing,Manufacturing & Industrial,http://www.alhudagraphics.ae
Al Mamzar Printing Press LLC,P2 · High,Industrial & Manufacturing,Manufacturing & Industrial,http://www.almamzarprint.com
Al Marwan Group,P2 · High,Construction & Engineering,Construction & Contracting,http://www.almarwangroup.com
Al Mehdar distilled water factory,P2 · High,Industrial & Manufacturing,Manufacturing & Industrial,http://www.superstar-oil.com
Al Mustaqbal Fiberglass Ind LLC,P2 · High,Industrial & Manufacturing,Manufacturing & Industrial,http://www.almfiberglass.com
Al Nashama Adv LLC,P2 · High,Industrial & Manufacturing,Manufacturing & Industrial,http://www.alnashamaadvt.com
Al Qaryah Group,P2 · High,Logistics & Trade,Logistics & Transport,http://www.alqaryahgroup.com
Al Safrik Steel,P2 · High,Industrial & Manufacturing,Manufacturing & Industrial,http://www.alsafriksteel.com
Al Sahel Marble And Granite Trading LLC,P2 · High,Industrial & Manufacturing,Manufacturing & Industrial,http://www.alsahelmarble.com
Al Wara Perfume Industry,P2 · High,Industrial & Manufacturing,Manufacturing & Industrial,http://www.alwarabottles.com
Al Yaqeen Carton Boxes Works LLC,P2 · High,Industrial & Manufacturing,Manufacturing & Industrial,http://www.alyaqeenprint.com
Al Zain General Trading,P2 · High,Logistics & Trade,Trading & Distribution,http://www.alzaintrading.com
Al Zubair Group,P2 · High,Logistics & Trade,Trading & Distribution,http://www.alzubairgroup.com
Albenaya Group,P2 · High,Construction & Engineering,Construction & Contracting,http://www.albenayagroup.com
Aljazeera International Building Contracting L.L.C,P2 · High,Construction & Engineering,Construction & Contracting,http://www.aljazeera-int.com
Aquiline International Corp Ltd.,P2 · High,Logistics & Trade,Logistics & Transport,http://www.aquiline-aero.com
Arrow Aviation Services,P2 · High,Logistics & Trade,Logistics & Transport,http://www.arrowaviation.com
Articolo Stone For Marble and Stone,P2 · High,Industrial & Manufacturing,Manufacturing & Industrial,http://www.articolostone.com
Atlantic Grease and Lubricants,P2 · High,Industrial & Manufacturing,Energy & Utilities,http://www.atlanticlubes.com
Aura Designs,P2 · High,Construction & Engineering,Construction & Contracting,http://www.auradesigners.com
Automatic Home Metal Const Ind. Co. L.L.C,P2 · High,Industrial & Manufacturing,Manufacturing & Industrial,http://www.automatichome.org
BLINK Lighting,P2 · High,Construction & Engineering,Construction & Contracting,http://www.blinklighting.net
BOSTON METALIC .CONST .IND .LLC,P2 · High,Industrial & Manufacturing,Manufacturing & Industrial,http://www.bostonmetalic.com
Babar Dawood Aluminium & Glass services,P2 · High,Industrial & Manufacturing,Manufacturing & Industrial,http://www.babaraluminum.com
Behind The Scene Décor Cont. L.L.C.,P2 · High,Industrial & Manufacturing,Manufacturing & Industrial,http://www.btsadvertising.ae
Belhasa Stones & Concrete Flooring,P2 · High,Industrial & Manufacturing,Manufacturing & Industrial,http://www.belhasastones.com
Bilad Al Yaqoot Bldg Cont L.L.C,P2 · High,Construction & Engineering,Construction & Contracting,http://www.baymiddleeast.com
Bony Packaging,P2 · High,Industrial & Manufacturing,Manufacturing & Industrial,http://www.bonypackaging.com
Bukhatir Group,P2 · High,Construction & Engineering,Construction & Contracting,http://www.bukhatirgroup.com
Bulwark,P2 · High,Industrial & Manufacturing,Manufacturing & Industrial,http://www.bulwarksystem.com
Buy Sell Spares,P2 · High,Logistics & Trade,Trading & Distribution,http://www.buysellspares.com
Canada Shipping LLC,P2 · High,Logistics & Trade,Logistics & Transport,http://www.canadashipping.ae
Clever Metal Industries LLC,P2 · High,Industrial & Manufacturing,Manufacturing & Industrial,http://www.clevertrading.org
Confident Shipping LLC,P2 · High,Logistics & Trade,Logistics & Transport,http://www.confidentship.com
Cosmix Medical,P2 · High,Logistics & Trade,Trading & Distribution,http://www.cosmixmedical.com
Delta Metallic Construction Factory L.L.C,P2 · High,Industrial & Manufacturing,Manufacturing & Industrial,http://www.deltametallic.com
Dibaj Al Khaleej,P2 · High,Construction & Engineering,Construction & Contracting,http://www.dibajinteriors.ae
Dr. Samiha Lutfi Plastic Surgeon,P2 · High,Industrial & Manufacturing,Manufacturing & Industrial,http://www.drsamihalutfi.com
Dubai Adhesive Material Factory,P2 · High,Industrial & Manufacturing,Manufacturing & Industrial,http://www.dubaiadhesive.com
Extra Sanitary Ware Contracting Company,P2 · High,Construction & Engineering,Construction & Contracting,http://www.extrasanitary.com
FIORENTINI UAE,P2 · High,Industrial & Manufacturing,Manufacturing & Industrial,http://www.fiorentiniuae.com
FTS CLEANROOMS,P2 · High,Construction & Engineering,Construction & Contracting,http://www.ftscleanrooms.com
Finest Flights,P2 · High,Logistics & Trade,Logistics & Transport,http://www.finestflights.com
Fu Chun TR LLC.,P2 · High,Logistics & Trade,Trading & Distribution,http://www.fuchuntrading.com
GREENHILLS SOLID SURFACE WORKS,P2 · High,Industrial & Manufacturing,Manufacturing & Industrial,http://www.greenhillsuae.com
GRP Industries,P2 · High,Industrial & Manufacturing,Manufacturing & Industrial,http://www.grpindustries.com
Geebee Garments,P2 · High,Industrial & Manufacturing,Manufacturing & Industrial,http://www.geebeegarments.ae
Geo Smart Civil,P2 · High,Construction & Engineering,Construction & Contracting,http://www.geosmartcivil.com
Glass Ornament Aluminium Factory,P2 · High,Industrial & Manufacturing,Manufacturing & Industrial,http://www.glassornament.net
Grand FreightX Shipping LLC,P2 · High,Logistics & Trade,Logistics & Transport,http://www.grandfreightx.com
Green Field Trading,P2 · High,Logistics & Trade,Trading & Distribution,http://www.greenfielduae.com
Gulf Cool Therm Factory LLC,P2 · High,Industrial & Manufacturing,Manufacturing & Industrial,http://www.gulfcooltherm.com
Gulf Fire Vision Fixing LLC,P2 · High,Industrial & Manufacturing,Manufacturing & Industrial,http://www.gulfirevision.com
Hayat Al Madina Delivery Services,P2 · High,Logistics & Trade,Logistics & Transport,http://www.hayatalmadina.net
INFINITE ACCESS EQUIPMENT RENTAL LLC,P2 · High,Construction & Engineering,Construction & Contracting,http://www.infiniteaccess.me
Inflight Trends & Innovations,P2 · High,Logistics & Trade,Logistics & Transport,http://www.inflighttrend.com
LUXURY METALS,P2 · High,Industrial & Manufacturing,Manufacturing & Industrial,http://www.luxury-metals.com
Laithofficiel,P2 · High,Industrial & Manufacturing,Manufacturing & Industrial,http://www.laithofficiel.com
M&Co. International Trading Company,P2 · High,Logistics & Trade,Trading & Distribution,http://www.minternational.uk
MARS USED COMPUTERS TR LLC,P2 · High,Logistics & Trade,Trading & Distribution,http://www.itexperttrade.com
MERSAL TRADING,P2 · High,Logistics & Trade,Trading & Distribution,http://www.mersaltrading.com
Maria Trading®,P2 · High,Logistics & Trade,Trading & Distribution,http://www.maria-trading.com
"Medad Printing & Packaging L.L.C, Sharjah , UAE.",P2 · High,Industrial & Manufacturing,Manufacturing & Industrial,http://www.medadprinting.com
Mister Shade ME,P2 · High,Construction & Engineering,Construction & Contracting,http://www.mistershademe.com
Moribus Pharma,P2 · High,Industrial & Manufacturing,Manufacturing & Industrial,http://www.moribuspharma.com
Murex General Trading,P2 · High,Logistics & Trade,Trading & Distribution,http://www.murex-trading.com
NAF Grease & Lubricants Mfg LLC,P2 · High,Industrial & Manufacturing,Energy & Utilities,http://www.naflubricants.com
NAJMAT AL SHARQ Building Contracting,P2 · High,Construction & Engineering,Construction & Contracting,http://www.najmatalsharq.com
NuTec Overseas,P2 · High,Logistics & Trade,Trading & Distribution,http://www.nutecoverseas.com
Oman Technical Contracting L.L.C,P2 · High,Construction & Engineering,Construction & Contracting,http://www.omantechnical.com
Oxford Elevators Company - UAE,P2 · High,Construction & Engineering,Construction & Contracting,http://www.oxfordelevator.ae
PITBULL MIDDLE EAST SAFETY PRODUCTS,P2 · High,Industrial & Manufacturing,Manufacturing & Industrial,http://www.pitbullsafety.com
Premium Carpets and Rugs LLC,P2 · High,Industrial & Manufacturing,Manufacturing & Industrial,http://www.carpetsandrugs.ae
Pyramid Sun Adv. Gifts L.L.C.,P2 · High,Industrial & Manufacturing,Manufacturing & Industrial,http://www.pyramidsunadv.com
Quick Electric Industrial,P2 · High,Industrial & Manufacturing,Manufacturing & Industrial,http://www.quick-electric.co
Rawasy Plastics,P2 · High,Industrial & Manufacturing,Manufacturing & Industrial,http://www.rawasyplastic.com
Resistance Electrical Contracting L.L.C,P2 · High,Construction & Engineering,Construction & Contracting,http://www.resistancecon.com
RoyalSteel Fabrication,P2 · High,Industrial & Manufacturing,Manufacturing & Industrial,http://www.royalsteelfab.com
SADAF AL KHALEEJ,P2 · High,Industrial & Manufacturing,Manufacturing & Industrial,http://www.sadafalkhaleej.ae
Sajid Mahmoud AC & Ref. Rep.,P2 · High,Construction & Engineering,Construction & Contracting,http://www.sajidacrepair.com
Saphire Marbles and Bldg Mat LLC,P2 · High,Industrial & Manufacturing,Manufacturing & Industrial,http://www.saphiremarble.com
Sharafco,P2 · High,Industrial & Manufacturing,Manufacturing & Industrial,http://www.sharafcogroup.com
Sharjah Airport,P2 · High,Logistics & Trade,Logistics & Transport,http://www.sharjahairport.ae
Sharjah Carbon Factory,P2 · High,Industrial & Manufacturing,Manufacturing & Industrial,http://www.sharjahcarbon.com
Silver Star Printing Materials Trading LLC,P2 · High,Logistics & Trade,Trading & Distribution,http://www.silverstaruae.com
Skynet Airways,P2 · High,Logistics & Trade,Logistics & Transport,http://www.skynetairways.com
Spark MEP Cont. LLC,P2 · High,Construction & Engineering,Construction & Contracting,http://www.sparkgroupuae.com
Steel Craft Ref & Kitchen Equip L.L.C,P2 · High,Industrial & Manufacturing,Manufacturing & Industrial,http://www.steelcraftuae.com
Swiss One Group,P2 · High,Logistics & Trade,Logistics & Transport,http://www.swissonegroup.com
TIGER OFFSHORE,P2 · High,Industrial & Manufacturing,Manufacturing & Industrial,http://www.tigeroffshore.com
Tanas Hino Parts & Accessories | Worldwide Shipping,P2 · High,Logistics & Trade,Logistics & Transport,http://www.tanautospares.com
The Hub Trading - UAE,P2 · High,Logistics & Trade,Trading & Distribution,http://www.thehubtrading.com
Tiger Profiles & Insulation,P2 · High,Industrial & Manufacturing,Manufacturing & Industrial,http://www.tigerprofiles.com
UAE Daily Scrap Rates,P2 · High,Logistics & Trade,Trading & Distribution,http://www.scrapbuyeruae.com
UAE Switchgear | Power Behind the Nation,P2 · High,Industrial & Manufacturing,Manufacturing & Industrial,http://www.uaeswitchgear.com
Uniform Arabia,P2 · High,Industrial & Manufacturing,Manufacturing & Industrial,http://www.uniformarabia.com
Union Plastic Industries,P2 · High,Industrial & Manufacturing,Manufacturing & Industrial,http://www.unionplastics.net
United Group Limited,P2 · High,Logistics & Trade,Logistics & Transport,http://www.unitedgroupltd.ae
Uniway Trading and Uniforms Tailoring,P2 · High,Logistics & Trade,Trading & Distribution,http://www.uniwayuniform.com
Uruguay Trading Co LLC,P2 · High,Logistics & Trade,Trading & Distribution,http://www.uruguaysafety.com
VIGO Chemicals,P2 · High,Industrial & Manufacturing,Manufacturing & Industrial,http://www.vigochemicals.com
WAVE ENERGY LLC,P2 · High,Industrial & Manufacturing,Energy & Utilities,http://www.waveenergyuae.com
used furniture buyers,P2 · High,Industrial & Manufacturing,Manufacturing & Industrial,http://www.lizamoversuae.com
24 Royal Bloom,P2 · High,Industrial & Manufacturing,Manufacturing & Industrial,http://www.24royalbloom.com
AL DAR COMMERCIAL KITCHEN,P2 · High,Logistics & Trade,Trading & Distribution,http://www.aldarkitchen.com
AL DHABI STEEL LLC,P2 · High,Industrial & Manufacturing,Manufacturing & Industrial,http://www.aldhabisteel.com
AL DIPLOMACY METALLIC CONS. IND LLC,P2 · High,Industrial & Manufacturing,Manufacturing & Industrial,http://www.germanmedllc.com
AL KHODR DECOR & GEN. MAINT. CONT. LLC,P2 · High,Construction & Engineering,Construction & Contracting,http://www.alkhodrdecor.com
AL NAMARIQ GROUP,P2 · High,Construction & Engineering,Construction & Contracting,http://www.namariqgroup.com
AL UROOJ GEN TR LLC,P2 · High,Logistics & Trade,Trading & Distribution,http://www.aluroojgroup.com
ALBERT ABELA SHARJAH,P2 · High,Industrial & Manufacturing,Manufacturing & Industrial,http://www.abelasharjah.com
ALISRA GROUP,P2 · High,Construction & Engineering,Construction & Contracting,http://www.alisra-group.com
AR Trading Group LLC,P2 · High,Logistics & Trade,Trading & Distribution,http://www.ar-trd-group.com
ASTARTA Group,P2 · High,Industrial & Manufacturing,Manufacturing & Industrial,http://www.astartagroup.com
"AXIS MEDIA SERVICES LLC (Printing, Advertising, Distribution & Marketing)",P2 · High,Logistics & Trade,Trading & Distribution,http://www.axismediallc.com
Ace Group of Companies,P2 · High,Industrial & Manufacturing,Manufacturing & Industrial,http://www.aceautomaint.com
Acorus Pharma LLC,P2 · High,Logistics & Trade,Trading & Distribution,http://www.acoruspharma.com
Advanced Products of Sand LLC SP,P2 · High,Industrial & Manufacturing,Manufacturing & Industrial,http://www.silicaplusco.com
Ajeeb Foods,P2 · High,Industrial & Manufacturing,Manufacturing & Industrial,http://www.ajeeb-switch.com
Al Ameera Foodstuff Industries,P2 · High,Industrial & Manufacturing,Manufacturing & Industrial,http://www.alameerafood.com
Al Anqaa Roads Maintenance Cont.,P2 · High,Construction & Engineering,Construction & Contracting,http://www.alanqaaroads.com
Al Arz Ref & Kitchen Equip. TR. CO. LLC.,P2 · High,Industrial & Manufacturing,Manufacturing & Industrial,http://www.alarzkitchen.com
Al Awdah Kitchen Equip Tr.,P2 · High,Industrial & Manufacturing,Manufacturing & Industrial,http://www.alawdahgroup.com
Al Bait Al Raqi - Prefab Houses,P2 · High,Construction & Engineering,Construction & Contracting,http://www.albaitalraqi.com
Al Bayader Ref & Heaters Devices,P2 · High,Industrial & Manufacturing,Manufacturing & Industrial,http://www.albayader-me.com
Al Burhan Packing & Packaging,P2 · High,Industrial & Manufacturing,Manufacturing & Industrial,http://www.alburhanpack.com
Al Jazeera Bolts Industries LLC,P2 · High,Industrial & Manufacturing,Manufacturing & Industrial,http://www.jazeerabolts.com
Al Khaleel Building Materials Trading,P2 · High,Construction & Engineering,Construction & Contracting,http://www.alkhaleelbmt.com
Al Mawarid Electromechanic Contracting L.L.C.,P2 · High,Construction & Engineering,Construction & Contracting,http://www.almawaridmep.com
Al Mawarid General Contracting LLC,P2 · High,Construction & Engineering,Construction & Contracting,http://www.almawariduae.com
Al Mazen Group,P2 · High,Industrial & Manufacturing,Manufacturing & Industrial,http://www.almazengroup.com
Al Minhaj Computers,P2 · High,Industrial & Manufacturing,Manufacturing & Industrial,http://www.alminhajtech.com
Al Qandeel Electrical & Sanitary Contracting Company,P2 · High,Construction & Engineering,Construction & Contracting,http://www.alqandeelmep.com
Al Qemah Marble & Granite,P2 · High,Industrial & Manufacturing,Manufacturing & Industrial,http://www.alqemahmarble.ae
Al Rabih Steel Industries LLC,P2 · High,Industrial & Manufacturing,Manufacturing & Industrial,http://www.alrabihsteel.com
Al Ramiz Equipment,P2 · High,Logistics & Trade,Trading & Distribution,http://www.alramizequip.com
Al Rifaa Hardware Trading,P2 · High,Logistics & Trade,Trading & Distribution,http://www.rifaatrading.com
Al Rimh Al Dhabi - ARAD,P2 · High,Industrial & Manufacturing,Manufacturing & Industrial,http://www.aradgroupuae.com
Al Saja'a Industrial Oasis & Village (ASIO & ASIV),P2 · High,Industrial & Manufacturing,Manufacturing & Industrial,http://www.alsajaaoasis.com
Al Suraj Tyres Tr.,P2 · High,Industrial & Manufacturing,Manufacturing & Industrial,http://www.alsurajgroup.com
Alwan Ceramic,P2 · High,Industrial & Manufacturing,Manufacturing & Industrial,http://www.alwanceramic.com
Anwar Al Quds - AAQ,P2 · High,Logistics & Trade,Trading & Distribution,http://www.aaqmachinery.com
Arabian German Co. Ltd.,P2 · High,Industrial & Manufacturing,Manufacturing & Industrial,http://www.arabiangerman.ae
Austrian Aluminium & Glass Cont. Co. LLC,P2 · High,Industrial & Manufacturing,Manufacturing & Industrial,http://www.austrianalum.com
Avjet Routing - (Permanently Closed since 31 DEC 2022),P2 · High,Logistics & Trade,Logistics & Transport,http://www.avjetrouting.com
Azalea Pharma,P2 · High,Industrial & Manufacturing,Manufacturing & Industrial,http://www.azaleapharma.com
BMS Btech Switchgear,P2 · High,Industrial & Manufacturing,Manufacturing & Industrial,http://www.bmsbinghalib.com
Balanced Bites Meal Plans,P2 · High,Industrial & Manufacturing,Manufacturing & Industrial,http://www.balancedbites.ae
Binghalib Engineering,P2 · High,Industrial & Manufacturing,Manufacturing & Industrial,http://www.binghalibeng.com
Blend Polymer Industries,P2 · High,Industrial & Manufacturing,Manufacturing & Industrial,http://www.blendpolymer.com
CIMCO Trading Company,P2 · High,Logistics & Trade,Trading & Distribution,http://www.cimcotrading.com
COLOSSAL SHIP MANAGEMENT LLC SP,P2 · High,Logistics & Trade,Logistics & Transport,http://www.colossalship.com
COMPASS LINE SHIP MANAGEMENT LLC SP,P2 · High,Logistics & Trade,Logistics & Transport,http://www.compass-line.com
Care Wet Wipes,P2 · High,Industrial & Manufacturing,Manufacturing & Industrial,http://www.carewetwipes.com
Coremetal,P2 · High,Industrial & Manufacturing,Manufacturing & Industrial,http://www.coreindustry.net
DAR AL KHALEEJ STEEL FACTORY LLC,P2 · High,Industrial & Manufacturing,Manufacturing & Industrial,http://www.khaleejsteel.com
DELTA ELECTRIC UAE,P2 · High,Industrial & Manufacturing,Manufacturing & Industrial,http://www.deltaelectric.ws
Dar Al Falah General Trading LLC,P2 · High,Logistics & Trade,Trading & Distribution,http://www.daralfalah.co.ae
Deals Artwork LLC,P2 · High,Construction & Engineering,Construction & Contracting,http://www.dealsartwork.com
Delta Marble & Ceramic,P2 · High,Industrial & Manufacturing,Manufacturing & Industrial,http://www.deltaceramic.com
Dhofar Global,P2 · High,Logistics & Trade,Trading & Distribution,http://www.dhofarglobal.com
ELEGANT GENERATION,P2 · High,Logistics & Trade,Trading & Distribution,http://www.rightlaptops.com
EYEVEX SAFETY,P2 · High,Industrial & Manufacturing,Manufacturing & Industrial,http://www.eyevexsafety.com
East Meets West Aviation,P2 · High,Logistics & Trade,Logistics & Transport,http://www.emwaviation.aero
Emirates Stone Company LTD,P2 · High,Industrial & Manufacturing,Manufacturing & Industrial,http://www.emiratestone.com
Falcon Subsea,P2 · High,Industrial & Manufacturing,Manufacturing & Industrial,http://www.falconsubsea.com
Floralmarket,P2 · High,Logistics & Trade,Trading & Distribution,http://www.floralmarket.com
Fortune International Trading CO. LLC,P2 · High,Logistics & Trade,Trading & Distribution,http://www.fortune-intl.com
Fresh Cookies Corner,P2 · High,Industrial & Manufacturing,Manufacturing & Industrial,http://www.cookiecorner.com
GULF & OCEAN LUBRICANTS & OIL IND L.L.C,P2 · High,Industrial & Manufacturing,Energy & Utilities,http://www.gulfoceanoil.com
GULF SKY GROUP,P2 · High,Construction & Engineering,Construction & Contracting,http://www.gulfskygroup.com
General Trading Concept,P2 · High,Logistics & Trade,Trading & Distribution,http://www.conceptonline.me
Glaze Coating metallic & pearl effect paints,P2 · High,Industrial & Manufacturing,Manufacturing & Industrial,http://www.glazecoating.com
Golden Dream Prefab Houses Ind LLC,P2 · High,Industrial & Manufacturing,Manufacturing & Industrial,http://www.goldenprefab.com
Gulf East Paper And Plastic Industries LLC,P2 · High,Industrial & Manufacturing,Manufacturing & Industrial,http://www.gulfeastpack.com
Heaven Scents,P2 · High,Industrial & Manufacturing,Manufacturing & Industrial,http://www.heavenscents.net
Horizon Elect Devices LLC,P2 · High,Logistics & Trade,Trading & Distribution,http://www.horizonelect.com
IDEAL PACK,P2 · High,Logistics & Trade,Trading & Distribution,http://www.idealpackuae.com
ILHAM GROUP INT.,P2 · High,Logistics & Trade,Trading & Distribution,http://www.ilhamgroupint.ae
ITALIAN LIGHT LLC,P2 · High,Industrial & Manufacturing,Manufacturing & Industrial,http://www.italianlights.co
ITK Global,P2 · High,Logistics & Trade,Trading & Distribution,http://www.mhdglobalinc.com
Identiscents,P2 · High,Industrial & Manufacturing,Manufacturing & Industrial,http://www.identiscents.com
Interna Co.,P2 · High,Industrial & Manufacturing,Manufacturing & Industrial,http://www.internagroup.com
Investor - Auto build Contracting group (IBC - ABC),P2 · High,Construction & Engineering,Construction & Contracting,http://www.investor-uae.com
LEADER MARBLE AND GRANITE TRADING,P2 · High,Industrial & Manufacturing,Manufacturing & Industrial,http://www.leadermarble.com
LEBANON CARGO,P2 · High,Logistics & Trade,Logistics & Transport,http://www.lebanoncargo.com
Lambda Marine,P2 · High,Logistics & Trade,Logistics & Transport,http://www.lambdamarine.com
MEP Middle East,P2 · High,Construction & Engineering,Construction & Contracting,http://www.mepmiddleeast.ae
Madrid Marble,P2 · High,Industrial & Manufacturing,Manufacturing & Industrial,http://www.madridmarble.com
Masterful LLC,P2 · High,Industrial & Manufacturing,Manufacturing & Industrial,http://www.masterfulllc.com
Metaal Europe International,P2 · High,Logistics & Trade,Trading & Distribution,http://www.metaaleurope.com
Midas Apparels,P2 · High,Industrial & Manufacturing,Manufacturing & Industrial,http://www.midasapparel.com
Middle East Switchgear Ind. Ltd.,P2 · High,Industrial & Manufacturing,Manufacturing & Industrial,http://www.meswitchgear.com
Mina Al Khaleej Electronics TR LLC,P2 · High,Logistics & Trade,Trading & Distribution,http://www.minaalkhaleej.ae
Najoom Al Thuraya,P2 · High,Industrial & Manufacturing,Manufacturing & Industrial,http://www.althurayauae.com
Nazo Ceramics,P2 · High,Industrial & Manufacturing,Manufacturing & Industrial,http://www.nazoceramics.com
Noor Al Qusais Glass And Aluminium cont,P2 · High,Industrial & Manufacturing,Manufacturing & Industrial,http://www.nooralqusais.com
OCEAN STONE,P2 · High,Industrial & Manufacturing,Manufacturing & Industrial,http://www.oceanstoneae.com
Phoenix Dison Tec LLC,P2 · High,Industrial & Manufacturing,Manufacturing & Industrial,http://www.phoenix-pack.com
Prestige Engineering L.L.C,P2 · High,Industrial & Manufacturing,Manufacturing & Industrial,http://www.prestigeengg.com
Qasioon Group,P2 · High,Industrial & Manufacturing,Manufacturing & Industrial,http://www.qasioongroup.com
Queen Filter Trading LLC (Queen Group),P2 · High,Logistics & Trade,Trading & Distribution,http://www.queenfilters.com
RAVIANS MEDICAL EQUIPMENT TRADING,P2 · High,Logistics & Trade,Trading & Distribution,http://www.raviansgroup.com
SAN Plastic Waste Recycling,P2 · High,Industrial & Manufacturing,Manufacturing & Industrial,http://www.sehralnojoom.com
SAS Kitchens,P2 · High,Industrial & Manufacturing,Manufacturing & Industrial,http://www.sas-kitchens.com
SHARQ AL HIRAH TECH. CONTRACTING,P2 · High,Construction & Engineering,Construction & Contracting,http://www.sharqalhirah.com
SYSTEC GLOBAL LLC,P2 · High,Logistics & Trade,Trading & Distribution,http://www.systecglobal.com
Sabin Plastic L.L.C,P2 · High,Industrial & Manufacturing,Manufacturing & Industrial,http://www.sabinplastic.com
Safety Marine Services,P2 · High,Logistics & Trade,Logistics & Transport,http://www.safetymarine.com
Scandinavian Group of Companies,P2 · High,Industrial & Manufacturing,Manufacturing & Industrial,http://www.scanpaperuae.com
Sea Star Ships Maintenance,P2 · High,Industrial & Manufacturing,Manufacturing & Industrial,http://www.seastarships.com
Shafic Dagher Co.LLC,P2 · High,Industrial & Manufacturing,Manufacturing & Industrial,http://www.shaficdagher.com
Shamil Trading,P2 · High,Logistics & Trade,Trading & Distribution,http://www.shamiltrading.ae
Sharif Metals International,P2 · High,Industrial & Manufacturing,Manufacturing & Industrial,http://www.sharifmetals.com
Sharjah Dates Factory,P2 · High,Industrial & Manufacturing,Manufacturing & Industrial,http://www.sharjahdates.com
Sky Aviation Services,P2 · High,Logistics & Trade,Logistics & Transport,http://www.skyaviation.aero
Smartline Technical Contracting LLC,P2 · High,Construction & Engineering,Construction & Contracting,http://www.smartlineuae.com
Sobha Facades IND LLC,P2 · High,Construction & Engineering,Construction & Contracting,http://www.sobhafacades.com
Spokes Energy,P2 · High,Industrial & Manufacturing,Energy & Utilities,http://www.spokesenergy.com
Sudhir Rentals,P2 · High,Industrial & Manufacturing,Manufacturing & Industrial,http://www.sudhirrentals.ae
TARGET MOBILE PHONES TR.,P2 · High,Logistics & Trade,Trading & Distribution,http://www.targetphones.com
Texas Oilfields,P2 · High,Industrial & Manufacturing,Energy & Utilities,http://www.texasoilfield.ae
Thar Aviation Gulf,P2 · High,Logistics & Trade,Logistics & Transport,http://www.tharaviation.com
The Glasshouse L.L.C,P2 · High,Industrial & Manufacturing,Manufacturing & Industrial,http://www.glasshouseco.com
Threezone General Trading LLC,P2 · High,Logistics & Trade,Trading & Distribution,http://www.threezonedxb.com
Total Textile Serivces,P2 · High,Industrial & Manufacturing,Manufacturing & Industrial,http://www.ttexservices.com
Ultimate Power Solutions - UPS,P2 · High,Industrial & Manufacturing,Energy & Utilities,http://www.upsgenerator.com
Unique Industries LLC.,P2 · High,Industrial & Manufacturing,Manufacturing & Industrial,http://www.uniquegypsum.com
VERO GENERAL TRADING COMPANY,P2 · High,Logistics & Trade,Trading & Distribution,http://www.veroshipping.com
Wadi Swat Passengers Buses Transport,P2 · High,Logistics & Trade,Logistics & Transport,http://www.swattransport.ae
Washing Space,P2 · High,Logistics & Trade,Logistics & Transport,http://www.washingspace.com
YES AUTOMATION,P2 · High,Logistics & Trade,Trading & Distribution,http://www.yesautomation.ae
Yalla Scrap It,P2 · High,Logistics & Trade,Trading & Distribution,http://www.yallascrapit.com
digitalstores.ae,P2 · High,Logistics & Trade,Logistics & Transport,http://www.digitalstores.ae
A Company Of The Klingspor Group - SHEFA,P2 · High,Industrial & Manufacturing,Manufacturing & Industrial,http://www.shefa-group.com
AFD Cont. Co. Ltd. - شركة أبناء عبدالله فالح الدوسري للمقاولات المحدودة,P2 · High,Construction & Engineering,Construction & Contracting,http://www.dossarysons.com
AHI Carrier,P2 · High,Industrial & Manufacturing,Manufacturing & Industrial,http://www.ahi-carrier.com
AL ASFOOR TECHNICAL CONTRACTING,P2 · High,Construction & Engineering,Construction & Contracting,http://www.asfoorgroup.com
AL SAQR Fiberglass Factory L.L.C,P2 · High,Industrial & Manufacturing,Manufacturing & Industrial,http://www.alsaqrfiber.com
AL SATWAH GROUP OF COMPANIES,P2 · High,Construction & Engineering,Construction & Contracting,http://www.alsatwatech.com
AMC OVERSEAS,P2 · High,Logistics & Trade,Logistics & Transport,http://www.amcoverseas.com
AMIRCUSTOMS,P2 · High,Industrial & Manufacturing,Manufacturing & Industrial,http://www.amircustoms.com
Abd Majid Oud,P2 · High,Industrial & Manufacturing,Manufacturing & Industrial,http://www.abdmajidoud.com
Aden Design,P2 · High,Industrial & Manufacturing,Manufacturing & Industrial,http://www.adenfashion.com
Al Amal Tyres TR (Al Amal Tyres TR الأمل لتجارة الإطارات),P2 · High,Industrial & Manufacturing,Manufacturing & Industrial,http://www.alamaltyres.com
Al Arab Tents & Sheds LLC,P2 · High,Industrial & Manufacturing,Manufacturing & Industrial,http://www.alarabtents.com
Al Atheer Trading LLC,P2 · High,Logistics & Trade,Trading & Distribution,http://www.alatheeruae.com
Al BURJ HVAC SOLUTIONS,P2 · High,Industrial & Manufacturing,Manufacturing & Industrial,http://www.alburj-hvac.com
Al Bustan Int Lubricants Tr. Co. LLC,P2 · High,Industrial & Manufacturing,Energy & Utilities,http://www.albustanint.com
Al Gurg Paints,P2 · High,Industrial & Manufacturing,Manufacturing & Industrial,http://www.oasispaints.com
Al Khabeer Water Treatment LLC,P2 · High,Industrial & Manufacturing,Energy & Utilities,http://www.alkhabeerwt.com
Al Mamzar Decor Cont. LLC,P2 · High,Construction & Engineering,Construction & Contracting,http://www.almamzaruae.com
Al Mirqab Med L.L.C,P2 · High,Industrial & Manufacturing,Manufacturing & Industrial,http://www.almirqabuae.com
Al Nawras Al Abyad Interior Design Accessories Factory,P2 · High,Industrial & Manufacturing,Manufacturing & Industrial,http://www.alnawras-me.com
Al Nawras Factories Machines Equip Spare Parts Tr.,P2 · High,Industrial & Manufacturing,Manufacturing & Industrial,http://www.alnawrasuae.com
Al Nawras Medi-Lab Supplies,P2 · High,Logistics & Trade,Trading & Distribution,http://www.alnawrasmls.com
Al Saif Decor,P2 · High,Construction & Engineering,Construction & Contracting,http://www.alsaifdecor.com
Al Sameem,P2 · High,Industrial & Manufacturing,Manufacturing & Industrial,http://www.alsameemuae.com
Al Serh Al Kabeer Construction,P2 · High,Construction & Engineering,Construction & Contracting,http://www.alserhgroup.com
Al Shabia Engineering,P2 · High,Industrial & Manufacturing,Manufacturing & Industrial,http://www.shabiagroup.com
Al Shiraa Control Device Tr,P2 · High,Logistics & Trade,Trading & Distribution,http://www.alshiraauae.com
Al Tahadi Security and Safety Equipment Trading,P2 · High,Logistics & Trade,Trading & Distribution,http://www.tahadi-fire.com
Al bustan,P2 · High,Logistics & Trade,Trading & Distribution,http://www.bustangroup.com
Alpha Flight Services,P2 · High,Logistics & Trade,Logistics & Transport,http://www.alpha-group.com
Alzad olive oil factory L.L.C,P2 · High,Industrial & Manufacturing,Manufacturing & Industrial,http://www.jalkhigroup.com
Amaal Group,P2 · High,Construction & Engineering,Construction & Contracting,http://www.amaaluaqftz.com
Ard El Muheet L.L.C,P2 · High,Logistics & Trade,Trading & Distribution,http://www.ardelmuheet.com
Arjaan Paper Trading,P2 · High,Logistics & Trade,Trading & Distribution,http://www.arjaanpaper.com
Aseel Marble,P2 · High,Industrial & Manufacturing,Manufacturing & Industrial,http://www.aseelmarble.com
Aurum Global,P2 · High,Logistics & Trade,Trading & Distribution,http://www.aurumglobal.net
Automax Tools UAE,P2 · High,Industrial & Manufacturing,Manufacturing & Industrial,http://www.automaxtools.me
BASMED Group,P2 · High,Industrial & Manufacturing,Manufacturing & Industrial,http://www.basmedgroup.com
Belmont Glass And Aluminum Contracting .,P2 · High,Industrial & Manufacturing,Manufacturing & Industrial,http://www.belmontglass.ae
Britania Engineering,P2 · High,Construction & Engineering,Construction & Contracting,http://www.britaniamgi.com
Burj Graphics,P2 · High,Industrial & Manufacturing,Manufacturing & Industrial,http://www.burjgraphic.com
Bustan Al Ezz Landscape,P2 · High,Construction & Engineering,Construction & Contracting,http://www.bustanalezz.com
Buystocklot,P2 · High,Logistics & Trade,Trading & Distribution,http://www.buystocklot.com
Car Parking & tent shade supplier,P2 · High,Construction & Engineering,Construction & Contracting,http://www.almajlistent.ae
Dhanya Group of Companies,P2 · High,Logistics & Trade,Trading & Distribution,http://www.dhanyagroup.com
Dubai Medical Equipment,P2 · High,Industrial & Manufacturing,Manufacturing & Industrial,http://www.dme-medical.com
ECT Aviation Group,P2 · High,Logistics & Trade,Logistics & Transport,http://www.ectaviation.com
EXAA Building Materials Trading LLC,P2 · High,Construction & Engineering,Construction & Contracting,http://www.exaatrading.com
Eleazar International,P2 · High,Industrial & Manufacturing,Manufacturing & Industrial,http://www.eleazarintl.com
Elite Corner Building Material,P2 · High,Construction & Engineering,Construction & Contracting,http://www.decor-elite.com
Elite Oil & Gas Services LLC,P2 · High,Industrial & Manufacturing,Energy & Utilities,http://www.eliteoilgas.com
Elite Pre-Fabricated Houses LLC,P2 · High,Industrial & Manufacturing,Manufacturing & Industrial,http://www.eliteprefab.com
Emirates National Group,P2 · High,Logistics & Trade,Logistics & Transport,http://www.emiratescab.com
Espectro General Trading,P2 · High,Logistics & Trade,Trading & Distribution,http://www.espectro-me.com
Euro Gulf Machines and Tools/ Euro Gulf Machine Tools and Automation,P2 · High,Industrial & Manufacturing,Manufacturing & Industrial,http://www.eurogulfuae.com
FAST TRACK METALLIC IND LLC,P2 · High,Industrial & Manufacturing,Manufacturing & Industrial,http://www.fasttrackmi.com
FLYDART AERO,P2 · High,Industrial & Manufacturing,Manufacturing & Industrial,http://www.flydartaero.com
Fair Deal Marbles & Granite Ind. LLC,P2 · High,Industrial & Manufacturing,Manufacturing & Industrial,http://www.fairdealuae.com
Faras,P2 · High,Industrial & Manufacturing,Energy & Utilities,http://www.farasenergy.com
Fast Building Contractors,P2 · High,Construction & Engineering,Construction & Contracting,http://www.fastbuilding.ae
First Fortune Group,P2 · High,Construction & Engineering,Construction & Contracting,http://www.firstfortune.ae
Fromid Steel Sheds Fix. Cont. LLC,P2 · High,Industrial & Manufacturing,Manufacturing & Industrial,http://www.fromidsteel.com
Fuel Trading & Distribution Co. LLC,P2 · High,Industrial & Manufacturing,Energy & Utilities,http://www.fueltrading.org
GDS Prestige,P2 · High,Logistics & Trade,Trading & Distribution,http://www.gdsprestige.com
GHAIMA GROUP,P2 · High,Industrial & Manufacturing,Manufacturing & Industrial,http://www.ghaimagroup.com
Galaxy World Wide Shipping LLC,P2 · High,Logistics & Trade,Logistics & Transport,http://www.gwwshipping.com
Ghosh Group,P2 · High,Industrial & Manufacturing,Manufacturing & Industrial,http://www.ghoshgroups.com
Global Food Industries,P2 · High,Industrial & Manufacturing,Manufacturing & Industrial,http://www.global-food.com
Green Ranches LLC,P2 · High,Construction & Engineering,Construction & Contracting,http://www.greenranches.ae
Gulf Dynamic Switchgear Company Limited,P2 · High,Industrial & Manufacturing,Manufacturing & Industrial,http://www.gulfdynamic.com
HARDCO GROUP,P2 · High,Construction & Engineering,Construction & Contracting,http://www.hardcogroup.com
HBS Greenauz Building Materials Trading,P2 · High,Construction & Engineering,Construction & Contracting,http://www.hbsgreenauz.com
HK Express Delivery Services,P2 · High,Logistics & Trade,Logistics & Transport,http://www.hkexpressuae.ae
HSI Lighting,P2 · High,Industrial & Manufacturing,Manufacturing & Industrial,http://www.hsilighting.com
Hateen Tech Contracting,P2 · High,Construction & Engineering,Construction & Contracting,http://www.hateengroup.net
Helpdesk Computer Trading LLC,P2 · High,Logistics & Trade,Trading & Distribution,http://www.helpdeskuae.com
Hexomatrixx Corp,P2 · High,Industrial & Manufacturing,Manufacturing & Industrial,http://www.hexomatrixx.com
Huzefa Aluminium and Glass Co.,P2 · High,Industrial & Manufacturing,Manufacturing & Industrial,http://www.huzefaglass.com
ISMAT Rubber Products Ind. Ltd.,P2 · High,Industrial & Manufacturing,Manufacturing & Industrial,http://www.ismatrubber.com
Informap Technology Center,P2 · High,Construction & Engineering,Construction & Contracting,http://www.informapuae.com
J&J Group of Companies,P2 · High,Construction & Engineering,Construction & Contracting,http://www.jnjgroupuae.com
Jabal Al Toor Marbles,P2 · High,Industrial & Manufacturing,Manufacturing & Industrial,http://www.jabalaltoor.com
Jabal Al Wadi Trdg. LLC,P2 · High,Industrial & Manufacturing,Energy & Utilities,http://www.jabalalwadi.com
Kazani Trading Co LLC,P2 · High,Logistics & Trade,Trading & Distribution,http://www.kazanipaper.com
Lamar Group Ind LLC,P2 · High,Logistics & Trade,Trading & Distribution,http://www.lamargroups.com
Larosa Hardware & Equipment Company LLC,P2 · High,Logistics & Trade,Trading & Distribution,http://www.larosagroup.com
Lifco Al Rawabi Trading,P2 · High,Logistics & Trade,Trading & Distribution,http://www.lifcorawabi.com
Lifeline Tr Co LLC,P2 · High,Construction & Engineering,Construction & Contracting,http://www.lifelineuae.com
MAS Aluminium & Glass LLC,P2 · High,Industrial & Manufacturing,Manufacturing & Industrial,http://www.ansaluminium.ae
Mabrook Hardware Trading L.L.C,P2 · High,Logistics & Trade,Trading & Distribution,http://www.mabrook-uae.com
Main Star Technical Services LLC,P2 · High,Construction & Engineering,Construction & Contracting,http://www.mainstaruae.com
Malizia Sign,P2 · High,Industrial & Manufacturing,Manufacturing & Industrial,http://www.maliziasign.com
Manazil Group,P2 · High,Construction & Engineering,Construction & Contracting,http://www.manazil-uae.com
Mann Energy LLC,P2 · High,Industrial & Manufacturing,Energy & Utilities,http://www.mann-energy.com
Marmar AlKhaleej Marble,P2 · High,Industrial & Manufacturing,Manufacturing & Industrial,http://www.marmarmarble.ae
Marwa Marble Est,P2 · High,Industrial & Manufacturing,Manufacturing & Industrial,http://www.marwamarble.com
Mimar Models Model Builders,P2 · High,Industrial & Manufacturing,Manufacturing & Industrial,http://www.mimarmodels.com
Mina Marble and Granite,P2 · High,Industrial & Manufacturing,Manufacturing & Industrial,http://www.minamarbles.com
Nejoum Dubai Tr. Est.,P2 · High,Industrial & Manufacturing,Manufacturing & Industrial,http://www.nejoumdubai.com
Nifty Alloys LLC,P2 · High,Industrial & Manufacturing,Manufacturing & Industrial,http://www.niftyalloys.com
Noor Al Faris Technical Contracting,P2 · High,Construction & Engineering,Construction & Contracting,http://www.nooralfaris.com
North Star Oil Trading LLc,P2 · High,Industrial & Manufacturing,Energy & Utilities,http://www.northstaroil.ae
ORIGA LLC,P2 · High,Construction & Engineering,Construction & Contracting,http://www.origadesign.com
Oman Plastic LLC,P2 · High,Industrial & Manufacturing,Manufacturing & Industrial,http://www.omanplastic.com
Paramount Food Service Equipment Solutions,P2 · High,Industrial & Manufacturing,Manufacturing & Industrial,http://www.paramountme.com
Petra Concrete Repairing,P2 · High,Industrial & Manufacturing,Manufacturing & Industrial,http://www.petracoring.com
Petrofast Group,P2 · High,Industrial & Manufacturing,Manufacturing & Industrial,http://www.petrofastme.com
Petromax Grease & Lubricants Industries,P2 · High,Industrial & Manufacturing,Manufacturing & Industrial,http://www.petromaxgli.com
Phoenix Engineering & Marine Co LLC,P2 · High,Construction & Engineering,Construction & Contracting,http://www.phoenixgroup.ae
PodTech,P2 · High,Construction & Engineering,Construction & Contracting,http://www.podtech.company
Pressure Tech Industrial Machinery Manufacturing LLC,P2 · High,Industrial & Manufacturing,Manufacturing & Industrial,http://www.pressuretech.ae
Prestige Packaging & General Trading LLC,P2 · High,Industrial & Manufacturing,Manufacturing & Industrial,http://www.prestigegcc.com
Profiles RH,P2 · High,Industrial & Manufacturing,Manufacturing & Industrial,http://www.profilesrhf.com
RADY INTERIOR,P2 · High,Construction & Engineering,Construction & Contracting,http://www.radyinterior.ae
Radin Italia Projects,P2 · High,Construction & Engineering,Construction & Contracting,http://www.radinitalia.com
Red Arrow Transportation LLC Dubai,P2 · High,Logistics & Trade,Logistics & Transport,http://www.redarrowuae.com
Rikin Al Fadha,P2 · High,Logistics & Trade,Trading & Distribution,http://www.rikinalfadha.ae
Rostock Spare Parts LLC,P2 · High,Logistics & Trade,Trading & Distribution,http://www.rostockauto.com
Royal Industrial Fabricators UAE,P2 · High,Industrial & Manufacturing,Manufacturing & Industrial,http://www.royalindfab.com
SAN Furniture,P2 · High,Industrial & Manufacturing,Manufacturing & Industrial,http://www.sanfurniture.ae
SANTIA INT. WOODS TR. EST. LLC,P2 · High,Industrial & Manufacturing,Manufacturing & Industrial,http://www.santiawoods.com
STEEL AND OIL AUTO MAIN. L.L.C,P2 · High,Industrial & Manufacturing,Manufacturing & Industrial,http://www.steelandoil.com
SUPERIOR GROUP OF COMPANIES,P2 · High,Construction & Engineering,Construction & Contracting,http://www.superior-me.com
Safari Metal Trading LLC,P2 · High,Industrial & Manufacturing,Manufacturing & Industrial,http://www.safarimetal.com
Sheridan Specialized Building Products,P2 · High,Construction & Engineering,Construction & Contracting,http://www.sheridanuae.com
Sital Marble,P2 · High,Industrial & Manufacturing,Manufacturing & Industrial,http://www.sitalmarble.com
Sporty Foods,P2 · High,Logistics & Trade,Logistics & Transport,http://www.sportysupps.com
Spring Ship Management,P2 · High,Logistics & Trade,Logistics & Transport,http://www.spring-ship.com
Star Food industries,P2 · High,Industrial & Manufacturing,Manufacturing & Industrial,http://www.starfoodind.com
Steelcraft,P2 · High,Construction & Engineering,Construction & Contracting,http://www.steelcrafte.com
Sunlight General Trading LLC,P2 · High,Logistics & Trade,Trading & Distribution,http://www.sunlightuae.com
Tajwal Mobile,P2 · High,Logistics & Trade,Trading & Distribution,http://www.tajwalmobile.ae
Telephony Group of Companies,P2 · High,Construction & Engineering,Construction & Contracting,http://www.telephonyme.com
The Flame Petrochemical Trading,P2 · High,Industrial & Manufacturing,Manufacturing & Industrial,http://www.theflamepet.com
The Wrapperz Corporate Gifts & Promotional Giveaways,P2 · High,Logistics & Trade,Trading & Distribution,http://www.thewrapperz.com
Think Filter by Al Shafaq Group,P2 · High,Logistics & Trade,Trading & Distribution,http://www.thinkfilter.com
Torque Bolts,P2 · High,Industrial & Manufacturing,Manufacturing & Industrial,http://www.torquebolts.com
Toyworld Distributor LLC,P2 · High,Logistics & Trade,Trading & Distribution,http://www.toyworlduae.com
Trans East Co.,P2 · High,Industrial & Manufacturing,Manufacturing & Industrial,http://www.transeastco.com
UAE Trading Establishment,P2 · High,Logistics & Trade,Trading & Distribution,http://www.intgroupuae.com
Ultimate Pack TR LLC,P2 · High,Industrial & Manufacturing,Manufacturing & Industrial,http://www.ultimatepack.ae
Unimec Group,P2 · High,Industrial & Manufacturing,Manufacturing & Industrial,http://www.unimecgroup.com
United Gulf Machinery,P2 · High,Industrial & Manufacturing,Manufacturing & Industrial,http://www.united-gulf.com
VS Furniture Middle East,P2 · High,Industrial & Manufacturing,Manufacturing & Industrial,http://www.vs-furniture.ae
Valencia Trading LLC,P2 · High,Logistics & Trade,Trading & Distribution,http://www.valenciallc.net
Verger Delporte,P2 · High,Construction & Engineering,Construction & Contracting,https://verger-delporte.ae
Vogue Steel Contracting L.L.C,P2 · High,Industrial & Manufacturing,Manufacturing & Industrial,http://www.vogue-steel.com
WoodMart,P2 · High,Industrial & Manufacturing,Manufacturing & Industrial,http://www.woodmartuae.com
YES Machinery,P2 · High,Industrial & Manufacturing,Manufacturing & Industrial,http://www.yesmachinery.ae
Younus Power Services,P2 · High,Industrial & Manufacturing,Manufacturing & Industrial,http://www.younuspower.com
Zayed Marine Services,P2 · High,Logistics & Trade,Logistics & Transport,http://www.zayedmarine.com
gpscargo,P2 · High,Logistics & Trade,Logistics & Transport,http://www.gpscargo.global
keystone building contracting LLC,P2 · High,Construction & Engineering,Construction & Contracting,http://www.keystone-bc.com
AL DARWISH TRADING - SOLE PROPRIETORSHIP L.L.C.,P2 · High,Logistics & Trade,Trading & Distribution,http://www.darwish-tdg.ae
AL FAN AL GHARBI BLDG CONT L.L.C,P2 · High,Construction & Engineering,Construction & Contracting,http://www.alfanepoxy.com
AL GHAYA FIRE FIGHTING LLC,P2 · High,Construction & Engineering,Construction & Contracting,http://www.alghayauae.com
AL SADEEQ AL WAFI ELECT DEVICES TR L.L.C,P2 · High,Logistics & Trade,Trading & Distribution,http://www.serverstore.ae
AL TAAM FOODSSTUFF TR,P2 · High,Industrial & Manufacturing,Manufacturing & Industrial,http://www.altaamfood.com
AL TAMAM ALUMINIUM AND GLASS CONTRACTING LLC.,P2 · High,Industrial & Manufacturing,Manufacturing & Industrial,http://www.altamamuae.com
Al Aydi Tents,P2 · High,Industrial & Manufacturing,Manufacturing & Industrial,http://www.alayditents.ae
Al Dimashqi Marble and Granite Factory L.L.C,P2 · High,Industrial & Manufacturing,Manufacturing & Industrial,http://www.aldimashqi.com
Al Dolphin TR LLC,P2 · High,Logistics & Trade,Trading & Distribution,http://www.dolphinmea.com
Al Farid Kitchen Equipment Manufacturing LLC (AFM),P2 · High,Industrial & Manufacturing,Manufacturing & Industrial,http://www.alfariduae.com
Al Helol Al Mutatawera Medical Supplies IND.,P2 · High,Logistics & Trade,Trading & Distribution,http://www.alhelolmed.com
Al Hosani Computer,P2 · High,Logistics & Trade,Trading & Distribution,http://www.alhosanime.com
Al Ietbar Marbles & Granite Factory LLC,P2 · High,Industrial & Manufacturing,Manufacturing & Industrial,http://www.opalquartz.com
Al Injaz MEP Man Power Supply & MEP Sub Contract Works,P2 · High,Construction & Engineering,Construction & Contracting,http://www.alinjazuae.com
Al Maidan Contracting,P2 · High,Construction & Engineering,Construction & Contracting,http://www.almaidanae.com
Al Mateen Scaffolding Industries LLC,P2 · High,Industrial & Manufacturing,Manufacturing & Industrial,http://www.amscaffold.com
Al Muadalah Chemical Trading,P2 · High,Industrial & Manufacturing,Manufacturing & Industrial,http://www.almuadalah.com
Al Mujtahid Ships & Marine Machinery Maintenance and Electromechanical Contracting,P2 · High,Industrial & Manufacturing,Manufacturing & Industrial,http://www.almujtahid.com
Al Mustadamah Industries LLC UAE ( In KSA we are known as Saleh Yousef Al Dossary & Sons Co. Ltd),P2 · High,Industrial & Manufacturing,Manufacturing & Industrial,http://www.mustadamah.com
Al Nouf Auto Tyres & Accessories L.L.C,P2 · High,Industrial & Manufacturing,Manufacturing & Industrial,http://www.alnouftire.com
Al Osool Building Metallic Construction Industries LLC,P2 · High,Industrial & Manufacturing,Manufacturing & Industrial,http://www.alosooluae.com
Al Qeyas Ready Mix & Precast LLC,P2 · High,Industrial & Manufacturing,Manufacturing & Industrial,http://www.alqeyasmix.com
Al Remal Aluminum and Glass Ind. LLC,P2 · High,Industrial & Manufacturing,Manufacturing & Industrial,http://www.alremaluae.com
Al Taj Al Aaly Electronics,P2 · High,Logistics & Trade,Trading & Distribution,http://www.altajalaaly.ae
Al Tasis,P2 · High,Construction & Engineering,Construction & Contracting,http://www.altasismep.com
Al Wisam Trading Co. L.L.C.,P2 · High,Logistics & Trade,Trading & Distribution,http://www.alwisamllc.com
Alfa Marine Electronics,P2 · High,Industrial & Manufacturing,Manufacturing & Industrial,http://www.alfamarine.com
Alruman Printingpress,P2 · High,Industrial & Manufacturing,Manufacturing & Industrial,http://www.alrumanuae.com
Ambulance Manufacturer Dubai-UAE,P2 · High,Industrial & Manufacturing,Manufacturing & Industrial,http://www.aladilauto.com
Arise International LLC,P2 · High,Logistics & Trade,Trading & Distribution,http://www.arisegroup.net
Atelier BLG,P2 · High,Industrial & Manufacturing,Manufacturing & Industrial,http://www.atelierblg.com
BAB AL QAMAR ELECT & SANITARY LLC,P2 · High,Logistics & Trade,Trading & Distribution,http://www.babalqamar.com
BEEAH Group,P2 · High,Industrial & Manufacturing,Energy & Utilities,http://www.beeahgroup.com
BESTWAY OILFIELDS FZCO,P2 · High,Logistics & Trade,Trading & Distribution,http://www.bestwayoge.com
Bait Al Maha Prefab House Industries LLC,P2 · High,Industrial & Manufacturing,Manufacturing & Industrial,http://www.baitalmaha.com
Barad Atlanta Trading LLC,P2 · High,Logistics & Trade,Trading & Distribution,http://www.albaraduae.com
Bonn Building Materials Trading LLC,P2 · High,Construction & Engineering,Construction & Contracting,http://www.bonn-group.com
CELAR WATER EQUIPMENT CO.LLC,P2 · High,Industrial & Manufacturing,Energy & Utilities,http://www.celarwater.com
Captain Group,P2 · High,Industrial & Manufacturing,Manufacturing & Industrial,http://www.captaineng.com
Cerebro T C S Group,P2 · High,Industrial & Manufacturing,Manufacturing & Industrial,http://www.cerebrotcs.com
Clean Water Treatment,P2 · High,Industrial & Manufacturing,Energy & Utilities,http://www.clean-water.ae
Controls Middle East LLC,P2 · High,Construction & Engineering,Construction & Contracting,http://www.controlsme.com
Crystal Palace Lighting LTD,P2 · High,Industrial & Manufacturing,Manufacturing & Industrial,http://www.cplighting.net
Curiza Life,P2 · High,Industrial & Manufacturing,Manufacturing & Industrial,http://www.curizalife.com
Denver Group (UAE),P2 · High,Industrial & Manufacturing,Manufacturing & Industrial,http://www.denvergroup.ae
EMANCO CONSTRUCTION'S CONTRACTING,P2 · High,Construction & Engineering,Construction & Contracting,http://www.emanco-uae.com
EMMA FITNESS SPORTS FIELDS &HALLS EQUIPMENT TRADING L.L.C,P2 · High,Logistics & Trade,Trading & Distribution,http://www.emmafitness.ae
Elaf Al Arab,P2 · High,Industrial & Manufacturing,Manufacturing & Industrial,http://www.elafalarab.com
Emirates Waste to Energy,P2 · High,Industrial & Manufacturing,Energy & Utilities,http://www.emirateswte.ae
Eternal Home,P2 · High,Industrial & Manufacturing,Manufacturing & Industrial,http://www.eternalhome.ae
Etihad Group,P2 · High,Industrial & Manufacturing,Manufacturing & Industrial,http://www.etihadgroup.co
FAST MARINE & ELECTROMECHANICAL SERVICES L.L.C,P2 · High,Construction & Engineering,Construction & Contracting,http://www.fmemsgroup.com
Fabrica Trading & Contracting,P2 · High,Construction & Engineering,Construction & Contracting,http://www.fabrica.com.qa
Farda Trade dried fruits and nuts company,P2 · High,Industrial & Manufacturing,Manufacturing & Industrial,http://www.fardatrade.com
Fine Plastic Waste Rotation,P2 · High,Industrial & Manufacturing,Manufacturing & Industrial,http://www.fineplastic.me
First Chance General Trading,P2 · High,Logistics & Trade,Trading & Distribution,http://www.firstcabins.ae
Five Fine FragranceTM,P2 · High,Industrial & Manufacturing,Manufacturing & Industrial,http://www.3fperfumes.com
Flex-Europa,P2 · High,Industrial & Manufacturing,Manufacturing & Industrial,http://www.flex-europa.me
Fouress (Middle East) Safety Products,P2 · High,Industrial & Manufacturing,Manufacturing & Industrial,http://www.safetyshoes.ae
GRC Art Line Factory,P2 · High,Industrial & Manufacturing,Manufacturing & Industrial,http://www.grcartline.com
Gadz Shoes,P2 · High,Industrial & Manufacturing,Manufacturing & Industrial,http://www.gadzsports.com
Generaltec,P2 · High,Industrial & Manufacturing,Manufacturing & Industrial,http://www.generaltec.com
Glitter Advertising Factory LLC,P2 · High,Industrial & Manufacturing,Manufacturing & Industrial,http://www.glitteradv.com
Green Apple Printing Press LLC,P2 · High,Industrial & Manufacturing,Manufacturing & Industrial,http://www.greenappme.com
Green Pharma,P2 · High,Industrial & Manufacturing,Manufacturing & Industrial,http://www.greenpharma.ae
Greens International,P2 · High,Logistics & Trade,Trading & Distribution,http://www.greensintl.com
Gulf Wings,P2 · High,Logistics & Trade,Logistics & Transport,http://www.gulfwings.aero
HNR Co.,P2 · High,Industrial & Manufacturing,Manufacturing & Industrial,http://www.hnrmarbles.com
HYDROFIT ENGINEERING,P2 · High,Industrial & Manufacturing,Manufacturing & Industrial,http://www.hydrofitme.com
Hajar Al Jazeera General Trading LLC,P2 · High,Logistics & Trade,Trading & Distribution,http://www.aljazeeras.com
Hawl Al Alam Group Of Companies,P2 · High,Logistics & Trade,Trading & Distribution,http://www.hawlalalam.com
Hi-Spectra Contracting Company,P2 · High,Construction & Engineering,Construction & Contracting,http://www.hi-spectra.com
IPI Packers,P2 · High,Industrial & Manufacturing,Manufacturing & Industrial,http://www.ipipackers.com
Index Engineering And Turning LLC,P2 · High,Industrial & Manufacturing,Manufacturing & Industrial,http://www.index-engg.com
International Beverage & Filling Industries LLC,P2 · High,Industrial & Manufacturing,Manufacturing & Industrial,http://www.stardrinks.com
JACQUIN WOOD BUILDING MATERIALS,P2 · High,Construction & Engineering,Construction & Contracting,http://www.jacquinwood.ae
John Paul AC,P2 · High,Construction & Engineering,Construction & Contracting,http://www.johnpaulac.com
Kafe' Kaamil Instant Premixes by Inkam International LLC,P2 · High,Industrial & Manufacturing,Manufacturing & Industrial,http://www.kafekaamil.com
Kojak Group,P2 · High,Logistics & Trade,Trading & Distribution,http://www.kojakgroup.com
Labelgraff,P2 · High,Industrial & Manufacturing,Manufacturing & Industrial,http://www.labelgraff.com
Lambda Electronics,P2 · High,Logistics & Trade,Trading & Distribution,http://www.lambda-uae.com
Lloyds Engineering Co LLC,P2 · High,Industrial & Manufacturing,Manufacturing & Industrial,http://www.lloydsengg.com
Lucky Star Group of Companies,P2 · High,Construction & Engineering,Construction & Contracting,http://www.lsgroupuae.com
MD Decor Cont.,P2 · High,Construction & Engineering,Construction & Contracting,http://www.mddecoruae.com
MENA-Water,P2 · High,Industrial & Manufacturing,Manufacturing & Industrial,http://www.mena-water.com
MQF Trading,P2 · High,Logistics & Trade,Trading & Distribution,http://www.mqftrading.com
Mechatrone - Industrial Automation Solutions,P2 · High,Industrial & Manufacturing,Manufacturing & Industrial,http://www.mechatrone.com
Mesco Marine services,P2 · High,Logistics & Trade,Logistics & Transport,http://www.mescomarine.ae
MetaDrill,P2 · High,Industrial & Manufacturing,Manufacturing & Industrial,http://www.meta-drill.com
Metropolic Paper Industries,P2 · High,Industrial & Manufacturing,Manufacturing & Industrial,http://www.metropolic.com
Milan Metal Scrap & Used Batteries Tr LLC,P2 · High,Industrial & Manufacturing,Manufacturing & Industrial,http://www.milanmetals.ae
Moonway PPE Safety Trading LLC,P2 · High,Logistics & Trade,Trading & Distribution,http://www.moonwayllc.com
NADTEX LLC,P2 · High,Industrial & Manufacturing,Manufacturing & Industrial,http://www.nadtex-uae.com
PATCHAM,P2 · High,Industrial & Manufacturing,Manufacturing & Industrial,http://www.patchamltd.com
PanGulf,P2 · High,Industrial & Manufacturing,Manufacturing & Industrial,http://www.pangulfuae.com
Pier Seven Aviation,P2 · High,Logistics & Trade,Logistics & Transport,http://www.p7aviation.com
Pride International Lubricants CO. LLC.,P2 · High,Industrial & Manufacturing,Energy & Utilities,http://www.pridelubes.com
Prolux International,P2 · High,Construction & Engineering,Construction & Contracting,http://www.proluxintl.com
RG REFINERY,P2 · High,Industrial & Manufacturing,Energy & Utilities,http://www.rgrefinery.com
RNB INTERIOR FITOUTS,P2 · High,Construction & Engineering,Construction & Contracting,http://www.rnbfitouts.com
Rapid Shipping & Logistics LLC,P2 · High,Logistics & Trade,Logistics & Transport,http://www.rapidgroup.com
"Regent Group, UAE",P2 · High,Construction & Engineering,Construction & Contracting,http://www.regentgroup.ae
Robusthane®,P2 · High,Industrial & Manufacturing,Manufacturing & Industrial,http://www.robusthane.com
Rolli International LLC,P2 · High,Industrial & Manufacturing,Manufacturing & Industrial,http://www.rolli-intl.com
SALESUNCLE,P2 · High,Industrial & Manufacturing,Manufacturing & Industrial,http://www.salesuncle.com
SAN Tools,P2 · High,Industrial & Manufacturing,Manufacturing & Industrial,http://www.santoolsme.com
SEA PORT INT. SHIPPING CO. LLC.,P2 · High,Logistics & Trade,Logistics & Transport,http://www.seaportuae.com
SEVEN STARS OIL FIELDS EQUIPMENTS,P2 · High,Industrial & Manufacturing,Energy & Utilities,http://www.ssoeonline.com
SV Charter,P2 · High,Logistics & Trade,Logistics & Transport,http://www.svcharter.aero
Saifuddin Mulla Trading CO LLC,P2 · High,Logistics & Trade,Trading & Distribution,http://www.smtbusiness.ae
Sama Al Jareena Hardware TR. L.L.C.,P2 · High,Logistics & Trade,Trading & Distribution,http://www.sajgroupme.com
Sana Lights Electrical Ware Trading LLC,P2 · High,Logistics & Trade,Trading & Distribution,http://www.sanalights.com
Sana Movers,P2 · High,Logistics & Trade,Logistics & Transport,http://www.sanamovers.com
Siom Marble,P2 · High,Industrial & Manufacturing,Manufacturing & Industrial,http://www.siommarble.com
"Sky Line Travel, Tourism & Shipping LLC",P2 · High,Logistics & Trade,Logistics & Transport,http://www.skylineuae.com
Stainless Steel Fabrication,P2 · High,Industrial & Manufacturing,Manufacturing & Industrial,http://www.dpmetallic.com
TRISTAR - Your Reliable Bolting Partner!!,P2 · High,Industrial & Manufacturing,Manufacturing & Industrial,http://www.tristarfzc.com
Team Saeed Alkas,P2 · High,Construction & Engineering,Construction & Contracting,http://www.saeedalkas.com
Techart Global,P2 · High,Construction & Engineering,Construction & Contracting,http://www.techart.com.sg
ThermaBags,P2 · High,Industrial & Manufacturing,Manufacturing & Industrial,http://www.thermabags.com
Velocita Movers,P2 · High,Logistics & Trade,Logistics & Transport,http://www.velocitame.com
Yanvi Solar,P2 · High,Industrial & Manufacturing,Manufacturing & Industrial,http://www.yanvisolar.com
Zambeel Logistics,P2 · High,Logistics & Trade,Logistics & Transport,http://www.tryzambeel.com
cintafresh,P2 · High,Industrial & Manufacturing,Manufacturing & Industrial,http://www.cintafresh.com
ePhenomena,P2 · High,Logistics & Trade,Trading & Distribution,http://www.ephenomena.com
www.mep-global.com,P2 · High,Construction & Engineering,Construction & Contracting,http://www.mep-global.com
24 Seven Steel Company,P2 · High,Industrial & Manufacturing,Manufacturing & Industrial,http://www.247-steel.com
AAL Group Ltd,P2 · High,Logistics & Trade,Logistics & Transport,http://www.aal-group.com
AFIA Tools Trading LLC,P2 · High,Logistics & Trade,Trading & Distribution,http://www.afiatools.com
AFTECH,P2 · High,Construction & Engineering,Construction & Contracting,http://www.aftechfze.com
AKPhoto24,P2 · High,Industrial & Manufacturing,Manufacturing & Industrial,http://www.akphoto24.com
ALASKA TRADING LLC (Part of the Lebami Group),P2 · High,Logistics & Trade,Trading & Distribution,http://www.alaskatrd.com
ALFAA CHEM,P2 · High,Logistics & Trade,Trading & Distribution,http://www.alfaachem.com
ARAACO UAE,P2 · High,Construction & Engineering,Construction & Contracting,http://www.araacouae.com
ASHKAL,P2 · High,Industrial & Manufacturing,Manufacturing & Industrial,http://www.ashkaluae.com
ASIS Boats,P2 · High,Industrial & Manufacturing,Manufacturing & Industrial,http://www.asisboats.com
Advanced Armour Engineering,P2 · High,Industrial & Manufacturing,Manufacturing & Industrial,http://www.armoureng.com
African Drilling Fluids,P2 · High,Industrial & Manufacturing,Energy & Utilities,http://www.africandf.com
Air Arabia,P2 · High,Logistics & Trade,Logistics & Transport,http://www.airarabia.com
Al Afrah Plastic Product Trading,P2 · High,Industrial & Manufacturing,Manufacturing & Industrial,http://www.afrahpack.com
Al Basel Cosmetics,P2 · High,Logistics & Trade,Trading & Distribution,http://www.albaselco.com
Al Bedyah Packing & Packaging Mat Tr,P2 · High,Industrial & Manufacturing,Manufacturing & Industrial,http://www.bedyahpack.me
Al Bidayer,P2 · High,Industrial & Manufacturing,Manufacturing & Industrial,http://www.albidayer.com
Al Falah Star Steel Works,P2 · High,Industrial & Manufacturing,Manufacturing & Industrial,http://www.falahstar.com
Al Fareeq Equip & Spare Parts Trading,P2 · High,Logistics & Trade,Trading & Distribution,http://www.fareequae.com
Al Mas Cargo L.L.C,P2 · High,Logistics & Trade,Logistics & Transport,http://www.almasgroup.co
Al Qamar Alsatee (AQS),P2 · High,Industrial & Manufacturing,Manufacturing & Industrial,http://www.aqsmarble.com
Al Qasimi Group LLC,P2 · High,Construction & Engineering,Construction & Contracting,http://www.alqassemi.com
"Al Rafahia Marble, Granite & Quartz",P2 · High,Industrial & Manufacturing,Manufacturing & Industrial,http://www.alrafahia.com
Al Safeenah Engineering,P2 · High,Industrial & Manufacturing,Manufacturing & Industrial,http://www.alsafeenah.ae
Al Saif Al Malaki,P2 · High,Industrial & Manufacturing,Manufacturing & Industrial,http://www.alsaifhep.com
Al Tabreed Industries LLC,P2 · High,Industrial & Manufacturing,Manufacturing & Industrial,http://www.altabreed.com
Al Taif Sanitary cont.co,P2 · High,Construction & Engineering,Construction & Contracting,http://www.altaif-me.com
Al-Basira,P2 · High,Industrial & Manufacturing,Manufacturing & Industrial,http://www.al-basira.com
Al-Wathba Building Contracting,P2 · High,Construction & Engineering,Construction & Contracting,http://www.al-wathba.com
Alba Tower Aluminium Factory L.L.C,P2 · High,Industrial & Manufacturing,Manufacturing & Industrial,http://www.albatower.com
Alitaliya Industries LLC,P2 · High,Industrial & Manufacturing,Manufacturing & Industrial,http://www.alitaliya.com
Almada Aluminum and Glass Contracting,P2 · High,Industrial & Manufacturing,Manufacturing & Industrial,http://www.almada-me.com
Almasa Environmental Solutions,P2 · High,Industrial & Manufacturing,Energy & Utilities,http://www.almasauae.com
Alraed shipping,P2 · High,Logistics & Trade,Logistics & Transport,http://www.alraeduae.com
Ambala Middle East Trading LLC,P2 · High,Logistics & Trade,Trading & Distribution,http://www.ambala-me.com
Arabian Aluminium Products Co.,P2 · High,Industrial & Manufacturing,Manufacturing & Industrial,http://www.arapcouae.com
Arabian Jerusalem Company,P2 · High,Industrial & Manufacturing,Manufacturing & Industrial,http://www.ajc-doors.com
Aromen Group of Companies,P2 · High,Construction & Engineering,Construction & Contracting,http://www.aromenuae.com
Aspen Polystyrene Industry L.L.C.,P2 · High,Industrial & Manufacturing,Manufacturing & Industrial,http://www.aspen-eps.com
Awanipack,P2 · High,Industrial & Manufacturing,Manufacturing & Industrial,http://www.awanipack.com
Binghalib Group of Companies,P2 · High,Construction & Engineering,Construction & Contracting,http://www.binghalib.com
Bright Way Detergents & Disinfectants Manufacture,P2 · High,Industrial & Manufacturing,Manufacturing & Industrial,http://www.bright-way.ae
Burj Hatta Trade L.L.C,P2 · High,Logistics & Trade,Trading & Distribution,http://www.burjhatta.com
CAFCO INTERNATIONAL,P2 · High,Industrial & Manufacturing,Manufacturing & Industrial,http://www.cafcointl.com
CNC Experts LLC,P2 · High,Logistics & Trade,Trading & Distribution,http://www.cncexperts.ae
Crystal Automatic Doors L.L.C,P2 · High,Industrial & Manufacturing,Manufacturing & Industrial,http://www.cadooruae.com
DESTEC GROUP,P2 · High,Construction & Engineering,Construction & Contracting,http://www.destec-me.com
Dahla Building Contracting LLC,P2 · High,Construction & Engineering,Construction & Contracting,http://www.dahlacont.com
Dasco International LLC,P2 · High,Industrial & Manufacturing,Manufacturing & Industrial,http://www.dascointl.com
Delta Solutions Engineering Services LLC,P2 · High,Industrial & Manufacturing,Energy & Utilities,http://www.delta-gcc.com
Doepke Middle East,P2 · High,Industrial & Manufacturing,Manufacturing & Industrial,http://www.doepke-me.com
EXERGY,P2 · High,Industrial & Manufacturing,Manufacturing & Industrial,http://www.exergyuae.com
Ecotek UAE,P2 · High,Industrial & Manufacturing,Manufacturing & Industrial,http://www.ecotekuae.com
"FUCHS DUBAI STOCKIST IN UAE ( Located in Dubai & Sharjah ) Stocking Products Like TITAN OILS , RENOLIT GREASES , RENOLIN , PLANTOGEAR , ECOCUT , ECOCOOL ,RENOLINTHERM ,RENOFORM,",P2 · High,Logistics & Trade,Trading & Distribution,http://www.seltecuae.com
FULK DIESEL TRADING L.L.C.,P2 · High,Logistics & Trade,Trading & Distribution,http://www.fulkdiesel.ae
Fajr Al Sharq Construction LLC,P2 · High,Construction & Engineering,Construction & Contracting,http://www.fasco-llc.com
Falcon International,P2 · High,Logistics & Trade,Trading & Distribution,http://www.falconfzc.com
Fanar Al Khaleej,P2 · High,Industrial & Manufacturing,Manufacturing & Industrial,http://www.fanargroup.ae
Fasiculus: Optimize Digitize,P2 · High,Industrial & Manufacturing,Manufacturing & Industrial,http://www.fasiculus.com
Foodiverse,P2 · High,Logistics & Trade,Trading & Distribution,http://www.foodiverse.ae
Furaat Ceramics,P2 · High,Industrial & Manufacturing,Manufacturing & Industrial,http://www.al-furaat.com
GITG,P2 · High,Logistics & Trade,Trading & Distribution,http://www.gulf-group.ae
GOLDEN HELIX SHIPPING LLC,P2 · High,Logistics & Trade,Logistics & Transport,https://golden-helix.com
GULF FALCON GENERAL TRADING LLC,P2 · High,Logistics & Trade,Trading & Distribution,http://www.gulffalcon.co
Genius Technical Contracting Co. LLC,P2 · High,Construction & Engineering,Construction & Contracting,http://www.geniusmep.com
Geobit Group of Companies,P2 · High,Construction & Engineering,Construction & Contracting,http://www.geobituae.com
Grankraft Industries L.L.C.,P2 · High,Industrial & Manufacturing,Manufacturing & Industrial,http://www.grankraft.com
GreenScape International,P2 · High,Industrial & Manufacturing,Manufacturing & Industrial,http://www.greenscape.ae
HOME MARKET GEN. TR. LLC,P2 · High,Logistics & Trade,Trading & Distribution,http://www.homemarket.ae
HiTech Eng. Works Services LLC,P2 · High,Industrial & Manufacturing,Manufacturing & Industrial,http://www.hitechuae.com
Himmeltek Group,P2 · High,Logistics & Trade,Trading & Distribution,http://www.himmeltek.com
Hipersign,P2 · High,Industrial & Manufacturing,Manufacturing & Industrial,http://www.hipersign.com
Hulk Decor LLC,P2 · High,Construction & Engineering,Construction & Contracting,http://www.hulkdecor.com
INL-KHAT AL IBTIKAR LLC,P2 · High,Logistics & Trade,Trading & Distribution,http://www.inlglobal.com
Intermass Engineering & Contracting,P2 · High,Construction & Engineering,Construction & Contracting,http://www.intermass.com
JEO CRANES TRANSPORT LLC,P2 · High,Construction & Engineering,Construction & Contracting,http://www.jeocranes.com
Jordan Ref. Co. LLC,P2 · High,Industrial & Manufacturing,Manufacturing & Industrial,http://www.jordanref.com
KENAL CHEM,P2 · High,Industrial & Manufacturing,Manufacturing & Industrial,http://www.kenalchem.com
Kart Block,P2 · High,Industrial & Manufacturing,Manufacturing & Industrial,http://www.kartblock.com
Khadro International خضرو العالمية,P2 · High,Logistics & Trade,Trading & Distribution,http://www.khadroint.com
Loyal Group of Companies,P2 · High,Construction & Engineering,Construction & Contracting,http://www.loyalgroup.ae
Lumasense,P2 · High,Logistics & Trade,Trading & Distribution,http://www.lumasense.com
Luxeo Fragrance Oils,P2 · High,Industrial & Manufacturing,Manufacturing & Industrial,http://www.luxeolabs.com
M24 Groups,P2 · High,Logistics & Trade,Trading & Distribution,http://www.m24groups.com
MALTA ELECTRIC SWITCHGEAR INDUSTRIES LLC,P2 · High,Industrial & Manufacturing,Manufacturing & Industrial,http://www.maltaemsg.com
MEPCO Electro Mechanical Works LLC,P2 · High,Construction & Engineering,Construction & Contracting,http://www.mepco-llc.com
Masakintr,P2 · High,Logistics & Trade,Trading & Distribution,http://www.masakintr.com
Merchcart LLC,P2 · High,Industrial & Manufacturing,Manufacturing & Industrial,http://www.merchcart.com
Milano Group,P2 · High,Industrial & Manufacturing,Manufacturing & Industrial,http://www.milanogrp.com
NAJM SWAT DIESEL TRADING,P2 · High,Logistics & Trade,Trading & Distribution,http://www.swatdiesel.ae
NARO Water Solutions,P2 · High,Industrial & Manufacturing,Energy & Utilities,http://www.narowater.com
NEST PACKS,P2 · High,Industrial & Manufacturing,Manufacturing & Industrial,http://www.nestdubai.com
Napoli Furniture Co LLC,P2 · High,Industrial & Manufacturing,Manufacturing & Industrial,http://www.napoliuae.com
Oil Lab & Marine Surveyors Co. LLC,P2 · High,Industrial & Manufacturing,Energy & Utilities,http://www.oillabuae.com
Omega Engineering,P2 · High,Logistics & Trade,Trading & Distribution,http://www.omegaengg.com
Ottimo Office Furniture Factory LLC,P2 · High,Industrial & Manufacturing,Manufacturing & Industrial,http://www.ottimouae.com
Palmy Oils and Fats LLC,P2 · High,Logistics & Trade,Trading & Distribution,http://www.palmyoils.com
Pharma Plus,P2 · High,Logistics & Trade,Trading & Distribution,http://www.pharmaplus.ae
Planets Gypsum & Decor Co. LLC,P2 · High,Construction & Engineering,Construction & Contracting,http://www.decoration.ae
Polyfab International Sales,P2 · High,Industrial & Manufacturing,Manufacturing & Industrial,http://www.polyfabme.com
Prisma Electric Switchgear Industry LLC,P2 · High,Industrial & Manufacturing,Manufacturing & Industrial,http://www.prismauae.com
Quartz Trading LLC,P2 · High,Industrial & Manufacturing,Manufacturing & Industrial,http://www.quartzuae.com
RONAK INTERNATIONAL - UAE,P2 · High,Industrial & Manufacturing,Manufacturing & Industrial,http://www.ronakintl.com
Rasha gulf oil,P2 · High,Industrial & Manufacturing,Energy & Utilities,http://www.rashagulf.com
Rising Star Trading LLC,P2 · High,Logistics & Trade,Trading & Distribution,http://www.risingstar.ae
SK Export,P2 · High,Logistics & Trade,Trading & Distribution,http://www.sk-export.com
SKM Air Conditioning LLC,P2 · High,Industrial & Manufacturing,Manufacturing & Industrial,http://www.skmaircon.com
SONIC JET,P2 · High,Logistics & Trade,Logistics & Transport,http://www.sonicjet.aero
SYSTEC LLC,P2 · High,Logistics & Trade,Trading & Distribution,http://www.systecgoc.com
Seetal Private Limited,P2 · High,Logistics & Trade,Logistics & Transport,http://www.shrseetal.com
Sicily International,P2 · High,Industrial & Manufacturing,Manufacturing & Industrial,http://www.sicilyint.com
Sigi Truck & Heavy Machines Spare Parts Tr LLC,P2 · High,Logistics & Trade,Trading & Distribution,http://www.akscorpme.com
Sleep Fine mattresses,P2 · High,Industrial & Manufacturing,Manufacturing & Industrial,http://www.sleepfine.com
Son Visage,P2 · High,Industrial & Manufacturing,Manufacturing & Industrial,http://www.sonvisage.net
Susanniya Enterprise,P2 · High,Logistics & Trade,Trading & Distribution,http://www.susanniya.com
TESCAN Middle East,P2 · High,Logistics & Trade,Trading & Distribution,http://www.tescan-me.com
Tareeq Al Khaleej Prefab LLC,P2 · High,Industrial & Manufacturing,Manufacturing & Industrial,http://www.takprefab.com
Techno Middle East Co Ltd - Sharjah - UAE,P2 · High,Industrial & Manufacturing,Manufacturing & Industrial,http://www.techno-me.com
Technological Laboratory Furniture Manufacturer LLC,P2 · High,Industrial & Manufacturing,Manufacturing & Industrial,http://www.labtecllc.com
TradeBound Group,P2 · High,Logistics & Trade,Logistics & Transport,http://www.tradebound.co
TransOre International,P2 · High,Logistics & Trade,Trading & Distribution,http://www.trans-ore.com
Water Seal - International,P2 · High,Construction & Engineering,Construction & Contracting,https://watersealuae.com
Yorkmarine Electromech Cont. LLC,P2 · High,Construction & Engineering,Construction & Contracting,http://www.yorkmarine.ae
ZPetrochem,P2 · High,Logistics & Trade,Trading & Distribution,http://www.zpetrochem.ae
ACORN INDUSTRIES CO LLC,P2 · High,Industrial & Manufacturing,Manufacturing & Industrial,http://www.acornuae.com
ADEAREST,P2 · High,Construction & Engineering,Construction & Contracting,http://www.adearest.com
AEROPODA,P2 · High,Logistics & Trade,Logistics & Transport,http://www.aeropoda.com
AL MAMORAH-AL IMAN,P2 · High,Construction & Engineering,Construction & Contracting,http://www.almamorah.ae
AL NAKHLAH USED ELECT.DEVICES TR,P2 · High,Logistics & Trade,Trading & Distribution,http://www.alnakhlah.ae
AL OUFOUK CO.,P2 · High,Logistics & Trade,Trading & Distribution,http://www.aloufouk.com
AL SHAHEEN AL ASWAD TRADING LLC,P2 · High,Logistics & Trade,Trading & Distribution,http://www.asaatuae.com
AL TAMAM GROUP,P2 · High,Logistics & Trade,Trading & Distribution,http://www.tamamtec.com
AL THARWANIAH BUILDING CONTRACTING,P2 · High,Construction & Engineering,Construction & Contracting,http://www.atbc-uae.com
AL-Khayam Al Arabiah Tents & Sheds IND. LLC,P2 · High,Construction & Engineering,Construction & Contracting,http://www.akaatent.com
AYLA Transporting and Shipping LLC,P2 · High,Logistics & Trade,Logistics & Transport,http://www.aylagroup.ae
Afro Gulf,P2 · High,Logistics & Trade,Trading & Distribution,http://www.afrogulf.com
AiDigital,P2 · High,Logistics & Trade,Trading & Distribution,http://www.aidigital.ae
Aim Industries,P2 · High,Industrial & Manufacturing,Manufacturing & Industrial,http://www.aim-insu.com
Al Amana Fiberglass Factory LLC,P2 · High,Industrial & Manufacturing,Manufacturing & Industrial,http://www.amanagrp.com
Al Andalus Hotels Suppliers LLC,P2 · High,Logistics & Trade,Trading & Distribution,http://www.ashm-int.com
Al Awraq Al Khdhra Decor Cont LLC,P2 · High,Industrial & Manufacturing,Manufacturing & Industrial,http://www.aakdecor.com
Al Darhim Meat & Poultry,P2 · High,Industrial & Manufacturing,Manufacturing & Industrial,http://www.aldarhim.com
Al Fursan Computers,P2 · High,Logistics & Trade,Trading & Distribution,http://www.alfursan.net
Al Ghaimah HVAC Contracting LLC,P2 · High,Industrial & Manufacturing,Manufacturing & Industrial,http://www.alghaimah.ae
Al Hamad Group of Companies,P2 · High,Construction & Engineering,Construction & Contracting,http://www.al-hamad.com
Al Ibdaa Wire & Wireless Devices TR.,P2 · High,Industrial & Manufacturing,Manufacturing & Industrial,http://www.ibdaacom.com
Al Marwan Heavy Machinery,P2 · High,Industrial & Manufacturing,Manufacturing & Industrial,http://www.almarwan.com
Al Mezoon Marbles and Granites,P2 · High,Construction & Engineering,Construction & Contracting,http://www.almezoon.com
Al Muthathawerah Medical & Lab Equip. Tr. Co. LLC,P2 · High,Logistics & Trade,Trading & Distribution,http://www.mutatwra.com
Al Raied Sign,P2 · High,Industrial & Manufacturing,Manufacturing & Industrial,http://www.exceedfz.com
Al Rasafa Building Materials Trading,P2 · High,Construction & Engineering,Construction & Contracting,http://www.alrasafa.com
Al Sabouh Building Materials,P2 · High,Construction & Engineering,Construction & Contracting,http://www.alsabouh.com
Al Salehi Contracting Company,P2 · High,Construction & Engineering,Construction & Contracting,http://www.alsalehi.net
Al Samiah Furniture,P2 · High,Industrial & Manufacturing,Manufacturing & Industrial,http://www.alsamiah.com
Al Saqr Al Ramadi,P2 · High,Construction & Engineering,Construction & Contracting,http://www.alsaqrae.com
Al Sindan Electrical Devices Trading,P2 · High,Logistics & Trade,Trading & Distribution,http://www.alsindan.com
Al Subaiha Furniture Industries LLC,P2 · High,Industrial & Manufacturing,Manufacturing & Industrial,http://www.alsubaiha.ae
Al Swiss Insulation Company,P2 · High,Construction & Engineering,Construction & Contracting,http://www.kkjgroup.com
Al Wajnah Technical Contracting LLC,P2 · High,Construction & Engineering,Construction & Contracting,http://www.alwajnah.com
AlGenome,P2 · High,Industrial & Manufacturing,Manufacturing & Industrial,http://www.cgenomix.com
Albait Alaalamy Glass & Aluminium,P2 · High,Industrial & Manufacturing,Manufacturing & Industrial,http://www.alaalamy.com
Alico Industries Company Limited,P2 · High,Industrial & Manufacturing,Manufacturing & Industrial,http://www.alicoind.com
Altkamul Altiqani Computers,P2 · High,Construction & Engineering,Construction & Contracting,http://www.altkamul.com
Anamtech,P2 · High,Construction & Engineering,Construction & Contracting,http://www.anamtech.com
Aqua Arab Trading Co LLC,P2 · High,Logistics & Trade,Trading & Distribution,http://www.aquaarab.com
Arabian Gulf Switchgear LLC,P2 · High,Industrial & Manufacturing,Manufacturing & Industrial,http://www.agswitch.com
Arstones Marble Trading,P2 · High,Industrial & Manufacturing,Manufacturing & Industrial,http://www.arstones.com
Asim Foodstuff Trading Co. LLC,P2 · High,Logistics & Trade,Trading & Distribution,http://www.shafisons.ae
Australian Automatic Doors,P2 · High,Industrial & Manufacturing,Manufacturing & Industrial,http://www.autodoors.ae
BETEC CAD INDUSTRIES,P2 · High,Industrial & Manufacturing,Manufacturing & Industrial,http://www.beteccad.com
BPPCO - Al Barshaa Plastic Product Company,P2 · High,Industrial & Manufacturing,Manufacturing & Industrial,http://www.bppcouae.com
Beam Engineering & Construction Gulf Co. Ltd.,P2 · High,Construction & Engineering,Construction & Contracting,http://www.beam-uae.com
BioNatura,P2 · High,Industrial & Manufacturing,Manufacturing & Industrial,http://www.bionatura.ca
Bituroll,P2 · High,Industrial & Manufacturing,Manufacturing & Industrial,http://www.bituroll.com
Blindtex Blinds & Curtains,P2 · High,Industrial & Manufacturing,Manufacturing & Industrial,http://www.blindtex.com
BlueLine interiors LLC,P2 · High,Construction & Engineering,Construction & Contracting,http://www.blue-line.ae
Bolton Oilfield Services LLC,P2 · High,Industrial & Manufacturing,Energy & Utilities,http://www.boltonos.com
Buraq,P2 · High,Logistics & Trade,Logistics & Transport,http://www.buraqapp.com
CIJI Bldg. Metalic Const. Ind. LLC,P2 · High,Construction & Engineering,Construction & Contracting,http://www.cijialum.com
DOLPHINbyAMI,P2 · High,Industrial & Manufacturing,Manufacturing & Industrial,http://www.muqarram.com
Dar Al Najah Technical Contracting,P2 · High,Construction & Engineering,Construction & Contracting,http://www.danc-uae.com
Delta Global Business Services,P2 · High,Logistics & Trade,Logistics & Transport,http://www.deltagbs.com
Dr Scent,P2 · High,Industrial & Manufacturing,Manufacturing & Industrial,http://www.dr-scent.com
Dubai Industrial Gases,P2 · High,Industrial & Manufacturing,Manufacturing & Industrial,http://www.digc-shj.com
EMIRATES FIRE FIGHTING EQUIPMENT FACTORY LLC (FIREX),P2 · High,Industrial & Manufacturing,Manufacturing & Industrial,http://www.firexuae.com
EMTech . Industrial Solutions,P2 · High,Industrial & Manufacturing,Manufacturing & Industrial,http://www.emtechis.com
Emirates Grain Products Co. LLC,P2 · High,Industrial & Manufacturing,Manufacturing & Industrial,http://www.emigrain.com
Emirates Lube Oil Co. Ltd.,P2 · High,Industrial & Manufacturing,Energy & Utilities,http://www.elco-uae.com
Emirates Metallic Industries Limited Company (EMIC) LLC,P2 · High,Industrial & Manufacturing,Manufacturing & Industrial,http://www.emic-uae.com
Energy Industrial Company,P2 · High,Industrial & Manufacturing,Manufacturing & Industrial,http://www.energyind.ae
FNM - LED Lighting Solution,P2 · High,Logistics & Trade,Trading & Distribution,http://www.fnmgtllc.com
GAMA Engineering,P2 · High,Construction & Engineering,Construction & Contracting,http://www.gamaengg.com
GOLD COAST PORTS & MARINE GUIDE EQUIPMENTS TRADING LLC,P2 · High,Logistics & Trade,Trading & Distribution,http://www.goldcoast.ae
GP Global Group,P2 · High,Industrial & Manufacturing,Manufacturing & Industrial,http://www.gpglobal.com
GT ENERGI,P2 · High,Industrial & Manufacturing,Energy & Utilities,http://www.gtenergi.com
Gulf Glass Ind. Co. LLC.,P2 · High,Industrial & Manufacturing,Manufacturing & Industrial,http://www.gulfglass.ae
Gulf Rock,P2 · High,Construction & Engineering,Construction & Contracting,http://www.gulfrock.com
GulfScan,P2 · High,Industrial & Manufacturing,Manufacturing & Industrial,http://www.gulfscan.com
HANSA TRADING COMPANY LLC PER PERSON,P2 · High,Logistics & Trade,Trading & Distribution,http://www.hansatrd.com
Haroon Company,P2 · High,Industrial & Manufacturing,Manufacturing & Industrial,http://www.haroonco.com
Hawk & Bull,P2 · High,Industrial & Manufacturing,Manufacturing & Industrial,http://www.hawkbull.com
Highscope Engineering,P2 · High,Industrial & Manufacturing,Manufacturing & Industrial,http://www.highscope.ae
Housetex,P2 · High,Industrial & Manufacturing,Manufacturing & Industrial,http://www.housetex.com
INAS EXIM LLC,P2 · High,Logistics & Trade,Trading & Distribution,http://www.inasexim.com
Innoveda International General Trading LLC,P2 · High,Logistics & Trade,Trading & Distribution,http://www.iigtchem.com
Itqan Maintenance,P2 · High,Construction & Engineering,Construction & Contracting,http://www.itqanins.com
KALAMENN,P2 · High,Industrial & Manufacturing,Energy & Utilities,http://www.kalamenn.com
KASTRADE,P2 · High,Industrial & Manufacturing,Manufacturing & Industrial,http://www.kastrade.com
Kompass International Shipping Services,P2 · High,Logistics & Trade,Logistics & Transport,http://www.kompship.com
Lamprell,P2 · High,Construction & Engineering,Construction & Contracting,http://www.lamprell.com
MAKANK,P2 · High,Logistics & Trade,Logistics & Transport,http://www.gomakank.com
MIDAS BUILDING CONTRACTING,P2 · High,Construction & Engineering,Construction & Contracting,http://www.midasepc.com
MIR INTERNATIONAL LLC,P2 · High,Logistics & Trade,Trading & Distribution,http://www.mir-intl.com
Madinat Al Anwar Heavy Equip. Spare Parts Tr.,P2 · High,Logistics & Trade,Trading & Distribution,http://www.maaparts.com
Marvel International Technical Contracting L.L.C,P2 · High,Construction & Engineering,Construction & Contracting,http://www.marvelae.com
Mecton International Foods Co LLC,P2 · High,Logistics & Trade,Trading & Distribution,http://www.amexicana.co
Miracle Flight Support,P2 · High,Logistics & Trade,Logistics & Transport,http://www.miracle.aero
Mobil UAE,P2 · High,Industrial & Manufacturing,Manufacturing & Industrial,http://www.mobiluae.com
Mr. Airkon,P2 · High,Industrial & Manufacturing,Manufacturing & Industrial,http://www.mrairkon.com
Multi Tech Engineering Industries LLC,P2 · High,Industrial & Manufacturing,Manufacturing & Industrial,http://www.multitech.ae
NAJMAT AL REEF HEAVY EQUIPMENT TRADING LLC,P2 · High,Construction & Engineering,Construction & Contracting,http://www.alreef-me.ae
ND Defense Middle East,P2 · High,Industrial & Manufacturing,Manufacturing & Industrial,http://www.nddefense.ae
NOUR SABI,P2 · High,Industrial & Manufacturing,Manufacturing & Industrial,http://www.noursabi.com
Notredame Fibreglass & Industrial Marble Co. LLC,P2 · High,Industrial & Manufacturing,Manufacturing & Industrial,http://www.notredame.ae
Ocean Gate Line,P2 · High,Logistics & Trade,Logistics & Transport,http://www.oceangate.co
Omniya printing press services Est.,P2 · High,Industrial & Manufacturing,Manufacturing & Industrial,http://www.omniyapp.com
Oryx Industries,P2 · High,Industrial & Manufacturing,Manufacturing & Industrial,http://www.weareolg.com
POWER SIGN,P2 · High,Industrial & Manufacturing,Manufacturing & Industrial,http://www.powersign.ae
PROPAC OIL,P2 · High,Industrial & Manufacturing,Energy & Utilities,http://www.pro-lube.com
PURAMAX | Gold Factory Systems | UAE,P2 · High,Industrial & Manufacturing,Manufacturing & Industrial,http://www.pura-max.com
"Passtech, an Overmach Group Company",P2 · High,Industrial & Manufacturing,Manufacturing & Industrial,http://www.overmach.com
Phlox Security & Safety Equip,P2 · High,Industrial & Manufacturing,Manufacturing & Industrial,http://www.phloxuae.com
Pluto Electro-Mechanical Contracting Company,P2 · High,Construction & Engineering,Construction & Contracting,http://www.plutoemc.com
Poly cos plastic industries UAE,P2 · High,Industrial & Manufacturing,Manufacturing & Industrial,http://www.poly-cos.com
Presto Electromechanics Co.LLC,P2 · High,Construction & Engineering,Construction & Contracting,http://www.prestoae.com
Pureglass,P2 · High,Industrial & Manufacturing,Manufacturing & Industrial,http://www.pureglass.ae
QATE,P2 · High,Industrial & Manufacturing,Manufacturing & Industrial,http://www.qateintl.com
RVOLTECH,P2 · High,Industrial & Manufacturing,Manufacturing & Industrial,http://www.rvoltech.com
Rais Qureshi Marble & Granite L.L.C,P2 · High,Industrial & Manufacturing,Manufacturing & Industrial,http://www.rqmarble.com
Refurbish.ae,P2 · High,Logistics & Trade,Trading & Distribution,http://www.refurbish.ae
SEMIRAMEES BUILD. CONT. LLC,P2 · High,Construction & Engineering,Construction & Contracting,http://www.semrames.com
STYRO,P2 · High,Construction & Engineering,Construction & Contracting,http://www.styrouae.com
Seema Aluminium Works LLC,P2 · High,Industrial & Manufacturing,Manufacturing & Industrial,http://www.seemauae.com
Six Brothers Foodstuff Co. Ltd,P2 · High,Industrial & Manufacturing,Manufacturing & Industrial,http://www.six-bros.com
SnB World,P2 · High,Industrial & Manufacturing,Manufacturing & Industrial,http://www.snbworld.com
Swiss MEP Electromechanical Contracting,P2 · High,Construction & Engineering,Construction & Contracting,http://www.swissmep.com
TECHLOAD General Trading LLC,P2 · High,Logistics & Trade,Trading & Distribution,http://www.techload.org
Taseheel General Trading LLC,P2 · High,Logistics & Trade,Trading & Distribution,http://www.taseheel.com
Texgraff - Garment Decoration and Textile Printing Solutions,P2 · High,Industrial & Manufacturing,Manufacturing & Industrial,http://www.texgraff.com
Tiger Marine,P2 · High,Industrial & Manufacturing,Manufacturing & Industrial,http://www.tmarines.com
Truebell Group of Companies,P2 · High,Logistics & Trade,Trading & Distribution,http://www.truebell.org
Turbomot Marine Engineering LLC SP,P2 · High,Industrial & Manufacturing,Manufacturing & Industrial,http://www.turbomot.com
UAR_UAE,P2 · High,Construction & Engineering,Construction & Contracting,http://www.uardecor.com
United Gas Co L.L.C. (UNIGAS),P2 · High,Industrial & Manufacturing,Energy & Utilities,http://www.unigastt.com
Victory Printing Press LLC Sharjah | Dubai,P2 · High,Industrial & Manufacturing,Manufacturing & Industrial,http://www.vprintme.com
YKM Middle East,P2 · High,Industrial & Manufacturing,Manufacturing & Industrial,http://www.ykmgroup.com
iGraphics,P2 · High,Industrial & Manufacturing,Manufacturing & Industrial,http://www.igraphics.ae
merchlin,P2 · High,Logistics & Trade,Trading & Distribution,http://www.merchlin.com
AKT ENGG GENERAL TRADING LLC,P2 · High,Logistics & Trade,Trading & Distribution,http://www.aktengg.com
AL ADRAN LLC,P2 · High,Logistics & Trade,Trading & Distribution,http://www.aladran.com
AL FAIEZ A/C UNITS FIX CONT LLC,P2 · High,Construction & Engineering,Construction & Contracting,http://www.alfaiez.com
AL MAHASIN CALIBRATION DEVICES LLC. - AMCALME,P2 · High,Industrial & Manufacturing,Manufacturing & Industrial,http://www.amcalme.com
AL NAJM AL THAHABI KEYS & LOCKS TR.,P2 · High,Logistics & Trade,Trading & Distribution,http://www.gskeyae.com
AL RAFEDAIN MARINE SERVICES LLC,P2 · High,Logistics & Trade,Logistics & Transport,http://www.rmarine.net
AL SAFI CHEMICALS INDUSTRIES LLC,P2 · High,Industrial & Manufacturing,Manufacturing & Industrial,http://www.zolvtek.com
AL WASIT Group,P2 · High,Industrial & Manufacturing,Manufacturing & Industrial,http://www.alwasit.com
ALSEYAJ METALIC INDUSTRIES,P2 · High,Industrial & Manufacturing,Manufacturing & Industrial,http://www.alseyaj.com
Ace Group UAE,P2 · High,Industrial & Manufacturing,Manufacturing & Industrial,http://www.acegroup.me
Adventum Worldwide Machinery LLC,P2 · High,Industrial & Manufacturing,Manufacturing & Industrial,http://www.adventum.ae
AeroTransCargo (ATC),P2 · High,Logistics & Trade,Logistics & Transport,http://www.atc-md.aero
Al Aqsar Trading LLC,P2 · High,Logistics & Trade,Trading & Distribution,http://www.alaqsar.com
Al Daqah Steel Engg Works LLC,P2 · High,Industrial & Manufacturing,Manufacturing & Industrial,http://www.aldaqah.com
Al Fanous Glazing,P2 · High,Construction & Engineering,Construction & Contracting,http://www.alfanous.ae
Al Hanoo Contracting,P2 · High,Construction & Engineering,Construction & Contracting,http://www.alhanoo.net
Al Inayah,P2 · High,Logistics & Trade,Trading & Distribution,http://www.alinayah.ae
Al Jazib Packaging LLC,P2 · High,Industrial & Manufacturing,Manufacturing & Industrial,http://www.aljazib.com
Al Mamary Skylight,P2 · High,Construction & Engineering,Construction & Contracting,http://www.almamary.ae
Al Muhaisnah Hardware Tr LLC,P2 · High,Logistics & Trade,Trading & Distribution,http://www.tooluae.com
Al Muhanad Electro-Mech. Cont. LLC,P2 · High,Construction & Engineering,Construction & Contracting,http://www.memcouae.ae
Al Rawaa Glass & Mirror Factory,P2 · High,Industrial & Manufacturing,Manufacturing & Industrial,http://www.alrawaa.net
Al Shujaa Building Cont. LLC.,P2 · High,Construction & Engineering,Construction & Contracting,http://www.alshuja.com
Al Wahat Central Air Conditioning Trading Est.,P2 · High,Industrial & Manufacturing,Manufacturing & Industrial,http://www.wahatac.com
Al-Bahar,P2 · High,Industrial & Manufacturing,Manufacturing & Industrial,http://www.albahar.com
Alfawzan Tyres Trading Company,P2 · High,Industrial & Manufacturing,Manufacturing & Industrial,http://www.alfawzan.ae
Aquaplex,P2 · High,Logistics & Trade,Trading & Distribution,http://www.aquaplex.ae
Arabian Calibration Devices Rep Co LLC,P2 · High,Industrial & Manufacturing,Manufacturing & Industrial,http://www.arabcal.com
Arabian Jerusalem Equipment Trading Company LLC,P2 · High,Industrial & Manufacturing,Manufacturing & Industrial,http://www.al-quds.com
Autolking,P2 · High,Logistics & Trade,Trading & Distribution,http://www.autof2c.com
BAFTECH - BEZOUQ AL FAJR TECHNICAL CONTRACTING,P2 · High,Construction & Engineering,Construction & Contracting,http://www.baftech.com
BAHR AL IBDAA DECOR CONTRACTING LLC,P2 · High,Construction & Engineering,Construction & Contracting,http://www.bidcont.com
Building CO. (BEST) L.L.C,P2 · High,Construction & Engineering,Construction & Contracting,http://www.bestbcc.com
CA Chartered Accountants LLC,P2 · High,Logistics & Trade,Logistics & Transport,http://www.cacallc.com
City Tune Aluminium & Glass cont,P2 · High,Industrial & Manufacturing,Manufacturing & Industrial,http://www.citytune.ae
Corepac Packaging Factory LLC,P2 · High,Industrial & Manufacturing,Manufacturing & Industrial,http://www.corepac.net
DGenergy,P2 · High,Industrial & Manufacturing,Energy & Utilities,http://www.dgenergy.ae
DNK Engineering,P2 · High,Logistics & Trade,Trading & Distribution,http://www.dnkengg.com
Dana Gas,P2 · High,Industrial & Manufacturing,Energy & Utilities,http://www.danagas.com
Dar Alwd Construction L.L.C.,P2 · High,Construction & Engineering,Construction & Contracting,http://www.daralwd.com
Dayjour General Trading,P2 · High,Logistics & Trade,Trading & Distribution,http://www.dayjour.net
Denolex Polymers,P2 · High,Industrial & Manufacturing,Manufacturing & Industrial,http://www.denolex.com
Eagle Star Metalic Furniture Ind. LLC,P2 · High,Industrial & Manufacturing,Manufacturing & Industrial,http://www.orkitch.com
Ecobatch Plastic Factory,P2 · High,Industrial & Manufacturing,Manufacturing & Industrial,http://www.ecobatch.co
Electronic Control Industrial Services LLC,P2 · High,Industrial & Manufacturing,Manufacturing & Industrial,http://www.ecisuae.com
Embosal,P2 · High,Industrial & Manufacturing,Manufacturing & Industrial,http://www.embosal.com
Emirates German Industries L.L.C.,P2 · High,Industrial & Manufacturing,Manufacturing & Industrial,http://www.egigulf.com
Engineering Team Services L.L.C.,P2 · High,Construction & Engineering,Construction & Contracting,http://www.uae-ets.com
European United Company LLC,P2 · High,Construction & Engineering,Construction & Contracting,http://www.eucgate.com
Fast Line Express Courier Services,P2 · High,Logistics & Trade,Logistics & Transport,http://www.fastline.ae
Foscher,P2 · High,Logistics & Trade,Trading & Distribution,http://www.foscher.com
GIBCA DUBAI CO LLC,P2 · High,Industrial & Manufacturing,Manufacturing & Industrial,http://www.gibcaac.com
Ginco Contracting Co. LLC Sharjah,P2 · High,Construction & Engineering,Construction & Contracting,http://www.gccginco.ae
Glass Jet Industries,P2 · High,Industrial & Manufacturing,Manufacturing & Industrial,http://www.glassjet.ae
Golden House Marble,P2 · High,Industrial & Manufacturing,Manufacturing & Industrial,http://www.ghm-uae.com
Gulf Link Cargo - GLC,P2 · High,Logistics & Trade,Logistics & Transport,http://www.gulflink.ae
Gulf National Trading Agencies,P2 · High,Logistics & Trade,Trading & Distribution,http://www.gulfnat.com
HAK Plus,P2 · High,Industrial & Manufacturing,Manufacturing & Industrial,http://www.hakplus.com
IKON ENGINEERING,P2 · High,Construction & Engineering,Construction & Contracting,http://www.ikonuae.com
Inara International,P2 · High,Construction & Engineering,Construction & Contracting,http://www.inaraint.ae
International Group Prefabricated House LLC,P2 · High,Industrial & Manufacturing,Manufacturing & Industrial,http://www.igphllc.com
Jabal Al Safa Computer Devices Trading,P2 · High,Logistics & Trade,Trading & Distribution,http://www.efurbuy.com
L'Origine Manufacturing,P2 · High,Industrial & Manufacturing,Manufacturing & Industrial,http://www.lorigine.me
LEART,P2 · High,Industrial & Manufacturing,Manufacturing & Industrial,http://www.leartme.com
Lattafa Perfumes Industries,P2 · High,Industrial & Manufacturing,Manufacturing & Industrial,http://www.lattafa.com
Major Hardware Company,P2 · High,Logistics & Trade,Trading & Distribution,http://www.majorhw.com
Malaney Group,P2 · High,Logistics & Trade,Trading & Distribution,http://www.malaney.com
Mario Aluminium & Glass Factory (L.L.C),P2 · High,Industrial & Manufacturing,Manufacturing & Industrial,http://www.marioag.com
Menassah Distribution,P2 · High,Logistics & Trade,Trading & Distribution,http://www.menassah.ae
MeskAir,P2 · High,Logistics & Trade,Logistics & Transport,http://www.meskair.com
Midas Electromechanical Contracting.llc,P2 · High,Construction & Engineering,Construction & Contracting,http://www.midasec.com
MobiMEA,P2 · High,Logistics & Trade,Trading & Distribution,http://www.mobimea.com
Moda Vitta Global,P2 · High,Logistics & Trade,Logistics & Transport,http://www.mvglobal.eu
NSCO Contracting LLC,P2 · High,Construction & Engineering,Construction & Contracting,http://www.nscouae.com
Nahr Al Neel Electromechanical Cont,P2 · High,Construction & Engineering,Construction & Contracting,https://nahralneel.com
Najma Al Ajyal for General Trading & Contracting L.L.C,P2 · High,Construction & Engineering,Construction & Contracting,http://www.naacllc.com
Navis Marine Services,P2 · High,Logistics & Trade,Logistics & Transport,http://www.navisms.com
Nexgpro Engineering Services,P2 · High,Construction & Engineering,Construction & Contracting,http://www.nexgpro.com
Nuragro,P2 · High,Logistics & Trade,Trading & Distribution,http://www.nuragro.com
Onyx Insulation Cont. LLC,P2 · High,Construction & Engineering,Construction & Contracting,http://www.onyx-me.com
Plastica Industries,P2 · High,Industrial & Manufacturing,Manufacturing & Industrial,http://www.plastica.ae
Qasr Al Ainaya,P2 · High,Logistics & Trade,Trading & Distribution,http://www.qaa-uae.com
RAYAHEEN INDUSTRIES,P2 · High,Industrial & Manufacturing,Manufacturing & Industrial,http://www.rayaheen.co
ROVOTICS,P2 · High,Industrial & Manufacturing,Manufacturing & Industrial,http://www.rovotics.ae
Sky One,P2 · High,Logistics & Trade,Logistics & Transport,http://www.skyone.aero
Sustainable Building Solutions - PHOMI UAE,P2 · High,Construction & Engineering,Construction & Contracting,http://www.sbsphomi.ae
TEKMENS LLC,P2 · High,Construction & Engineering,Construction & Contracting,http://www.tekmens.com
Van Factory,P2 · High,Industrial & Manufacturing,Manufacturing & Industrial,http://www.vangroup.ae
Wingrou Pipe Fittings,P2 · High,Industrial & Manufacturing,Manufacturing & Industrial,http://www.wingrou.com
YES Clean,P2 · High,Industrial & Manufacturing,Manufacturing & Industrial,http://www.yesclean.ae
AIRWELL A/C UNIT FIX CONT LLC,P2 · High,Construction & Engineering,Construction & Contracting,http://www.airwell.ae
AL ADEEL METAL CONST. FACTORY L.L.C.,P2 · High,Industrial & Manufacturing,Manufacturing & Industrial,http://www.aladeel.me
AL IKHWA CLEARING AND FORWARDING,P2 · High,Logistics & Trade,Logistics & Transport,http://www.alikhwa.ae
AL JEZAIEE BLDG. CONT. LLC.,P2 · High,Construction & Engineering,Construction & Contracting,http://www.jbcuae.net
AL MAFHOUM PREFAB HOUSES FACTORY LLC. ( MAFFAB ),P2 · High,Industrial & Manufacturing,Manufacturing & Industrial,http://www.maffab.com
AL RIMH AL THAHABI BLDG MAT TR LLC,P2 · High,Industrial & Manufacturing,Manufacturing & Industrial,http://www.alrimh.com
AL SAHIL AL RAMLI SHIPPING LLC,P2 · High,Logistics & Trade,Logistics & Transport,http://www.uaesrs.com
AL SAQR INDUSTRIES L.L.C.,P2 · High,Industrial & Manufacturing,Manufacturing & Industrial,http://www.saqrme.com
ASC MENA,P2 · High,Construction & Engineering,Construction & Contracting,http://www.ascfzc.com
ATA Switchgear Assembling Co. LLC,P2 · High,Industrial & Manufacturing,Manufacturing & Industrial,http://www.ataswg.com
ATC - Carrier,P2 · High,Construction & Engineering,Construction & Contracting,http://www.atc4ac.com
AUZERA HOLDINGS LLC,P2 · High,Industrial & Manufacturing,Manufacturing & Industrial,http://www.auzera.org
Ahbira Middle East,P2 · High,Logistics & Trade,Trading & Distribution,http://www.ahbira.com
"Al AMEQ TECH, CONT (SALCO BUILDING CONTRACTING)",P2 · High,Construction & Engineering,Construction & Contracting,http://www.alameq.com
Al Baraa Building Contracting,P2 · High,Construction & Engineering,Construction & Contracting,http://www.albaraa.ae
Al Borj Machinery LLC,P2 · High,Industrial & Manufacturing,Manufacturing & Industrial,http://www.alborj.com
Al Fadha Marbles and Granites Tr. LLC,P2 · High,Logistics & Trade,Trading & Distribution,http://www.alfadha.ae
Al Haseb Group of Companies,P2 · High,Industrial & Manufacturing,Manufacturing & Industrial,http://www.alhaseb.me
Al Sumaa Building Maintenance Co LLC,P2 · High,Construction & Engineering,Construction & Contracting,http://www.alsumaa.ae
Alhamy Metal,P2 · High,Industrial & Manufacturing,Manufacturing & Industrial,http://www.alhamy.net
Ammoria Building Contracting LLC,P2 · High,Construction & Engineering,Construction & Contracting,http://www.ammoria.ae
Armor Lubricants- Lubricant Oil Manufacturer and Supplier in UAE,P2 · High,Industrial & Manufacturing,Manufacturing & Industrial,http://www.armorlu.be
BK Printing press,P2 · High,Industrial & Manufacturing,Manufacturing & Industrial,http://www.bk-uae.com
Best Metal Steel TR L.L.C,P2 · High,Industrial & Manufacturing,Manufacturing & Industrial,http://www.bmsteel.ae
Boon International Technical Services LLC,P2 · High,Construction & Engineering,Construction & Contracting,http://www.boonuae.ae
CONTINENTAL CHEM & IND MAT TR CO LLC,P2 · High,Logistics & Trade,Trading & Distribution,http://www.ctcuae.com
Catania Ref. and Kitchen Equipment IND LLC,P2 · High,Construction & Engineering,Construction & Contracting,http://www.catania.ae
CiS Sport Fields & Halls Contracting LLC,P2 · High,Construction & Engineering,Construction & Contracting,http://www.cis-sf.com
Coastal Light Foodstuff Trading,P2 · High,Logistics & Trade,Trading & Distribution,http://www.clfuae.com
Cornish Aluminium,P2 · High,Industrial & Manufacturing,Manufacturing & Industrial,http://www.cornish.ae
Cost Air,P2 · High,Construction & Engineering,Construction & Contracting,http://www.costair.ae
Crateco Pack LLC,P2 · High,Industrial & Manufacturing,Manufacturing & Industrial,http://www.crateco.ae
Dubai Engineering (DECO Group),P2 · High,Construction & Engineering,Construction & Contracting,http://www.decoae.com
Ducorr,P2 · High,Industrial & Manufacturing,Manufacturing & Industrial,http://www.ducorr.com
EGreen - Al Hutaib Group,P2 · High,Industrial & Manufacturing,Manufacturing & Industrial,http://www.egreen.biz
ERI Technical Services,P2 · High,Industrial & Manufacturing,Manufacturing & Industrial,http://www.eri-ts.com
Extra Co Group,P2 · High,Construction & Engineering,Construction & Contracting,http://www.extraco.ae
FMZ Enterprises,P2 · High,Logistics & Trade,Trading & Distribution,http://www.fmzent.com
Future Freight CO,P2 · High,Logistics & Trade,Logistics & Transport,http://www.ffcfzc.com
GECO M&E LTD,P2 · High,Construction & Engineering,Construction & Contracting,http://www.gecome.com
Green Oasis Decor LLC,P2 · High,Construction & Engineering,Construction & Contracting,http://www.godecor.ae
HILALI INDUSTRIES CO. L.L.C,P2 · High,Industrial & Manufacturing,Manufacturing & Industrial,http://www.mybrax.com
IAT COMPUTEE LLC,P2 · High,Logistics & Trade,Trading & Distribution,http://www.iat-me.com
ISRA Middle East,P2 · High,Industrial & Manufacturing,Manufacturing & Industrial,http://www.israme.com
ISSACO LOGISTICS,P2 · High,Logistics & Trade,Logistics & Transport,http://www.issaco.com
Imanco trading,P2 · High,Logistics & Trade,Trading & Distribution,http://www.imanco.net
Inmarco,P2 · High,Industrial & Manufacturing,Manufacturing & Industrial,http://www.inmarco.ae
Integrated Charter Solutions,P2 · High,Logistics & Trade,Logistics & Transport,http://www.icsdxb.com
Integrated Design Engineering IDE,P2 · High,Construction & Engineering,Construction & Contracting,http://www.ide.design
Kitcherama Group,P2 · High,Logistics & Trade,Trading & Distribution,http://www.ktcuae.net
Kwality Global,P2 · High,Industrial & Manufacturing,Manufacturing & Industrial,http://www.kwality.ae
Kyma,P2 · High,Industrial & Manufacturing,Manufacturing & Industrial,http://www.mykyma.com
LAK -Layali Al Khaleej,P2 · High,Industrial & Manufacturing,Manufacturing & Industrial,http://www.laktrd.com
Lacnor,P2 · High,Industrial & Manufacturing,Manufacturing & Industrial,http://www.lacnor.com
Marmara Marbles And Granite LLC,P2 · High,Industrial & Manufacturing,Manufacturing & Industrial,http://www.marmara.ae
Milad Marble,P2 · High,Industrial & Manufacturing,Manufacturing & Industrial,http://www.rocmet.com
Moazzam Ali Building Materials Trading L.L.C. (SP),P2 · High,Construction & Engineering,Construction & Contracting,http://www.mabmtr.com
Ocean Sun Marine Services L.L.C,P2 · High,Logistics & Trade,Logistics & Transport,http://www.os-mar.com
Oslo Al Khaleej Electrical Industries LLC,P2 · High,Industrial & Manufacturing,Manufacturing & Industrial,http://www.oslouae.ae
PAKLITE,P2 · High,Industrial & Manufacturing,Manufacturing & Industrial,http://www.paklite.ae
PANKOUL FURNITURE BLINDS,P2 · High,Industrial & Manufacturing,Manufacturing & Industrial,http://www.pankoul.ae
RS Group (Reliable Solutions Group),P2 · High,Construction & Engineering,Construction & Contracting,http://www.rsgroup.ae
RUKN AL NOOR CARPENTRY L.L.C,P2 · High,Industrial & Manufacturing,Manufacturing & Industrial,http://www.racuae.com
Riviera Boat,P2 · High,Industrial & Manufacturing,Manufacturing & Industrial,http://www.riviera.ae
Rukin Al Basmah Building Contracting LLC,P2 · High,Construction & Engineering,Construction & Contracting,http://www.rabuae.com
Rukn Al Qimah Technical Contracting,P2 · High,Construction & Engineering,Construction & Contracting,http://www.raqtech.ae
SEDANA Trading Company (STC),P2 · High,Logistics & Trade,Trading & Distribution,http://www.sedana.com
SUNFLEX Middle East,P2 · High,Industrial & Manufacturing,Manufacturing & Industrial,http://www.sunflex.ae
Sarhan Interior Design LLC,P2 · High,Construction & Engineering,Construction & Contracting,http://www.siduae.com
Shameem Ibrahim Eng. Turning (LLC),P2 · High,Industrial & Manufacturing,Manufacturing & Industrial,http://www.siengg.com
Sharjah National Lube Oil CO. L.L.C.,P2 · High,Industrial & Manufacturing,Energy & Utilities,http://www.sharlu.com
Sharjah Taxi,P2 · High,Logistics & Trade,Logistics & Transport,http://www.shjtaxi.ae
Siom Marble & Granite Trading LLC,P2 · High,Industrial & Manufacturing,Manufacturing & Industrial,http://www.siomtr.com
Skybizz,P2 · High,Logistics & Trade,Logistics & Transport,http://www.skybizz.ae
Supertech Industries LLC,P2 · High,Industrial & Manufacturing,Manufacturing & Industrial,http://www.stiuae.com
Tawseel,P2 · High,Logistics & Trade,Logistics & Transport,http://www.tawseel.ae
The Right Floor Trading LLC.,P2 · High,Logistics & Trade,Trading & Distribution,http://www.rosetta.ae
Thermal Insulation,P2 · High,Construction & Engineering,Construction & Contracting,http://www.thermal.ae
Top Concrete Products Factory,P2 · High,Industrial & Manufacturing,Manufacturing & Industrial,http://www.top-uae.ae
True Sea Services,P2 · High,Industrial & Manufacturing,Manufacturing & Industrial,http://www.truesea.ae
U-Light,P2 · High,Industrial & Manufacturing,Manufacturing & Industrial,http://www.u-light.co
UAECSD,P2 · High,Construction & Engineering,Construction & Contracting,http://www.uaecsd.com
Unesia Aluminium Contracting,P2 · High,Industrial & Manufacturing,Manufacturing & Industrial,http://www.unesia.com
VELATH Group,P2 · High,Industrial & Manufacturing,Manufacturing & Industrial,http://www.velath.com
Wellfab Steel Works LLC,P2 · High,Industrial & Manufacturing,Manufacturing & Industrial,http://www.wellfab.ae
White Globe Aviation,P2 · High,Logistics & Trade,Logistics & Transport,http://www.wgavia.com
YK DECOR L.L.C,P2 · High,Construction & Engineering,Construction & Contracting,http://www.ykdecor.ae
ZABTECH CONT. LLC,P2 · High,Construction & Engineering,Construction & Contracting,http://www.zabtech.ae
re.life,P2 · High,Logistics & Trade,Logistics & Transport,http://www.relife.com
tissage - couture modeste,P2 · High,Industrial & Manufacturing,Manufacturing & Industrial,http://www.tissage.me
viSole Group of Companies,P2 · High,Logistics & Trade,Trading & Distribution,http://www.visole.net
نقل اثاث دبي أفضل شركة ليلى نقل اثاث في دبي اتصل بنا 0566585072,P2 · High,Logistics & Trade,Logistics & Transport,http://www.lmovers.ae
A3 Sign - Al Alamaa Al Mumayzah Sign,P2 · High,Industrial & Manufacturing,Manufacturing & Industrial,http://www.a3uae.com
Ajanta Packaging,P2 · High,Industrial & Manufacturing,Manufacturing & Industrial,http://www.ajanta.ae
Al Bait Al Malaky Industries,P2 · High,Industrial & Manufacturing,Manufacturing & Industrial,http://www.abm-i.com
Alwan Marine,P2 · High,Logistics & Trade,Logistics & Transport,http://www.amscg.com
COMFET®,P2 · High,Logistics & Trade,Trading & Distribution,http://www.comfet.me
DAHLA GROUP,P2 · High,Logistics & Trade,Logistics & Transport,http://www.dahla.net
DDC INTERNATIONAL FACTORY,P2 · High,Industrial & Manufacturing,Manufacturing & Industrial,http://www.ddcif.com
DECENT Group of Companies,P2 · High,Construction & Engineering,Construction & Contracting,http://www.decent.ae
Five Logistics,P2 · High,Logistics & Trade,Logistics & Transport,http://www.5ive.aero
IKN Global Group,P2 · High,Industrial & Manufacturing,Manufacturing & Industrial,http://www.ikngl.com
ISEAS LLC,P2 · High,Industrial & Manufacturing,Energy & Utilities,http://www.iseas.com
Integrated Petroleum Company - IPC,P2 · High,Industrial & Manufacturing,Energy & Utilities,http://www.ipcoil.ae
Julnar General Trading L.L.C.,P2 · High,Logistics & Trade,Trading & Distribution,http://www.julnar.ae
KHUBARA ALIBDAA CONCRETE CONTRACTING L.L.C,P2 · High,Industrial & Manufacturing,Manufacturing & Industrial,http://www.ki-pt.com
Keycee,P2 · High,Construction & Engineering,Construction & Contracting,http://www.keycee.in
Lilium Creative Factory,P2 · High,Industrial & Manufacturing,Manufacturing & Industrial,http://www.lilium.ae
MUC Oil & Gas Engineering Consultancy,P2 · High,Industrial & Manufacturing,Energy & Utilities,http://www.mucog.com
Mapack Packaging,P2 · High,Industrial & Manufacturing,Manufacturing & Industrial,http://www.mapack.ae
Mars Group of Companies,P2 · High,Logistics & Trade,Trading & Distribution,http://www.marsme.ae
Metal Solution Industries LLC,P2 · High,Industrial & Manufacturing,Manufacturing & Industrial,http://www.msillc.ae
Moonstone Lighting Factory,P2 · High,Industrial & Manufacturing,Manufacturing & Industrial,http://www.mstone.ae
NTEICO,P2 · High,Industrial & Manufacturing,Manufacturing & Industrial,http://www.nteico.ae
Nazih Group,P2 · High,Logistics & Trade,Trading & Distribution,http://www.nazih.com
Printo,P2 · High,Industrial & Manufacturing,Manufacturing & Industrial,http://www.printo.ae
SKYMAT,P2 · High,Industrial & Manufacturing,Manufacturing & Industrial,http://www.skymat.me
Sadeco Decor LLC,P2 · High,Construction & Engineering,Construction & Contracting,http://www.sadeco.ae
Scitra,P2 · High,Industrial & Manufacturing,Manufacturing & Industrial,http://www.scitra.ae
SeHus International,P2 · High,Logistics & Trade,Trading & Distribution,http://www.sehus.com
Seven Seas Group LLC,P2 · High,Industrial & Manufacturing,Energy & Utilities,http://www.ssgae.com
SnowBow Fire protection LLC,P2 · High,Construction & Engineering,Construction & Contracting,http://www.sbfire.ae
Virtux NFC Business Cards,P2 · High,Industrial & Manufacturing,Manufacturing & Industrial,http://www.virtux.in
Wheeler Industrial Middle East LLC,P2 · High,Industrial & Manufacturing,Manufacturing & Industrial,http://www.wiwme.com
Xuzhou Construction Machinery (XCMCME) Middle East,P2 · High,Industrial & Manufacturing,Manufacturing & Industrial,http://www.xcmcme.ae
Zebian Industries,P2 · High,Industrial & Manufacturing,Manufacturing & Industrial,http://www.zebian.ae
i-kWh,P2 · High,Industrial & Manufacturing,Energy & Utilities,http://www.i-kwh.com
ALDES MIDDLE EAST,P2 · High,Industrial & Manufacturing,Manufacturing & Industrial,http://www.aldes.ae
ARFUF,P2 · High,Industrial & Manufacturing,Manufacturing & Industrial,http://www.arfuf.ae
Al AHd building metallic,P2 · High,Construction & Engineering,Construction & Contracting,http://www.alahd.me
Al Jedar Trading,P2 · High,Logistics & Trade,Trading & Distribution,http://www.jedar.ae
Al Ras Group,P2 · High,Logistics & Trade,Trading & Distribution,http://www.alras.me
Arona Trading LLC,P2 · High,Logistics & Trade,Trading & Distribution,http://www.arona.ae
Dalma Electronics L.L.C,P2 · High,Logistics & Trade,Trading & Distribution,http://www.dalma.ae
Ditra,P2 · High,Industrial & Manufacturing,Manufacturing & Industrial,http://www.ditra.ae
Fedortech,P2 · High,Industrial & Manufacturing,Manufacturing & Industrial,http://www.fedor.ae
GLAZE Granite & Marble Tr. LLC SP,P2 · High,Industrial & Manufacturing,Manufacturing & Industrial,http://www.glaze.ae
GME AVIATION SERVICES DWC-LLC,P2 · High,Logistics & Trade,Logistics & Transport,http://www.gme.aero
HIBCO GEN TR L.L.C,P2 · High,Logistics & Trade,Trading & Distribution,http://www.hibco.ae
Jamix Concrete,P2 · High,Industrial & Manufacturing,Manufacturing & Industrial,http://www.jamix.ae
KATCO - KHALID ALARABID RT CO LLC,P2 · High,Logistics & Trade,Trading & Distribution,http://www.katco.ae
MR BUS LLC,P2 · High,Logistics & Trade,Logistics & Transport,http://www.mrbus.ae
MUMAYAZ AL NOOR TECHNICAL SERVICES,P2 · High,Construction & Engineering,Construction & Contracting,http://www.mants.ae
Mehta Hardware Trading Co LLC,P2 · High,Logistics & Trade,Trading & Distribution,http://www.mehta.ae
Modern Technology Industries L.L.C,P2 · High,Industrial & Manufacturing,Manufacturing & Industrial,http://www.mtind.ae
Nogta LLC,P2 · High,Industrial & Manufacturing,Manufacturing & Industrial,http://www.nogta.ae
Oxygen Aerospace,P2 · High,Industrial & Manufacturing,Manufacturing & Industrial,http://www.oas.aero
Pearl Industries LLC,P2 · High,Industrial & Manufacturing,Manufacturing & Industrial,http://www.pearl.ae
Qomra.ae,P2 · High,Construction & Engineering,Construction & Contracting,http://www.qomra.ae
RAQI,P2 · High,Logistics & Trade,Logistics & Transport,http://www.raqi.com
RIMCO,P2 · High,Industrial & Manufacturing,Manufacturing & Industrial,http://www.rimco.ae
SANCO Building Materials LLC,P2 · High,Construction & Engineering,Construction & Contracting,http://www.sanco.ae
SIMCO Industrial Machinery Company,P2 · High,Industrial & Manufacturing,Manufacturing & Industrial,http://www.simco.ae
Sasts.ae,P2 · High,Construction & Engineering,Construction & Contracting,http://www.sasts.ae
TAMCO Gulf Factory Limited,P2 · High,Industrial & Manufacturing,Manufacturing & Industrial,http://www.tamco.ae
TESAA Office Suppliers,P2 · High,Logistics & Trade,Trading & Distribution,http://www.tesaa.ae
Turuq Engineering,P2 · High,Construction & Engineering,Construction & Contracting,http://www.turuq.ae
Value Addition,P2 · High,Construction & Engineering,Construction & Contracting,http://www.value.ae
AKAT - The Future of Cold Chain,P2 · High,Industrial & Manufacturing,Manufacturing & Industrial,http://www.akat.ae
Alys Gallery,P2 · High,Industrial & Manufacturing,Manufacturing & Industrial,http://www.asio.ae
CMYK Digital Solutions Trading,P2 · High,Logistics & Trade,Trading & Distribution,http://www.cmyk.ae
CTEK Offshore,P2 · High,Construction & Engineering,Construction & Contracting,http://www.ctek.ae
Gama Electrical Trading Co. (LLC),P2 · High,Logistics & Trade,Trading & Distribution,http://www.gama.ae
Gulf and Middle East Machines Tr,P2 · High,Logistics & Trade,Trading & Distribution,http://www.gmem.me
Herz Middle East,P2 · High,Logistics & Trade,Trading & Distribution,http://www.herz.ae
Salah Din Nizam Building Contracting,P2 · High,Construction & Engineering,Construction & Contracting,http://www.snbc.ae
Sharjah National Oil Corporation (SNOC),P2 · High,Industrial & Manufacturing,Energy & Utilities,http://www.snoc.ae
Sharjah Transport Solutions,P2 · High,Logistics & Trade,Logistics & Transport,http://www.stsc.ae
TEMPERATURES ASIA AC CENTRAL,P2 · High,Construction & Engineering,Construction & Contracting,http://www.taac.me
Tahir Amin Insulation Cont. LLC,P2 · High,Construction & Engineering,Construction & Contracting,http://www.taic.ae
AWP - Advanced Wear Parts,P2 · High,Industrial & Manufacturing,Manufacturing & Industrial,http://www.awp.ae
"Al Zarouni International Equipment, LLC",P2 · High,Logistics & Trade,Trading & Distribution,http://www.zie.ae
Cast Aluminium Industries,P2 · High,Industrial & Manufacturing,Manufacturing & Industrial,http://www.cai.ae
JAF Painting Company | Art Made to Measure,P2 · High,Construction & Engineering,Construction & Contracting,http://www.jaf.ae
MCL ( MAG Container Lines ),P2 · High,Logistics & Trade,Logistics & Transport,http://www.mcl.ae
Magic Trading Company LLC Sharjah UAE,P2 · High,Logistics & Trade,Trading & Distribution,http://www.mtc.ae
National Cables Industry,P2 · High,Industrial & Manufacturing,Manufacturing & Industrial,http://www.nci.ae
New Way Logistic Services LLC,P2 · High,Logistics & Trade,Logistics & Transport,http://www.nwl.ae
OCEAN RUBBER FACTORY LLC,P2 · High,Industrial & Manufacturing,Manufacturing & Industrial,http://www.orf.ae
ORIENT CONCRETE PRODUCTS L.L.C,P2 · High,Industrial & Manufacturing,Manufacturing & Industrial,http://www.ost.ae
PGI GROUP,P2 · High,Logistics & Trade,Trading & Distribution,http://www.pgi.ae
PMG Printhouse,P2 · High,Industrial & Manufacturing,Manufacturing & Industrial,http://www.pmg.ae
Tatweer Roads Contracting,P2 · High,Construction & Engineering,Construction & Contracting,http://www.trc.ae
World Thermal Insulation Materials LLC,P2 · High,Construction & Engineering,Construction & Contracting,http://www.wti.ae
2XL Furniture & Home Decor,P2 · High,Industrial & Manufacturing,Manufacturing & Industrial,
3A SOLUTIONS,P2 · High,Industrial & Manufacturing,Manufacturing & Industrial,
A I G Shipping LLC,P2 · High,Logistics & Trade,Logistics & Transport,
AAL MIR PLASTIC IND LLC,P2 · High,Industrial & Manufacturing,Manufacturing & Industrial,
AD Ports Group,P2 · High,Logistics & Trade,Logistics & Transport,
AL BAHJAH BC,P2 · High,Construction & Engineering,Construction & Contracting,
AL DHAIDH ALUMINIUM AND STEEL WORKS,P2 · High,Industrial & Manufacturing,Manufacturing & Industrial,
AL SAAD Sanitary and Electrical Works Establishment,P2 · High,Construction & Engineering,Construction & Contracting,
AL TAJ BLDG. METALLIC CONST. FACTORY L.L.C,P2 · High,Industrial & Manufacturing,Manufacturing & Industrial,
AL TATWEER INDUSTRIES,P2 · High,Industrial & Manufacturing,Manufacturing & Industrial,
AL WAHA MARBLES FACTORY LLC,P2 · High,Industrial & Manufacturing,Manufacturing & Industrial,
AMT (MENA) Ltd / Amalgamated Metal Trading,P2 · High,Industrial & Manufacturing,Manufacturing & Industrial,
APAD,P2 · High,Logistics & Trade,Logistics & Transport,
ASGC Construction,P2 · High,Construction & Engineering,Construction & Contracting,
Abdolrahim Haghayegh Shipping and Cargo,P2 · High,Logistics & Trade,Logistics & Transport,
Abdulla Al Naqbi Trading Company LLC,P2 · High,Logistics & Trade,Trading & Distribution,
Active General Trading,P2 · High,Logistics & Trade,Trading & Distribution,
Advanced Global Technologies,P2 · High,Construction & Engineering,Construction & Contracting,
Agility Logistics,P2 · High,Logistics & Trade,Logistics & Transport,
Agthia Group,P2 · High,Industrial & Manufacturing,Manufacturing & Industrial,
Ahad Cargo Transport Heavy Equipment Rental LLC,P2 · High,Construction & Engineering,Construction & Contracting,
Air Arabia Cargo,P2 · High,Logistics & Trade,Logistics & Transport,
Al Adeeb Building Material Trading LLC,P2 · High,Industrial & Manufacturing,Manufacturing & Industrial,
Al Afeef Kitchens and Accessories,P2 · High,Logistics & Trade,Trading & Distribution,
Al Ahabab Trading LLC,P2 · High,Logistics & Trade,Trading & Distribution,
Al Alali Gen Materials Transport,P2 · High,Logistics & Trade,Logistics & Transport,
Al Amjad Foodstuff Co,P2 · High,Logistics & Trade,Trading & Distribution,
Al Arabia Bunkering Company,P2 · High,Logistics & Trade,Logistics & Transport,
Al Areef Marine Contracting,P2 · High,Construction & Engineering,Construction & Contracting,
Al Asfaran Steel Masonry & Aluminium Smelting LLC,P2 · High,Industrial & Manufacturing,Manufacturing & Industrial,
Al Awdah Kitchen Equipments,P2 · High,Logistics & Trade,Trading & Distribution,
Al Azm Computer Systems LLC,P2 · High,Construction & Engineering,Construction & Contracting,
Al Bait Al Hadi Refabricated House,P2 · High,Construction & Engineering,Construction & Contracting,
Al Barashi,P2 · High,Construction & Engineering,Construction & Contracting,
Al Barjeel Marble Tr. L.L.C,P2 · High,Industrial & Manufacturing,Manufacturing & Industrial,
Al Barout General Transport,P2 · High,Logistics & Trade,Logistics & Transport,
Al Bilabil Trading Company,P2 · High,Logistics & Trade,Trading & Distribution,
Al Dana Meats Supply Factory,P2 · High,Industrial & Manufacturing,Manufacturing & Industrial,
Al Deek Ladies Accessories Industry LLC,P2 · High,Industrial & Manufacturing,Manufacturing & Industrial,
Al Dereya Steels,P2 · High,Industrial & Manufacturing,Manufacturing & Industrial,
Al Dimashqi Marble & Granite Factory LLC - Showroom,P2 · High,Industrial & Manufacturing,Manufacturing & Industrial,
Al Dolphin Heavy Equipment,P2 · High,Industrial & Manufacturing,Manufacturing & Industrial,
Al Fadhel Transport,P2 · High,Logistics & Trade,Logistics & Transport,
Al Falaq Trading Est,P2 · High,Logistics & Trade,Trading & Distribution,
Al Faraa Construction,P2 · High,Construction & Engineering,Construction & Contracting,
Al Fareah General Land Transport,P2 · High,Logistics & Trade,Logistics & Transport,
Al Ghurair Foods,P2 · High,Industrial & Manufacturing,Manufacturing & Industrial,
Al Ghurair Iron And Steel LLC,P2 · High,Industrial & Manufacturing,Manufacturing & Industrial,
Al Hadeer Marble & Stone Factory,P2 · High,Industrial & Manufacturing,Manufacturing & Industrial,
Al Halabi Refrigeration & Kitchen Equipment Factory LLC,P2 · High,Industrial & Manufacturing,Manufacturing & Industrial,
Al Hamad Building Contracting,P2 · High,Construction & Engineering,Construction & Contracting,
Al Humoudi Industrial Machinery Trading Company LLC,P2 · High,Industrial & Manufacturing,Manufacturing & Industrial,
Al Iqbal Perfumes LLC,P2 · High,Industrial & Manufacturing,Manufacturing & Industrial,
Al Islami Foods,P2 · High,Industrial & Manufacturing,Manufacturing & Industrial,
Al Isra Marble LLC,P2 · High,Industrial & Manufacturing,Manufacturing & Industrial,
Al Itqan,P2 · High,Industrial & Manufacturing,Manufacturing & Industrial,
Al Jaber Used Heavy Equipment Trading LLC,P2 · High,Industrial & Manufacturing,Manufacturing & Industrial,
Al Karawan Construction Equipment Rental,P2 · High,Construction & Engineering,Construction & Contracting,
Al Khazzan Trading,P2 · High,Logistics & Trade,Trading & Distribution,
Al Madar Metal Const. Factory L.L.C,P2 · High,Industrial & Manufacturing,Manufacturing & Industrial,
Al Manakh Building Contracting Company LLC,P2 · High,Construction & Engineering,Construction & Contracting,
Al Marqab Heavy Equipment Trading LLC,P2 · High,Industrial & Manufacturing,Manufacturing & Industrial,
Al Meamar Al Hadeeth Tools Construction Equipment Rental,P2 · High,Construction & Engineering,Construction & Contracting,
Al Meezan Al Thahbi Metal Melting & Moulding Llc,P2 · High,Industrial & Manufacturing,Manufacturing & Industrial,
Al Mughamir Sanitary & Electrical Contracting,P2 · High,Construction & Engineering,Construction & Contracting,
Al Muqarram Industry,P2 · High,Industrial & Manufacturing,Manufacturing & Industrial,
Al Muqarram Insulation Material Industries LLC,P2 · High,Industrial & Manufacturing,Manufacturing & Industrial,
Al Najlaa Foodstuff Trdg,P2 · High,Logistics & Trade,Trading & Distribution,
Al Odaid Ceramic LLC,P2 · High,Industrial & Manufacturing,Manufacturing & Industrial,
Al Qabdah Building Contracting,P2 · High,Construction & Engineering,Construction & Contracting,
Al Raja Marble Factory LLC,P2 · High,Industrial & Manufacturing,Manufacturing & Industrial,
Al Ramlah Heavy Equipment Trading,P2 · High,Industrial & Manufacturing,Manufacturing & Industrial,
Al Rawabi Dairy,P2 · High,Industrial & Manufacturing,Manufacturing & Industrial,
Al Rayan Metal Const.Ind.LLC,P2 · High,Industrial & Manufacturing,Manufacturing & Industrial,
Al Reem Steel Engineering Co LLC,P2 · High,Industrial & Manufacturing,Manufacturing & Industrial,
Al Remal Aluminum and Glass Industries LLC,P2 · High,Industrial & Manufacturing,Manufacturing & Industrial,
Al Sahel Contracting Company,P2 · High,Construction & Engineering,Construction & Contracting,
Al Sakhra Heavy Equipment Trading,P2 · High,Industrial & Manufacturing,Manufacturing & Industrial,
Al Shamil General Trading,P2 · High,Logistics & Trade,Trading & Distribution,
Al Tarik Import & Export LLC,P2 · High,Logistics & Trade,Trading & Distribution,
Al Tarmeez Digit System Technology LLC,P2 · High,Construction & Engineering,Construction & Contracting,
Al Yazan Building Contracting Company LLC,P2 · High,Construction & Engineering,Construction & Contracting,
Al Zuhour Al Hamra,P2 · High,Logistics & Trade,Logistics & Transport,
Al-Arkan W/s Acc Trading Est.,P2 · High,Logistics & Trade,Trading & Distribution,
Al-Futtaim Logistics,P2 · High,Logistics & Trade,Logistics & Transport,
Al-Waha Computer Devices Tr. LLC (PC Store),P2 · High,Construction & Engineering,Construction & Contracting,
Al-Waha Computer Devices Trading LLC,P2 · High,Construction & Engineering,Construction & Contracting,
Alam Steel Industries Company LLC,P2 · High,Industrial & Manufacturing,Manufacturing & Industrial,
Ali Al Kendi Transport and Contracting LLC,P2 · High,Construction & Engineering,Construction & Contracting,
Ali Mousa Aluminum Industries,P2 · High,Industrial & Manufacturing,Manufacturing & Industrial,
Alkhayam Kitchen Equipments,P2 · High,Industrial & Manufacturing,Manufacturing & Industrial,
Allied Transport Company,P2 · High,Logistics & Trade,Logistics & Transport,
Althuriah Group,P2 · High,Construction & Engineering,Construction & Contracting,
Alubond,P2 · High,Industrial & Manufacturing,Manufacturing & Industrial,
Aluminium and Light Industries Co. ALICO LLC,P2 · High,Industrial & Manufacturing,Manufacturing & Industrial,
Alwarda Shipping L.L.C,P2 · High,Logistics & Trade,Logistics & Transport,
Amana Contracting & Steel Buildings,P2 · High,Industrial & Manufacturing,Manufacturing & Industrial,
Americana Foods,P2 · High,Industrial & Manufacturing,Manufacturing & Industrial,
Amirah Construction Equipment Rental Sole Proprietorship LLC,P2 · High,Construction & Engineering,Construction & Contracting,
Anchor Marine Equipment Co. L.L.C.,P2 · High,Industrial & Manufacturing,Manufacturing & Industrial,
Apple Shipping LLC,P2 · High,Logistics & Trade,Logistics & Transport,
Arabian Coast Land Transport LLC,P2 · High,Logistics & Trade,Logistics & Transport,
Arabian Falcon Construction Equipment Trading LLC,P2 · High,Industrial & Manufacturing,Manufacturing & Industrial,
Areen Pack,P2 · High,Industrial & Manufacturing,Manufacturing & Industrial,
Arifa General Trading,P2 · High,Logistics & Trade,Trading & Distribution,
"Arla Foods UAE, Oman & Qatar",P2 · High,Industrial & Manufacturing,Manufacturing & Industrial,
Art Light Chandeliers Factory LLC,P2 · High,Industrial & Manufacturing,Manufacturing & Industrial,
Asad Abbas & Co. Chartered Accountants Limited,P2 · High,Logistics & Trade,Logistics & Transport,
Atlantic Offshore Services CO. L.L.C.,P2 · High,Industrial & Manufacturing,Energy & Utilities,
Awafi Foodstuff Ind Co LLC,P2 · High,Logistics & Trade,Trading & Distribution,
BDO Chartered Accountants & Advisors,P2 · High,Logistics & Trade,Logistics & Transport,
BLS LAD Chartered Accountants LLC,P2 · High,Logistics & Trade,Logistics & Transport,
Bab al Qarya Building Contracting LLC,P2 · High,Construction & Engineering,Construction & Contracting,
Barakat Quality Plus,P2 · High,Industrial & Manufacturing,Manufacturing & Industrial,
Bashir Hussain Transport Heavy and Light Trucks LLC,P2 · High,Logistics & Trade,Logistics & Transport,
Behind The Cup,P2 · High,Industrial & Manufacturing,Manufacturing & Industrial,
Belal Construction & Building Equipment Rental,P2 · High,Construction & Engineering,Construction & Contracting,
Berg International Ind LLC,P2 · High,Construction & Engineering,Construction & Contracting,
Bin Asheer Transport & General Contracting Est,P2 · High,Construction & Engineering,Construction & Contracting,
Bin Fadel Ready Mix L.L.C,P2 · High,Industrial & Manufacturing,Manufacturing & Industrial,
Bin Shamsan Equipments,P2 · High,Industrial & Manufacturing,Manufacturing & Industrial,
Blue world foodstuff TR L.L.C,P2 · High,Industrial & Manufacturing,Manufacturing & Industrial,
Brentwood Horses Accessories Trading LLC,P2 · High,Logistics & Trade,Trading & Distribution,
Bukomak Industries Ltd.,P2 · High,Industrial & Manufacturing,Manufacturing & Industrial,
Byrne Drill Industries Est,P2 · High,Industrial & Manufacturing,Manufacturing & Industrial,
CASTECH CHEMICALS MIDDLE EAST,P2 · High,Industrial & Manufacturing,Manufacturing & Industrial,
CEVA Logistics,P2 · High,Logistics & Trade,Logistics & Transport,
CJ Logistics Middle East,P2 · High,Logistics & Trade,Logistics & Transport,
CMA CGM UAE,P2 · High,Logistics & Trade,Logistics & Transport,
COSCO Shipping Lines UAE,P2 · High,Logistics & Trade,Logistics & Transport,
CP PLUS MIDDLEEAST,P2 · High,Industrial & Manufacturing,Manufacturing & Industrial,
CSS Group,P2 · High,Logistics & Trade,Logistics & Transport,
Cargolux UAE,P2 · High,Logistics & Trade,Logistics & Transport,
Cedar House Aluminum L.L.C,P2 · High,Industrial & Manufacturing,Manufacturing & Industrial,
Ceramic Factory Outlet,P2 · High,Industrial & Manufacturing,Manufacturing & Industrial,
Circuit Computer,P2 · High,Construction & Engineering,Construction & Contracting,
Clarion Shipping Services,P2 · High,Logistics & Trade,Logistics & Transport,
Classic Movers General Transport LLC,P2 · High,Logistics & Trade,Logistics & Transport,
Classic Printing Press,P2 · High,Industrial & Manufacturing,Manufacturing & Industrial,
Concord Enviro,P2 · High,Industrial & Manufacturing,Manufacturing & Industrial,
Consilium Safety Middle East,P2 · High,Industrial & Manufacturing,Manufacturing & Industrial,
Coral Energy,P2 · High,Industrial & Manufacturing,Energy & Utilities,
Coral Star Shipping and Forwarding LLC,P2 · High,Logistics & Trade,Logistics & Transport,
Cosmoplast Industrial Co LLC,P2 · High,Industrial & Manufacturing,Manufacturing & Industrial,
Cosmos Green,P2 · High,Logistics & Trade,Trading & Distribution,
Crescent Scaffolding Industries LLC,P2 · High,Industrial & Manufacturing,Manufacturing & Industrial,
Cyan Industries International LLC,P2 · High,Industrial & Manufacturing,Manufacturing & Industrial,
DARWISH ENGINEERING EMIRATES LLC,P2 · High,Construction & Engineering,Construction & Contracting,
DC Aviation Al-Futtaim,P2 · High,Logistics & Trade,Logistics & Transport,
DHL Global Forwarding UAE,P2 · High,Logistics & Trade,Logistics & Transport,
DP World,P2 · High,Logistics & Trade,Logistics & Transport,
DSV Solutions UAE,P2 · High,Logistics & Trade,Logistics & Transport,
Dana Gas PJSC,P2 · High,Industrial & Manufacturing,Energy & Utilities,
Dar Al Asalah Tools Rental,P2 · High,Construction & Engineering,Construction & Contracting,
Dar Al Jazeerah L.L.C.,P2 · High,Industrial & Manufacturing,Manufacturing & Industrial,
Darb Al Suraa Orders Delivery Services,P2 · High,Logistics & Trade,Logistics & Transport,
Dell Technologies UAE,P2 · High,Construction & Engineering,Construction & Contracting,
Derma Health Cosmetics Trading,P2 · High,Logistics & Trade,Trading & Distribution,
Design Metallic Ind LLC,P2 · High,Industrial & Manufacturing,Manufacturing & Industrial,
Dixon Group Europe Ltd. Middle East,P2 · High,Industrial & Manufacturing,Manufacturing & Industrial,
Dnata Cargo,P2 · High,Logistics & Trade,Logistics & Transport,
Domal Heart General Transport,P2 · High,Logistics & Trade,Logistics & Transport,
Doral Aluminium Factory,P2 · High,Industrial & Manufacturing,Manufacturing & Industrial,
Dr Scent SA,P2 · High,Industrial & Manufacturing,Manufacturing & Industrial,
Ducab,P2 · High,Industrial & Manufacturing,Manufacturing & Industrial,
EXTRA CO Fibre Glass & Prefab Houses L.L.C.,P2 · High,Industrial & Manufacturing,Manufacturing & Industrial,
Early Warning Electromechanical Services LLC - UAE,P2 · High,Construction & Engineering,Construction & Contracting,
Eastern Gate Bolt Industries,P2 · High,Industrial & Manufacturing,Manufacturing & Industrial,
Emaar International Industries LLC,P2 · High,Industrial & Manufacturing,Manufacturing & Industrial,
Embee Readymade Garments,P2 · High,Industrial & Manufacturing,Manufacturing & Industrial,
Emirates Bio Fertilizer Factory / Emirates Biological Fertilizer WLL,P2 · High,Industrial & Manufacturing,Manufacturing & Industrial,
Emirates Converting Factory,P2 · High,Industrial & Manufacturing,Manufacturing & Industrial,
Emirates Industrial and Trading Company Limited,P2 · High,Industrial & Manufacturing,Manufacturing & Industrial,
Emirates National Chemicals Company LLC,P2 · High,Industrial & Manufacturing,Manufacturing & Industrial,
Emirates Neon LLC,P2 · High,Industrial & Manufacturing,Manufacturing & Industrial,
Emirates Post,P2 · High,Logistics & Trade,Logistics & Transport,
Emirates Refining Company Ltd,P2 · High,Industrial & Manufacturing,Manufacturing & Industrial,
Emirates SkyCargo,P2 · High,Logistics & Trade,Logistics & Transport,
Emirates Steel Arkan,P2 · High,Industrial & Manufacturing,Manufacturing & Industrial,
Equipment Rental UAE,P2 · High,Construction & Engineering,Construction & Contracting,
EquipmentsFinder Sharjah,P2 · High,Industrial & Manufacturing,Manufacturing & Industrial,
Etihad Airways,P2 · High,Logistics & Trade,Logistics & Transport,
Etihad Cargo,P2 · High,Logistics & Trade,Logistics & Transport,
Evergreen Shipping Agency UAE,P2 · High,Logistics & Trade,Logistics & Transport,
ExecuJet Middle East,P2 · High,Logistics & Trade,Logistics & Transport,
Expeditors International UAE,P2 · High,Logistics & Trade,Logistics & Transport,
FAL SHIPPING CO. LTD.,P2 · High,Logistics & Trade,Logistics & Transport,
FARVEJ Construction Equipment Rental,P2 · High,Construction & Engineering,Construction & Contracting,
FUCHS OIL MIDDLE EAST LTD,P2 · High,Industrial & Manufacturing,Energy & Utilities,
FUTURE PACK FACTORY LLC,P2 · High,Industrial & Manufacturing,Manufacturing & Industrial,
Fabricast,P2 · High,Logistics & Trade,Trading & Distribution,
Falcon Aviation Services,P2 · High,Logistics & Trade,Logistics & Transport,
Fanar Al Khaleej - Official,P2 · High,Industrial & Manufacturing,Manufacturing & Industrial,
FedEx Express,P2 · High,Logistics & Trade,Logistics & Transport,
Fetchr,P2 · High,Logistics & Trade,Logistics & Transport,
Forever Scaffolding and Tech. Cont.,P2 · High,Construction & Engineering,Construction & Contracting,
Freight Systems,P2 · High,Logistics & Trade,Logistics & Transport,
G&P Logistics,P2 · High,Logistics & Trade,Logistics & Transport,
G.l.g Shipping and Logistics LLC,P2 · High,Logistics & Trade,Logistics & Transport,
GECO IND. PACKING LLC,P2 · High,Logistics & Trade,Trading & Distribution,
GEODIS UAE,P2 · High,Logistics & Trade,Logistics & Transport,
GINCO General Contracting,P2 · High,Construction & Engineering,Construction & Contracting,
GTCC (Gulf Technical Construction Company)A Drake & Scull International PJSC Company UAE-Dubai,P2 · High,Construction & Engineering,Construction & Contracting,
GULF PREFAB HOUSES FACTORY LTD.,P2 · High,Industrial & Manufacturing,Manufacturing & Industrial,
Gcc Cargo Service,P2 · High,Logistics & Trade,Logistics & Transport,
GeneratorRental.ae,P2 · High,Industrial & Manufacturing,Manufacturing & Industrial,
Ginco STEEL L.L.C,P2 · High,Industrial & Manufacturing,Manufacturing & Industrial,
Global Flow Services (GFS),P2 · High,Industrial & Manufacturing,Energy & Utilities,
Global Lubricant Industry LLC,P2 · High,Industrial & Manufacturing,Manufacturing & Industrial,
Global Oil Connect Networks,P2 · High,Industrial & Manufacturing,Manufacturing & Industrial,
Global Shipping & Logistics,P2 · High,Logistics & Trade,Logistics & Transport,
Glovo Foods,P2 · High,Logistics & Trade,Logistics & Transport,
Golden Stone Marble & Granite & Kitchen & Accessories,P2 · High,Industrial & Manufacturing,Manufacturing & Industrial,
Golden Tools Trading LLC,P2 · High,Industrial & Manufacturing,Manufacturing & Industrial,
Gouniversal Cargo And Logistics LLC,P2 · High,Logistics & Trade,Logistics & Transport,
Gsr Building Materials,P2 · High,Industrial & Manufacturing,Manufacturing & Industrial,
Gujrat Express General Transport,P2 · High,Logistics & Trade,Logistics & Transport,
Gulf Additives,P2 · High,Industrial & Manufacturing,Manufacturing & Industrial,
Gulf Agency Company Sharjah,P2 · High,Logistics & Trade,Logistics & Transport,
Gulf Aircraft & Engineering Services (GAES),P2 · High,Logistics & Trade,Logistics & Transport,
Gulf Cement Company,P2 · High,Industrial & Manufacturing,Manufacturing & Industrial,
Gulf Extrusions,P2 · High,Industrial & Manufacturing,Manufacturing & Industrial,
Gulf Processing Industries,P2 · High,Industrial & Manufacturing,Manufacturing & Industrial,
Gulf Way Group (Gulf Way Marine Services LLC),P2 · High,Logistics & Trade,Logistics & Transport,
H.A.K Industrial Chemicals LLC,P2 · High,Industrial & Manufacturing,Manufacturing & Industrial,
HITECH Transport & Contracting LLC,P2 · High,Construction & Engineering,Construction & Contracting,
HLB HAMT Chartered Accountants,P2 · High,Logistics & Trade,Logistics & Transport,
HOI Middle East & Africa for Engineering - UAE,P2 · High,Construction & Engineering,Construction & Contracting,
HP Inc UAE,P2 · High,Construction & Engineering,Construction & Contracting,
HTZ Delivery Service LLC,P2 · High,Logistics & Trade,Logistics & Transport,
Hamzah Abbas Industrial Tools Company LLC,P2 · High,Industrial & Manufacturing,Manufacturing & Industrial,
Hapag-Lloyd UAE,P2 · High,Logistics & Trade,Logistics & Transport,
Hellmann Worldwide Logistics,P2 · High,Logistics & Trade,Logistics & Transport,
Hercules International Enterprises,P2 · High,Logistics & Trade,Trading & Distribution,
Hewlett Packard Enterprise UAE,P2 · High,Construction & Engineering,Construction & Contracting,
Hi Tech Engineering Works Services LLC,P2 · High,Industrial & Manufacturing,Manufacturing & Industrial,
High Class General Transporting,P2 · High,Logistics & Trade,Logistics & Transport,
Hilwan General Land Transport LLC,P2 · High,Logistics & Trade,Logistics & Transport,
Hipco Aluminium and Glass Company L.L.C.,P2 · High,Industrial & Manufacturing,Manufacturing & Industrial,
Honeywell Connected Enterprise UAE,P2 · High,Construction & Engineering,Construction & Contracting,
Hotpack Global,P2 · High,Industrial & Manufacturing,Manufacturing & Industrial,
Huawei UAE,P2 · High,Construction & Engineering,Construction & Contracting,
Hunter Foods,P2 · High,Industrial & Manufacturing,Manufacturing & Industrial,
Hutouf Trading & Distribution Company - WLL,P2 · High,Logistics & Trade,Logistics & Transport,
Hybrid Sports,P2 · High,Construction & Engineering,Construction & Contracting,
IFFCO Tech Ltd,P2 · High,Industrial & Manufacturing,Manufacturing & Industrial,
INC Express Shipping L.L.C,P2 · High,Industrial & Manufacturing,Manufacturing & Industrial,
ISS Global Forwarding UAE,P2 · High,Logistics & Trade,Logistics & Transport,
ISST Electrical And Electronics,P2 · High,Industrial & Manufacturing,Manufacturing & Industrial,
Independent Marble Factory LLC,P2 · High,Industrial & Manufacturing,Manufacturing & Industrial,
Intergulf Ltd,P2 · High,Logistics & Trade,Logistics & Transport,
Intergulf Ltd - Empol Division,P2 · High,Industrial & Manufacturing,Manufacturing & Industrial,
Intergulf Ltd - Shipping Division,P2 · High,Logistics & Trade,Logistics & Transport,
Intergulf Ltd - Transportation Division,P2 · High,Logistics & Trade,Logistics & Transport,
J&T Express UAE,P2 · High,Logistics & Trade,Logistics & Transport,
JAWDAT ALBINAA Building Cont.,P2 · High,Construction & Engineering,Construction & Contracting,
Jaser Al Falah Construction Equipment Rental,P2 · High,Construction & Engineering,Construction & Contracting,
Jesr Al Sharq Wa Al Gharb Marbles & Granite LLC,P2 · High,Industrial & Manufacturing,Manufacturing & Industrial,
Jetex,P2 · High,Logistics & Trade,Logistics & Transport,
Jitendra Chartered Accountants,P2 · High,Logistics & Trade,Logistics & Transport,
Johnson Controls Arabia,P2 · High,Construction & Engineering,Construction & Contracting,
KMI Group of Companies,P2 · High,Industrial & Manufacturing,Manufacturing & Industrial,
KPI Ahli Chartered Accountants,P2 · High,Logistics & Trade,Logistics & Transport,
Kanoo Machinery Rental,P2 · High,Industrial & Manufacturing,Manufacturing & Industrial,
Kerry Logistics Middle East,P2 · High,Logistics & Trade,Logistics & Transport,
Khazna Sharjah Data Center,P2 · High,Construction & Engineering,Construction & Contracting,
Khorfakkan Container Terminal,P2 · High,Logistics & Trade,Logistics & Transport,
King City Building Equipment Rental,P2 · High,Construction & Engineering,Construction & Contracting,
Kuehne+Nagel,P2 · High,Logistics & Trade,Logistics & Transport,
LIFCO Group,P2 · High,Logistics & Trade,Trading & Distribution,
Lamprell Energy Ltd,P2 · High,Industrial & Manufacturing,Manufacturing & Industrial,
Larsen & Toubro Limited - PT&D Africa,P2 · High,Construction & Engineering,Construction & Contracting,
Lattafa,P2 · High,Industrial & Manufacturing,Manufacturing & Industrial,
Lattafa Trading LLC,P2 · High,Logistics & Trade,Trading & Distribution,
Lenovo UAE,P2 · High,Construction & Engineering,Construction & Contracting,
Linden Shipping International,P2 · High,Logistics & Trade,Logistics & Transport,
Lufthansa Cargo UAE,P2 · High,Logistics & Trade,Logistics & Transport,
M S Chartered Accountants Ltd,P2 · High,Logistics & Trade,Logistics & Transport,
MAS Paints,P2 · High,Industrial & Manufacturing,Manufacturing & Industrial,
MS Generator Rental,P2 · High,Industrial & Manufacturing,Manufacturing & Industrial,
Maersk UAE,P2 · High,Logistics & Trade,Logistics & Transport,
Mai Dubai,P2 · High,Industrial & Manufacturing,Manufacturing & Industrial,
Marubeni Middle-East and Africa Power Limited,P2 · High,Construction & Engineering,Construction & Contracting,
Masafi,P2 · High,Industrial & Manufacturing,Manufacturing & Industrial,
Masah Al Murabaa Prefab Houses Ind LLC,P2 · High,Construction & Engineering,Construction & Contracting,
Mazaya Aluminium & Glass Cont. Co. L. L. C. .شركة مزايا لمقاولات الالمنيوم والزجاج ذ.م.م.,P2 · High,Industrial & Manufacturing,Manufacturing & Industrial,
Media Building Contracting,P2 · High,Construction & Engineering,Construction & Contracting,
Mediterranean Shipping Company UAE,P2 · High,Logistics & Trade,Logistics & Transport,
Menzies Aviation UAE,P2 · High,Logistics & Trade,Logistics & Transport,
Metrohm Middle East,P2 · High,Industrial & Manufacturing,Manufacturing & Industrial,
Mexico Electrical Equipment Trading Co LLC,P2 · High,Construction & Engineering,Construction & Contracting,
Middle East Star Automobile Recovery & Car Shipping,P2 · High,Logistics & Trade,Logistics & Transport,
Midfield Oil And Gas Equipment,P2 · High,Industrial & Manufacturing,Manufacturing & Industrial,
Model Cargo Movers,P2 · High,Logistics & Trade,Logistics & Transport,
Mohd Bakhsh Construction Equipment Trading & Rental LLC,P2 · High,Construction & Engineering,Construction & Contracting,
Move One,P2 · High,Logistics & Trade,Logistics & Transport,
Multy Line Express Cargo LLC,P2 · High,Industrial & Manufacturing,Manufacturing & Industrial,
NAMAT ALBENA Construction Company,P2 · High,Construction & Engineering,Construction & Contracting,
Nadeem and Umendra Chartered Accountants,P2 · High,Logistics & Trade,Logistics & Transport,
Nadhrat Al Mustaqbal General Trading LLC,P2 · High,Logistics & Trade,Trading & Distribution,
Najm Al Dhaid Construction And Building Equipment Rental,P2 · High,Construction & Engineering,Construction & Contracting,
Najran Building Materials Trading,P2 · High,Industrial & Manufacturing,Manufacturing & Industrial,
National Cement Company,P2 · High,Industrial & Manufacturing,Manufacturing & Industrial,
National Contracting,P2 · High,Construction & Engineering,Construction & Contracting,
National Food Products Company,P2 · High,Industrial & Manufacturing,Manufacturing & Industrial,
National Paints Factories,P2 · High,Industrial & Manufacturing,Manufacturing & Industrial,
Nazwah General Trading,P2 · High,Logistics & Trade,Trading & Distribution,
Nees Trading Establishment,P2 · High,Logistics & Trade,Trading & Distribution,
Neptune General Contracting LLC,P2 · High,Construction & Engineering,Construction & Contracting,
NetApp UAE,P2 · High,Construction & Engineering,Construction & Contracting,
Nicetechuae,P2 · High,Construction & Engineering,Construction & Contracting,
Nippon Express Middle East,P2 · High,Logistics & Trade,Logistics & Transport,
Noble Marine Metals Company WLL,P2 · High,Industrial & Manufacturing,Manufacturing & Industrial,
Noon Express,P2 · High,Logistics & Trade,Logistics & Transport,
Noor Al Ibdaa New Heavy Equipment,P2 · High,Industrial & Manufacturing,Manufacturing & Industrial,
Not under use,P2 · High,Industrial & Manufacturing,Manufacturing & Industrial,
Novel Rentals,P2 · High,Construction & Engineering,Construction & Contracting,
November,P2 · High,Industrial & Manufacturing,Manufacturing & Industrial,
Nutanix UAE,P2 · High,Construction & Engineering,Construction & Contracting,
OMAR ISMAIL GENERAL TRADING LLC,P2 · High,Logistics & Trade,Trading & Distribution,
OTC Power (Overseas Trading Center ),P2 · High,Logistics & Trade,Trading & Distribution,
Ocean Network Express UAE,P2 · High,Logistics & Trade,Logistics & Transport,
Orient Cargo Agency,P2 · High,Logistics & Trade,Logistics & Transport,
Overseas Labour Supply,P2 · High,Logistics & Trade,Trading & Distribution,
PERCEPT GENERAL TRADING CO. LLC,P2 · High,Logistics & Trade,Trading & Distribution,
PROXA Water Middle East,P2 · High,Construction & Engineering,Construction & Contracting,
PTPA GROUP,P2 · High,Industrial & Manufacturing,Manufacturing & Industrial,
Paper Chase International LLC,P2 · High,Industrial & Manufacturing,Manufacturing & Industrial,
Pegasus Building Contracting Co. LLC,P2 · High,Construction & Engineering,Construction & Contracting,
Pelikan Middle East & Africa,P2 · High,Logistics & Trade,Trading & Distribution,
Penelope Marine Equipment Trading LLC,P2 · High,Logistics & Trade,Logistics & Transport,
Petra Concrete Scan Cut & Core,P2 · High,Industrial & Manufacturing,Manufacturing & Industrial,
Piplodwala Hardware Trading LLC,P2 · High,Industrial & Manufacturing,Manufacturing & Industrial,
Port Line Marine Services,P2 · High,Logistics & Trade,Logistics & Transport,
Precision Industrial Solutions,P2 · High,Industrial & Manufacturing,Manufacturing & Industrial,
Professionals Tailoring & Textiles,P2 · High,Industrial & Manufacturing,Manufacturing & Industrial,
Pure Storage UAE,P2 · High,Construction & Engineering,Construction & Contracting,
QER Heavy Equipment Rental,P2 · High,Construction & Engineering,Construction & Contracting,
Qatar Airways Cargo UAE,P2 · High,Logistics & Trade,Logistics & Transport,
Qate Manufacturing llc,P2 · High,Industrial & Manufacturing,Manufacturing & Industrial,
Quiqup,P2 · High,Logistics & Trade,Logistics & Transport,
RAB Metalic Contracting Industry LLC,P2 · High,Industrial & Manufacturing,Manufacturing & Industrial,
RDMR Fuel Energy,P2 · High,Industrial & Manufacturing,Energy & Utilities,
RECKLI Middle East,P2 · High,Logistics & Trade,Trading & Distribution,
RSA Global,P2 · High,Logistics & Trade,Logistics & Transport,
Rabie Zuwaid Building Equipment Trading Est,P2 · High,Industrial & Manufacturing,Manufacturing & Industrial,
Rabyanah International Trading Establishment,P2 · High,Logistics & Trade,Trading & Distribution,
Ramadan Construction Machinery Rental,P2 · High,Industrial & Manufacturing,Manufacturing & Industrial,
Red Umbrella General Transport,P2 · High,Logistics & Trade,Logistics & Transport,
Reef Clearing & Forwarding LLC,P2 · High,Logistics & Trade,Logistics & Transport,
Reflective Aluminium & Glass Cont.L.L.C,P2 · High,Industrial & Manufacturing,Manufacturing & Industrial,
Reyami Rental,P2 · High,Construction & Engineering,Construction & Contracting,
Reyami Rental - Generator Rental Sharjah,P2 · High,Industrial & Manufacturing,Manufacturing & Industrial,
Rhenus Logistics UAE,P2 · High,Logistics & Trade,Logistics & Transport,
Royal Stallion General Transport,P2 · High,Logistics & Trade,Logistics & Transport,
Royal Top Artificial Marble Industry,P2 · High,Industrial & Manufacturing,Manufacturing & Industrial,
RoyalJet,P2 · High,Logistics & Trade,Logistics & Transport,
Rukn Al Zahid Contracting LLC (Sole Proprietorship),P2 · High,Construction & Engineering,Construction & Contracting,
SDE Equipment Trading LLC,P2 · High,Industrial & Manufacturing,Manufacturing & Industrial,
"SHARJAH OXYGEN COMPANY, LLC",P2 · High,Industrial & Manufacturing,Manufacturing & Industrial,
SHATTAF STEEL IND.CO.LLC,P2 · High,Industrial & Manufacturing,Manufacturing & Industrial,
SNTTA Cargo,P2 · High,Logistics & Trade,Logistics & Transport,
STRUMS & Co. LLC.,P2 · High,Logistics & Trade,Logistics & Transport,
Sabah Radiator Industries,P2 · High,Industrial & Manufacturing,Manufacturing & Industrial,
Sadid Heavy Equipment Spare Parts,P2 · High,Construction & Engineering,Construction & Contracting,
Safe Mix LLC,P2 · High,Industrial & Manufacturing,Manufacturing & Industrial,
Sahara International Group For Architectural Products,P2 · High,Industrial & Manufacturing,Manufacturing & Industrial,
Salah Salim Trading Ent,P2 · High,Logistics & Trade,Trading & Distribution,
Salt Technology Services,P2 · High,Construction & Engineering,Construction & Contracting,
Saudia Cargo UAE,P2 · High,Logistics & Trade,Logistics & Transport,
Scitra - AlBatha Group,P2 · High,Industrial & Manufacturing,Manufacturing & Industrial,
Sea Eagles Shipping,P2 · High,Logistics & Trade,Logistics & Transport,
Seville Products LLC,P2 · High,Industrial & Manufacturing,Manufacturing & Industrial,
Seville Products LLC - Frozen Foods Division,P2 · High,Industrial & Manufacturing,Manufacturing & Industrial,
Shabash Marble,P2 · High,Industrial & Manufacturing,Manufacturing & Industrial,
Sharjah Cement Factory - Dry Mortar Division,P2 · High,Industrial & Manufacturing,Manufacturing & Industrial,
Sharjah General Contracting Company,P2 · High,Construction & Engineering,Construction & Contracting,
Sharjah National Travel & Tourist Agency,P2 · High,Logistics & Trade,Logistics & Transport,
Sharjah Ready Mix Concrete Company,P2 · High,Industrial & Manufacturing,Manufacturing & Industrial,
Shattaf Trading Est (Garment Division),P2 · High,Industrial & Manufacturing,Manufacturing & Industrial,
Shipa Delivery,P2 · High,Logistics & Trade,Logistics & Transport,
ShowTex Middle East,P2 · High,Logistics & Trade,Trading & Distribution,
Siemens Digital Industries Software UAE,P2 · High,Industrial & Manufacturing,Manufacturing & Industrial,
Silk Way West Airlines UAE,P2 · High,Logistics & Trade,Logistics & Transport,
Sinoboom Middle East and Africa,P2 · High,Industrial & Manufacturing,Manufacturing & Industrial,
Siom Marble & Tiles Trading Establishment,P2 · High,Industrial & Manufacturing,Manufacturing & Industrial,
So Pure Enterprises,P2 · High,Logistics & Trade,Trading & Distribution,
Speed Construction Equipment Rental,P2 · High,Construction & Engineering,Construction & Contracting,
Steel Racks Factory,P2 · High,Industrial & Manufacturing,Manufacturing & Industrial,
Sunriseplex,P2 · High,Industrial & Manufacturing,Manufacturing & Industrial,
Sunshine Ship Management,P2 · High,Logistics & Trade,Logistics & Transport,
Sure Technologies,P2 · High,Construction & Engineering,Construction & Contracting,
Swissport UAE,P2 · High,Logistics & Trade,Logistics & Transport,
TAREEQ AL SHALAL CONCRETE CARPENTER CONT.,P2 · High,Industrial & Manufacturing,Manufacturing & Industrial,
TEKAB CO. LTD,P2 · High,Industrial & Manufacturing,Manufacturing & Industrial,
THREE STARS FOAM FACTORY,P2 · High,Industrial & Manufacturing,Manufacturing & Industrial,
TSSC Storage Solutions,P2 · High,Industrial & Manufacturing,Manufacturing & Industrial,
Tadmur Glass & Decoration Factory,P2 · High,Industrial & Manufacturing,Manufacturing & Industrial,
Talabat Logistics,P2 · High,Logistics & Trade,Logistics & Transport,
Tameem - Group of Companies,P2 · High,Logistics & Trade,Logistics & Transport,
Tanzeem Heavy Equipment Rental LLC,P2 · High,Construction & Engineering,Construction & Contracting,
Team Oak Transport & Heavy Equipment Rental LLC,P2 · High,Construction & Engineering,Construction & Contracting,
Technical Aluminium & Glass Company WLL,P2 · High,Industrial & Manufacturing,Manufacturing & Industrial,
Techno Fibre Middle East marine Services,P2 · High,Logistics & Trade,Logistics & Transport,
Thumbay Marketing & Distribution Company,P2 · High,Logistics & Trade,Logistics & Transport,
Tianjin T.J. Industrial Corporation Ltd.,P2 · High,Industrial & Manufacturing,Manufacturing & Industrial,
Tiffany Foods Ltd,P2 · High,Industrial & Manufacturing,Manufacturing & Industrial,
Tiger Contracting Company LLC,P2 · High,Industrial & Manufacturing,Manufacturing & Industrial,
Time World Freight,P2 · High,Logistics & Trade,Logistics & Transport,
Toll Group UAE,P2 · High,Logistics & Trade,Logistics & Transport,
Top Notch Equipment Rental LLC,P2 · High,Construction & Engineering,Construction & Contracting,
Transguard Group Logistics,P2 · High,Logistics & Trade,Logistics & Transport,
Tristar Group,P2 · High,Logistics & Trade,Logistics & Transport,
TruKKer,P2 · High,Logistics & Trade,Logistics & Transport,
Turkish Cargo UAE,P2 · High,Logistics & Trade,Logistics & Transport,
Tyche Gulf Oil and Gas Equipment Trd.LLC,P2 · High,Industrial & Manufacturing,Energy & Utilities,
UHY James Chartered Accountants,P2 · High,Logistics & Trade,Logistics & Transport,
UNIPEX DAIRY PRODUCTS CO. LTD,P2 · High,Industrial & Manufacturing,Manufacturing & Industrial,
UPS UAE,P2 · High,Logistics & Trade,Logistics & Transport,
Uni Tac Co LLC,P2 · High,Logistics & Trade,Logistics & Transport,
Unikai Foods,P2 · High,Industrial & Manufacturing,Manufacturing & Industrial,
Union Cement Company,P2 · High,Industrial & Manufacturing,Manufacturing & Industrial,
Union Taxi Sharjah,P2 · High,Logistics & Trade,Logistics & Transport,
Unipex Dairy Products Co. Ltd - Dry Grains Branch,P2 · High,Industrial & Manufacturing,Manufacturing & Industrial,
Unique Computer Systems,P2 · High,Construction & Engineering,Construction & Contracting,
United Engineering Construction (UNEC),P2 · High,Construction & Engineering,Construction & Contracting,
VIVID Media Factory,P2 · High,Industrial & Manufacturing,Manufacturing & Industrial,
Value Smart Trading LLC,P2 · High,Logistics & Trade,Trading & Distribution,
Ventil Middle East,P2 · High,Industrial & Manufacturing,Manufacturing & Industrial,
Vogue & Velocity Group,P2 · High,Industrial & Manufacturing,Manufacturing & Industrial,
Vogue Steel Factory LLC,P2 · High,Industrial & Manufacturing,Manufacturing & Industrial,
Wamdhah Metal Industries L.L.C,P2 · High,Industrial & Manufacturing,Manufacturing & Industrial,
Well Scaffolding LLC,P2 · High,Industrial & Manufacturing,Manufacturing & Industrial,
Worldwide Green Limited,P2 · High,Logistics & Trade,Trading & Distribution,
Wrist Middle East UAE,P2 · High,Logistics & Trade,Logistics & Transport,
XCMG MIDDLE EAST MACHINERY,P2 · High,Industrial & Manufacturing,Manufacturing & Industrial,
Yang Ming Marine Transport UAE,P2 · High,Logistics & Trade,Logistics & Transport,
Yusen Logistics UAE,P2 · High,Logistics & Trade,Logistics & Transport,
ZIM Integrated Shipping Services UAE,P2 · High,Logistics & Trade,Logistics & Transport,
Zidny LLC,P2 · High,Logistics & Trade,Trading & Distribution,
Zoan Core Tyres Trading LLC,P2 · High,Industrial & Manufacturing,Manufacturing & Industrial,
flydubai,P2 · High,Logistics & Trade,Logistics & Transport,
iMile Delivery,P2 · High,Logistics & Trade,Logistics & Transport,
national paints egypt,P2 · High,Industrial & Manufacturing,Manufacturing & Industrial,
Universal Airport Assistance LLC,P3 · Secondary,Professional & Financial,Consulting & Business Services,http://www.universalairportassistance.com
Asset Integrity Engineering (AIE),P3 · Secondary,Technology & Education,"Technology, Media & Marketing",http://www.assetintegrityengineering.com
PROTECTIVE INSURANCE BROKERS,P3 · Secondary,Professional & Financial,Banking & Financial Services,http://www.protectiveinsurancebrokers.ae
Architecture Corner Consultants,P3 · Secondary,Professional & Financial,Consulting & Business Services,http://www.accengineeringconsultant.com
Marketing Genius,P3 · Secondary,Technology & Education,"Technology, Media & Marketing",http://www.marketinggeniusmarketing.com
NOVOTEL SHARJAH EXPO CENTRE,P3 · Secondary,Professional & Financial,Consulting & Business Services,http://www.novotelsharjahexpocentre.com
Bella & Bella Productions,P3 · Secondary,Professional & Financial,Consulting & Business Services,http://www.bellaandbellaproduction.com
Design Engineering Studio,P3 · Secondary,Technology & Education,"Technology, Media & Marketing",http://www.designengineeringstudio.com
Wahat Al Nejoum Real Estate,P3 · Secondary,Professional & Financial,Real Estate & Property,http://www.wahatalnejoumrealestate.com
Aadhi Brahma Productions LLC,P3 · Secondary,Technology & Education,"Technology, Media & Marketing",http://www.aadhibrahmaproductions.com
Drill Tech International,P3 · Secondary,Technology & Education,"Technology, Media & Marketing",http://www.drilltechinternational.com
Elegant Frame Media Group,P3 · Secondary,Technology & Education,"Technology, Media & Marketing",http://www.elegantframemediagroup.com
Hutaib InfoTech Solutions,P3 · Secondary,Technology & Education,"Technology, Media & Marketing",http://www.securitysolutionsdubai.com
Technology Valley Aerospace Consulting,P3 · Secondary,Professional & Financial,Consulting & Business Services,http://www.techvalley-aeroconsult.com
UNILED TECHNOLOGIES,P3 · Secondary,Technology & Education,"Technology, Media & Marketing",http://www.universallightinggroup.com
UPTIME DIGITAL SOLUTIONS UPDS,P3 · Secondary,Technology & Education,"Technology, Media & Marketing",http://www.uptimedigitalsolutions.com
Belhasa Global Exchange,P3 · Secondary,Professional & Financial,Banking & Financial Services,http://www.belhasaglobalexchange.com
Connecting Minds HR Services,P3 · Secondary,Professional & Financial,Consulting & Business Services,http://www.connectingmindsglobal.com
Desert Safari Dubai,P3 · Secondary,Professional & Financial,Consulting & Business Services,http://www.desertsafaridubaioffer.ae
Elevate Spectrum Partners,P3 · Secondary,Professional & Financial,Consulting & Business Services,http://www.elevatetalentsolutions.ae
Process Offshore & Marine Limited,P3 · Secondary,Professional & Financial,Consulting & Business Services,http://www.processoffshoremarine.com
Relyant-Internatioinal,P3 · Secondary,Technology & Education,"Technology, Media & Marketing",http://www.reliant-international.com
Softspire Technologies,P3 · Secondary,Technology & Education,"Technology, Media & Marketing",http://www.softspiretechnologies.com
SolidRock Advertising Requisites L.L.C,P3 · Secondary,Technology & Education,"Technology, Media & Marketing",http://www.solidrock-advertising.com
Alnoor Debt Collection,P3 · Secondary,Professional & Financial,Consulting & Business Services,http://www.alnoordebtcollection.com
Dalma Safety and Security Systems,P3 · Secondary,Technology & Education,"Technology, Media & Marketing",http://www.dalmasecuritysystems.com
GoodHealth®,P3 · Secondary,Professional & Financial,Consulting & Business Services,http://www.goodhealthconsultancy.ae
Medical Intelligence News,P3 · Secondary,Technology & Education,"Technology, Media & Marketing",http://www.medicalintelligence.news
ProjectLight Advisory,P3 · Secondary,Professional & Financial,Consulting & Business Services,http://www.projectlightadvisory.com
Recruitment Land LLC,P3 · Secondary,Professional & Financial,Consulting & Business Services,http://www.recruitmentlandgroup.com
Star Spring Exhibition Services,P3 · Secondary,Technology & Education,"Technology, Media & Marketing",http://www.starspringexhibition.com
Syndicate Business Consultancy,P3 · Secondary,Professional & Financial,Consulting & Business Services,http://www.syndicateconsultancy.com
(AMPM) AL MATAFI PEST CONTROL MANAGEMENT,P3 · Secondary,Professional & Financial,Consulting & Business Services,http://www.almatafipestcontrol.com
AKYAS Environmental,P3 · Secondary,Professional & Financial,Consulting & Business Services,http://www.akyas-environmental.com
AL IBTIKAR & AL TAMAYUZ MANGEMENT CONSULTANCY,P3 · Secondary,Professional & Financial,Consulting & Business Services,http://www.innovationexcellence.ae
Alam AL Zain Research,P3 · Secondary,Professional & Financial,Consulting & Business Services,http://www.alzainresearchgroup.com
Crystal Media,P3 · Secondary,Technology & Education,"Technology, Media & Marketing",http://www.claritycrystalmedia.com
DAR AL KHALEEJ L L C,P3 · Secondary,Professional & Financial,Real Estate & Property,http://www.daralkhaleejsharjah.com
Dolphin Radiators & Cooling Systems LLC,P3 · Secondary,Technology & Education,"Technology, Media & Marketing",http://www.dolphinheattransfer.com
Go2 Hotels & Resorts,P3 · Secondary,Professional & Financial,Real Estate & Property,http://www.go2hotelsandresorts.com
Horizon Geosciences,P3 · Secondary,Professional & Financial,Consulting & Business Services,http://www.horizon-geosciences.com
Insured Fixed Returns,P3 · Secondary,Professional & Financial,Banking & Financial Services,http://www.insuredfixedreturns.com
Livestock & Poultry Middle East & Asia,P3 · Secondary,Technology & Education,"Technology, Media & Marketing",http://www.livestockmiddleeast.com
Royal Affection media production,P3 · Secondary,Technology & Education,"Technology, Media & Marketing",http://www.royalaffectionmedia.com
Sharjah Architecture Triennial,P3 · Secondary,Professional & Financial,Consulting & Business Services,http://www.sharjaharchitecture.org
Special Car Upholstery,P3 · Secondary,Professional & Financial,Consulting & Business Services,http://www.specialcarinteriors.com
Technology Valley Gate System (UAE),P3 · Secondary,Technology & Education,"Technology, Media & Marketing",http://www.gate-techvalley-uae.com
The Green Landscaping Co,P3 · Secondary,Professional & Financial,Consulting & Business Services,http://www.thegreenlandscaping.com
Wellspring Research,P3 · Secondary,Professional & Financial,Consulting & Business Services,http://www.wellspring-research.com
Zenvio Consulting L L C,P3 · Secondary,Professional & Financial,Consulting & Business Services,http://www.zenvioconsultingllc.com
ABDELAZIZ ART CENTER,P3 · Secondary,Technology & Education,"Technology, Media & Marketing",http://www.abdelazizartcentre.com
ALFA Smart Solutions,P3 · Secondary,Professional & Financial,Real Estate & Property,http://www.alfasmartsolutions.com
Al Marwan Real Estate,P3 · Secondary,Professional & Financial,Real Estate & Property,http://www.almarwanrealestate.com
Al Mawarid Real Estate,P3 · Secondary,Professional & Financial,Real Estate & Property,http://www.almawaridrealestate.ae
Alliance Facilities Management,P3 · Secondary,Professional & Financial,Consulting & Business Services,http://www.alliancefacilities.net
Comomedia Production House LLC,P3 · Secondary,Technology & Education,"Technology, Media & Marketing",http://www.comomedia.blogspot.com
Marcopolo Holidays,P3 · Secondary,Professional & Financial,Consulting & Business Services,http://www.marcopolo-holidays.com
Mutlaq Al Mutlaq Real Estate,P3 · Secondary,Professional & Financial,Real Estate & Property,http://www.almutlaqrealestate.com
Official Magic Music,P3 · Secondary,Technology & Education,"Technology, Media & Marketing",http://www.officialmagicmusic.com
Owner Direct Global,P3 · Secondary,Technology & Education,"Technology, Media & Marketing",http://www.ownerdirect-global.com
Rexton Technologies ME,P3 · Secondary,Technology & Education,"Technology, Media & Marketing",http://www.rextontechnologies.com
Scaleable Solutions,P3 · Secondary,Professional & Financial,Consulting & Business Services,http://www.scaleablesolutions.com
Seventh Sea Holidays Travel Agency,P3 · Secondary,Technology & Education,"Technology, Media & Marketing",http://www.seventhseaholidays.com
Smart Architectural Systems,P3 · Secondary,Professional & Financial,Consulting & Business Services,http://www.smartarchitectural.com
Stanford Global Attestation Services,P3 · Secondary,Professional & Financial,Consulting & Business Services,http://www.attestationservices.ae
Zed Global Marketing,P3 · Secondary,Technology & Education,"Technology, Media & Marketing",http://www.zedglobalmarketing.com
Zerzura Experiences,P3 · Secondary,Professional & Financial,Consulting & Business Services,http://www.zerzuraexperiences.com
AL SHAHD REAL ESTATE,P3 · Secondary,Professional & Financial,Real Estate & Property,http://www.alshahdrealestate.com
Al Dhaid Agriculture Exhibition,P3 · Secondary,Technology & Education,"Technology, Media & Marketing",http://www.aldhaidagriculture.ae
Apples Advertising and Publishing LLC,P3 · Secondary,Technology & Education,"Technology, Media & Marketing",http://www.applesadvertising.com
Arlig Technologies,P3 · Secondary,Technology & Education,"Technology, Media & Marketing",http://www.arligtechnologies.com
City Marine Insurance Brokers,P3 · Secondary,Professional & Financial,Banking & Financial Services,http://www.citymarinebrokers.com
Creative Line Decor,P3 · Secondary,Technology & Education,"Technology, Media & Marketing",http://www.creativelinedecor.com
Emirates Forklifts Rental LLC,P3 · Secondary,Professional & Financial,Real Estate & Property,http://www.emiratesforklifts.com
Everythink,P3 · Secondary,Technology & Education,"Technology, Media & Marketing",http://www.everythingsharjah.com
FinAce Consultancy,P3 · Secondary,Professional & Financial,Consulting & Business Services,http://www.finaceconsultancy.com
Fixed Income Lounge,P3 · Secondary,Professional & Financial,Banking & Financial Services,http://www.fixedincomelounge.com
Future Line Commercial Broker LLC,P3 · Secondary,Professional & Financial,Banking & Financial Services,http://www.futurelinebrokers.com
IAG - International Agencies Group,P3 · Secondary,Technology & Education,"Technology, Media & Marketing",http://www.intlagenciesgroup.com
Ingenious Network,P3 · Secondary,Technology & Education,"Technology, Media & Marketing",http://www.ingenious-network.com
Kamran Malik Events,P3 · Secondary,Technology & Education,"Technology, Media & Marketing",http://www.kamranmalikevents.com
MENA Angel Investor,P3 · Secondary,Professional & Financial,Banking & Financial Services,http://www.menaangelinvestor.com
Middle East Group Holding,P3 · Secondary,Professional & Financial,Banking & Financial Services,http://www.meftinternational.net
PodTech Data Center,P3 · Secondary,Technology & Education,"Technology, Media & Marketing",http://www.podtechdatacenter.com
PublisHer,P3 · Secondary,Technology & Education,"Technology, Media & Marketing",http://www.womeninpublishing.org
Reach Digitalworks,P3 · Secondary,Professional & Financial,Consulting & Business Services,http://www.reachdigitalworks.com
Saltwater Studio Middle East,P3 · Secondary,Technology & Education,"Technology, Media & Marketing",http://www.saltwaterstudiome.com
Smart Cloud Consulting and Engineering,P3 · Secondary,Professional & Financial,Consulting & Business Services,http://www.scloud-consulting.com
TAB CONSULTANTS LLC,P3 · Secondary,Professional & Financial,Consulting & Business Services,http://www.tabconsultantsllc.com
Terahash Solutions,P3 · Secondary,Professional & Financial,Banking & Financial Services,http://www.terahashsolutions.com
The Innovation Path,P3 · Secondary,Professional & Financial,Consulting & Business Services,http://www.theinnovationpath.com
WELLBING TECHNOLOGIES,P3 · Secondary,Technology & Education,"Technology, Media & Marketing",http://www.wellbingmachinery.com
itcanbedonefaster,P3 · Secondary,Professional & Financial,Consulting & Business Services,http://www.itcanbedonefaster.com
7 Dimensions Media,P3 · Secondary,Technology & Education,"Technology, Media & Marketing",http://www.7dimensionsmedia.com
ADDRESS Properties,P3 · Secondary,Professional & Financial,Real Estate & Property,http://www.addressproperties.ae
AL DEHIN HEAVY EQUIP MAINT. L.L.C,P3 · Secondary,Professional & Financial,Consulting & Business Services,http://www.aldehinradiators.com
AL SAFA - Life Coaching,P3 · Secondary,Professional & Financial,Consulting & Business Services,http://www.safa-consultancy.com
AMZ Digital Agency,P3 · Secondary,Technology & Education,"Technology, Media & Marketing",http://www.amzdigitalagency.com
Adzap Advertising,P3 · Secondary,Technology & Education,"Technology, Media & Marketing",http://www.adzapadvertising.com
Al Kayed Al Mubdee Tech Cont,P3 · Secondary,Technology & Education,"Technology, Media & Marketing",http://www.alkayed-almubdee.com
Al Mawrid Printing & Advertising LLC,P3 · Secondary,Technology & Education,"Technology, Media & Marketing",http://www.almawridprinting.com
Alkout Real Estate,P3 · Secondary,Professional & Financial,Real Estate & Property,http://www.alkoutrealestate.com
Boomerang,P3 · Secondary,Technology & Education,"Technology, Media & Marketing",http://www.boomerangstudios.com
Car Centre Service Sharjah,P3 · Secondary,Professional & Financial,Consulting & Business Services,http://www.carcentersharjah.com
Delta Insurance Services L.L.C,P3 · Secondary,Professional & Financial,Banking & Financial Services,http://www.deltains-brokers.com
Diamond Bricks Real Estate LLC,P3 · Secondary,Professional & Financial,Real Estate & Property,http://www.diamondbricksllc.com
Digitalization,P3 · Secondary,Technology & Education,"Technology, Media & Marketing",http://www.digitalization.cloud
ExlArise Software Solutions,P3 · Secondary,Technology & Education,"Technology, Media & Marketing",http://www.exlarisesoftware.com
FOOD BUSINESS GULF & MIDDLE EAST MAGAZINE,P3 · Secondary,Technology & Education,"Technology, Media & Marketing",http://www.foodbusinessgulf.com
Fawi Consultancy,P3 · Secondary,Professional & Financial,Consulting & Business Services,http://www.fawi-consultancy.com
International Engineering Consultants,P3 · Secondary,Professional & Financial,Consulting & Business Services,http://www.internationalcon.com
Kaloti Real Estate,P3 · Secondary,Professional & Financial,Real Estate & Property,http://www.kalotirealestate.com
Magikation Studio LLC UAE,P3 · Secondary,Technology & Education,"Technology, Media & Marketing",http://www.magikationstudio.com
Mehr Consultancy,P3 · Secondary,Professional & Financial,Consulting & Business Services,http://www.mehr-consultancy.com
Net4X innovation,P3 · Secondary,Professional & Financial,Consulting & Business Services,http://www.net4x-innovation.com
One Team advertising,P3 · Secondary,Technology & Education,"Technology, Media & Marketing",http://www.oneteammarketing.com
QIMA TECHNOLOGIES LLC,P3 · Secondary,Technology & Education,"Technology, Media & Marketing",http://www.qimatechnologies.com
SD Capital Partners,P3 · Secondary,Professional & Financial,Banking & Financial Services,http://www.sdcapitalpartners.ae
The Mawada Project,P3 · Secondary,Professional & Financial,Consulting & Business Services,http://www.themawadaproject.org
World Connectionz LLC,P3 · Secondary,Professional & Financial,Consulting & Business Services,http://www.worldconnectionz.com
AL RAYA ENGINEERING CONSULTANT,P3 · Secondary,Professional & Financial,Consulting & Business Services,http://www.rayaengineering.com
Al Mahir Printing,P3 · Secondary,Technology & Education,"Technology, Media & Marketing",http://www.almahirprinting.com
Al Qaryah Auction,P3 · Secondary,Professional & Financial,Consulting & Business Services,http://www.alqaryahauction.com
Business Buds Consultancy,P3 · Secondary,Professional & Financial,Consulting & Business Services,http://www.bbconsultantuae.com
CIRCUIT COMPUTER - LiveEX,P3 · Secondary,Technology & Education,"Technology, Media & Marketing",http://www.circuitcomputer.com
Concepts360plus,P3 · Secondary,Professional & Financial,Consulting & Business Services,http://www.concepts360plus.com
Creative Edge L.L.C,P3 · Secondary,Technology & Education,"Technology, Media & Marketing",http://www.creativeedgeuae.com
DSK TRAVELS LLC,P3 · Secondary,Professional & Financial,Consulting & Business Services,http://www.dsktravelsdubai.com
Emperor Printing,P3 · Secondary,Technology & Education,"Technology, Media & Marketing",http://www.emperorprinting.com
EnTech Engineering Solutions,P3 · Secondary,Professional & Financial,Consulting & Business Services,http://www.entech-solution.com
Fluid Tech Hydraulic Hoses,P3 · Secondary,Technology & Education,"Technology, Media & Marketing",http://www.fluid-hydraulic.com
Forward Value SMS,P3 · Secondary,Technology & Education,"Technology, Media & Marketing",http://www.forwardvaluesms.com
Gravity Power Heavy Equip Rental,P3 · Secondary,Professional & Financial,Real Estate & Property,http://www.gravitypoweruae.com
Gulf Agriculture Magazine,P3 · Secondary,Technology & Education,"Technology, Media & Marketing",http://www.gulfagriculture.com
Hero Computer LLC Printing Division,P3 · Secondary,Technology & Education,"Technology, Media & Marketing",http://www.herocomputerllc.com
IMI Technologies,P3 · Secondary,Technology & Education,"Technology, Media & Marketing",http://www.imitechnologies.com
Injazat App,P3 · Secondary,Technology & Education,"Technology, Media & Marketing",http://www.injazat-services.ae
Insight Overseas,P3 · Secondary,Professional & Financial,Consulting & Business Services,http://www.insightoverseas.com
Jiwar Real Estate,P3 · Secondary,Professional & Financial,Real Estate & Property,http://www.jiwarrealestate.com
KLP Insurance & Investment LLC,P3 · Secondary,Professional & Financial,Banking & Financial Services,http://www.keylifeplanning.com
Link 1 Technology Consultants LLC,P3 · Secondary,Professional & Financial,Consulting & Business Services,http://www.link1consulting.com
Mahfouz & Refai Consulting,P3 · Secondary,Professional & Financial,Consulting & Business Services,http://www.mahfouzandrefai.com
Methaq Real Estate L.L.C,P3 · Secondary,Professional & Financial,Real Estate & Property,http://www.methaqrealestate.ae
Mexico Movers,P3 · Secondary,Technology & Education,"Technology, Media & Marketing",http://www.mexicomoversuae.com
Nafa Consultants,P3 · Secondary,Professional & Financial,Consulting & Business Services,http://www.nafaconsultants.com
Pearl Initiative,P3 · Secondary,Professional & Financial,Consulting & Business Services,http://www.pearlinitiative.org
Qocept Digital Solutions,P3 · Secondary,Technology & Education,"Technology, Media & Marketing",http://www.qoceptsolutions.com
SPACES ARCHITECTS,P3 · Secondary,Professional & Financial,Consulting & Business Services,http://www.spacesarchitects.co
Saif Sultan Group,P3 · Secondary,Professional & Financial,Banking & Financial Services,http://www.saifsultangroup.com
Seven Days Media and Events,P3 · Secondary,Technology & Education,"Technology, Media & Marketing",http://www.sevendays-group.com
Sky Bpo Solutions,P3 · Secondary,Professional & Financial,Consulting & Business Services,http://www.skybposolutions.com
Solution Deliver,P3 · Secondary,Professional & Financial,Consulting & Business Services,http://www.solutiondeliver.com
Southern General Services & Maint. Co. LLC,P3 · Secondary,Professional & Financial,Banking & Financial Services,http://www.southerngeneral.com
The Book Clubber's,P3 · Secondary,Technology & Education,"Technology, Media & Marketing",http://www.thebookclubbers.com
The Creatives 360 - Your Digital Partner,P3 · Secondary,Technology & Education,"Technology, Media & Marketing",http://www.thecreatives360.com
The Currency Fair,P3 · Secondary,Professional & Financial,Consulting & Business Services,http://www.thecurrencyfair.com
VIP NETWORK LLC,P3 · Secondary,Technology & Education,"Technology, Media & Marketing",http://www.vipnetworkdubai.com
Worldwide Digital Signage,P3 · Secondary,Technology & Education,"Technology, Media & Marketing",http://www.worldwidedigital.me
Zeeba H Solutions,P3 · Secondary,Professional & Financial,Consulting & Business Services,http://www.zeebahsolutions.com
4Force Security Solutions,P3 · Secondary,Professional & Financial,Consulting & Business Services,http://www.4forcesecurity.com
ALLCAD Solutions,P3 · Secondary,Technology & Education,"Technology, Media & Marketing",http://www.allcadservices.com
Abira Consulting,P3 · Secondary,Professional & Financial,Consulting & Business Services,http://www.abiraconsulting.ae
Accel Knowledge,P3 · Secondary,Technology & Education,"Technology, Media & Marketing",http://www.accelknowledge.com
Access Star Technologies LLC - Dubai,P3 · Secondary,Technology & Education,"Technology, Media & Marketing",http://www.accessictworld.com
Active Auditors,P3 · Secondary,Professional & Financial,Consulting & Business Services,http://www.activeauditors.com
Al Shaab Village قرية الشعب‎,P3 · Secondary,Professional & Financial,Real Estate & Property,http://www.alshaabvillage.com
Alpha Debts Collections,P3 · Secondary,Professional & Financial,Consulting & Business Services,http://www.alphagroupsllc.com
Alterf Services,P3 · Secondary,Professional & Financial,Consulting & Business Services,http://www.alterfservices.com
AnalyzeMarkets,P3 · Secondary,Technology & Education,"Technology, Media & Marketing",http://www.analyzemarkets.com
Asas Developments,P3 · Secondary,Professional & Financial,Real Estate & Property,http://www.asas-properties.ae
BDM Consultancy,P3 · Secondary,Professional & Financial,Consulting & Business Services,http://www.bdmconsultancy.com
CEG Engineering Services,P3 · Secondary,Professional & Financial,Consulting & Business Services,http://www.cegconsultancy.com
Capital Med Company (CMC),P3 · Secondary,Professional & Financial,Banking & Financial Services,http://www.capitalmedical.org
Child Safety UAE | مؤسسة سلامة الطفل,P3 · Secondary,Professional & Financial,Consulting & Business Services,http://www.childsafety.gov.ae
Creative Essence Interior LLC,P3 · Secondary,Technology & Education,"Technology, Media & Marketing",http://www.creativeessence.ae
Current Neuropharmacology,P3 · Secondary,Technology & Education,"Technology, Media & Marketing",http://www.benthamscience.com
DASC Exhibitions & Events,P3 · Secondary,Technology & Education,"Technology, Media & Marketing",http://www.dascexhibitions.ae
ENS ENVIRONMENTAL CONSULTANCY,P3 · Secondary,Professional & Financial,Consulting & Business Services,http://www.ensconsultancy.com
Falcon Media Production,P3 · Secondary,Technology & Education,"Technology, Media & Marketing",http://www.falconmediauae.com
Gateway Of Dreams Consultants Pvt Ltd,P3 · Secondary,Professional & Financial,Consulting & Business Services,http://www.godconsultants.com
Gulf Insight 360,P3 · Secondary,Technology & Education,"Technology, Media & Marketing",http://www.gulfinsight360.com
Insurance TopUp,P3 · Secondary,Professional & Financial,Banking & Financial Services,http://www.insurancetopup.com
Intiomale Group,P3 · Secondary,Professional & Financial,Banking & Financial Services,http://www.intiomalegroup.com
JAS advertising,P3 · Secondary,Technology & Education,"Technology, Media & Marketing",http://www.jasadvertising.com
MOMENTUM CITIZENSHIP & RESIDENCY,P3 · Secondary,Professional & Financial,Consulting & Business Services,http://www.momentumcbirbi.com
Matrix Solutions LLC,P3 · Secondary,Technology & Education,"Technology, Media & Marketing",http://www.matrixsolutions.ae
Mundo Gamer Network,P3 · Secondary,Technology & Education,"Technology, Media & Marketing",http://www.mundogamer.network
Nour Publishing,P3 · Secondary,Technology & Education,"Technology, Media & Marketing",http://www.nourpublishing.com
Novel Global FCZ LLC,P3 · Secondary,Professional & Financial,Consulting & Business Services,http://www.novelglobalfzc.com
Olive Computer Systems LLC,P3 · Secondary,Technology & Education,"Technology, Media & Marketing",http://www.olivecomputers.com
Orison Software Specialists,P3 · Secondary,Technology & Education,"Technology, Media & Marketing",http://www.orisonsoftware.com
Oxford Auditing,P3 · Secondary,Professional & Financial,Consulting & Business Services,http://www.oxfordauditing.com
Oxive Solutions,P3 · Secondary,Technology & Education,"Technology, Media & Marketing",http://www.oxivesolutions.com
RegFinSolutions,P3 · Secondary,Professional & Financial,Banking & Financial Services,http://www.regfinsolutions.ae
Rentalcargroup.com,P3 · Secondary,Professional & Financial,Real Estate & Property,http://www.rentalcargroup.com
STAT Publishing Group LLC,P3 · Secondary,Technology & Education,"Technology, Media & Marketing",http://www.statmediagroup.com
Selectmyflight.com,P3 · Secondary,Professional & Financial,Consulting & Business Services,http://www.selectmyflight.com
Sitel Solutions,P3 · Secondary,Professional & Financial,Consulting & Business Services,http://www.sitelsolutions.com
Skyscrapers,P3 · Secondary,Professional & Financial,Consulting & Business Services,http://www.skyscrapersnow.com
THE TEAM BUILDERS,P3 · Secondary,Professional & Financial,Consulting & Business Services,http://www.theteambuilders.ae
The Surface Room,P3 · Secondary,Professional & Financial,Consulting & Business Services,http://www.thesurfaceroom.com
3K Architects,P3 · Secondary,Professional & Financial,Consulting & Business Services,http://www.3k-architects.com
ALTAF Consigliere Fiscale,P3 · Secondary,Professional & Financial,Consulting & Business Services,http://www.muhammadaltaf.com
Abcon Branding,P3 · Secondary,Technology & Education,"Technology, Media & Marketing",http://www.abconbranding.com
Al Hajeri Group,P3 · Secondary,Professional & Financial,Banking & Financial Services,http://www.alhajerigroup.org
Al Qassem Group,P3 · Secondary,Technology & Education,"Technology, Media & Marketing",http://www.alqassemgroup.com
Al Saqir Plants,P3 · Secondary,Professional & Financial,Consulting & Business Services,http://www.alsaqirplants.com
Al Taweq AlDhabi Tech Cont,P3 · Secondary,Technology & Education,"Technology, Media & Marketing",http://www.atadtechnical.com
Alyah Auditing Accountants,P3 · Secondary,Professional & Financial,Consulting & Business Services,http://www.alyahauditing.com
AphelionCyber Pvt. Ltd.,P3 · Secondary,Professional & Financial,Consulting & Business Services,http://www.aphelioncyber.com
Austin Macauley Publishers UAE,P3 · Secondary,Technology & Education,"Technology, Media & Marketing",http://www.austinmacauley.ae
BAM Productions,P3 · Secondary,Technology & Education,"Technology, Media & Marketing",http://www.bamproductions.ae
Bait Al Tarfeeh Toys Tr.,P3 · Secondary,Professional & Financial,Real Estate & Property,http://www.baitaltarfeeh.com
Bank of Sharjah,P3 · Secondary,Professional & Financial,Banking & Financial Services,http://www.bankofsharjah.com
Bin Kamil Investment Group LLC,P3 · Secondary,Professional & Financial,Banking & Financial Services,http://www.binkamilgroup.com
Blue Agency,P3 · Secondary,Technology & Education,"Technology, Media & Marketing",http://www.blueagency-eg.com
Blue Vision Advertising & Gifts,P3 · Secondary,Technology & Education,"Technology, Media & Marketing",http://www.bluevisionadv.com
Brand Media Advertising,P3 · Secondary,Technology & Education,"Technology, Media & Marketing",http://www.brandmediauae.com
CaliberTeches,P3 · Secondary,Professional & Financial,Consulting & Business Services,http://www.caliberteches.com
Creative Fusion,P3 · Secondary,Technology & Education,"Technology, Media & Marketing",http://www.creativefusion.ae
DAE Consultants,P3 · Secondary,Professional & Financial,Consulting & Business Services,http://www.daeconsultant.com
Digital Squidy | Digital Marketing Agency,P3 · Secondary,Technology & Education,"Technology, Media & Marketing",http://www.digitalsquidy.com
Faisal Holding,P3 · Secondary,Professional & Financial,Banking & Financial Services,http://www.faisalholding.com
Future Tech Magazine,P3 · Secondary,Technology & Education,"Technology, Media & Marketing",http://www.futuretechmag.com
G2 Financetech Solutions,P3 · Secondary,Professional & Financial,Banking & Financial Services,http://www.g2financetech.com
GALAXY PRINT & PACK,P3 · Secondary,Technology & Education,"Technology, Media & Marketing",http://www.galaxygiftbox.com
GASSAN TECH,P3 · Secondary,Technology & Education,"Technology, Media & Marketing",http://www.gassanproject.com
Home Walkers Real Estate,P3 · Secondary,Professional & Financial,Real Estate & Property,http://www.hwrealestates.com
Inter Emirates Group of Companies,P3 · Secondary,Professional & Financial,Consulting & Business Services,http://www.interemirates.com
International Standards Est.,P3 · Secondary,Professional & Financial,Consulting & Business Services,http://www.intlstandards.com
Inthar Safety & Security Systems,P3 · Secondary,Technology & Education,"Technology, Media & Marketing",http://www.inthar-safety.com
JAMAL AL MARRI GROUP OF COMPANIES,P3 · Secondary,Technology & Education,"Technology, Media & Marketing",http://www.almarrimobile.com
Jehad Saeed Bin Sahoo Advocates & Legal Consultants,P3 · Secondary,Professional & Financial,Consulting & Business Services,http://www.jehadadvocates.ae
MANCHESTER TECHNOLOGY LLC,P3 · Secondary,Technology & Education,"Technology, Media & Marketing",http://www.manchestertech.ae
Master Facades Engineering Solutions LLC,P3 · Secondary,Professional & Financial,Consulting & Business Services,http://www.masterfacades.com
Michael Cloud 3 L.L.C,P3 · Secondary,Technology & Education,"Technology, Media & Marketing",http://www.michaelcloud3.com
Mindbells Technologies,P3 · Secondary,Technology & Education,"Technology, Media & Marketing",http://www.mindbellstech.com
Nexa Automation,P3 · Secondary,Technology & Education,"Technology, Media & Marketing",http://www.nexaautomation.ai
Optimal Logics,P3 · Secondary,Professional & Financial,Consulting & Business Services,http://www.optimallogics.com
Orchid Engineering Consultant,P3 · Secondary,Professional & Financial,Consulting & Business Services,http://www.orchidconsult.com
Qamar Creative Design,P3 · Secondary,Technology & Education,"Technology, Media & Marketing",http://www.qamarcreative.com
RED BOW ENTERTAINMENT AND EVENTS,P3 · Secondary,Technology & Education,"Technology, Media & Marketing",http://www.red-bow-world.com
SP Solutions (ERP Consulting Experts),P3 · Secondary,Professional & Financial,Consulting & Business Services,http://www.spsolutionsco.com
SafePackGroup,P3 · Secondary,Professional & Financial,Banking & Financial Services,http://www.safepackgroup.com
Salim Exchange,P3 · Secondary,Professional & Financial,Banking & Financial Services,http://www.salimexchange.com
Sapid Research,P3 · Secondary,Professional & Financial,Consulting & Business Services,http://www.sapidresearch.com
Sharjah Cricket Stadium,P3 · Secondary,Professional & Financial,Consulting & Business Services,http://www.sharjahcricket.ae
Simple Logic IT UAE,P3 · Secondary,Technology & Education,"Technology, Media & Marketing",http://www.simplelogicit.com
Smart Vision IT Solutions,P3 · Secondary,Technology & Education,"Technology, Media & Marketing",http://www.esmart-vision.com
Sorrento Group of Companies,P3 · Secondary,Professional & Financial,Consulting & Business Services,http://www.sorrentogroup.net
Spring Tech,P3 · Secondary,Technology & Education,"Technology, Media & Marketing",http://www.springtechllc.com
Starfold Media Network,P3 · Secondary,Technology & Education,"Technology, Media & Marketing",http://www.starfoldmedia.com
The Grand Avenue,P3 · Secondary,Professional & Financial,Real Estate & Property,http://www.thegrandavenue.ae
Urban Edge Films,P3 · Secondary,Technology & Education,"Technology, Media & Marketing",http://www.urbanedgefilms.me
VAT4U L.L.C,P3 · Secondary,Professional & Financial,Consulting & Business Services,http://www.uaetaxservices.ae
edari Software Solutions LLC,P3 · Secondary,Technology & Education,"Technology, Media & Marketing",http://www.edarisoftware.com
i.e. Art Projects,P3 · Secondary,Technology & Education,"Technology, Media & Marketing",http://www.ieartprojects.com
ideal ideas publishing,P3 · Secondary,Technology & Education,"Technology, Media & Marketing",http://www.idealideaspub.com
mycelebrations.me,P3 · Secondary,Professional & Financial,Consulting & Business Services,http://www.mycelebrations.me
A2Z HR Services LLC,P3 · Secondary,Professional & Financial,Consulting & Business Services,http://www.a2zhrservices.ae
ABROADLINK HR CONSULTANTS,P3 · Secondary,Professional & Financial,Consulting & Business Services,http://www.abroadlinkhr.com
AIDAN TALENTS,P3 · Secondary,Professional & Financial,Consulting & Business Services,http://www.aidantalents.com
AL Mazaya Advertising LLC,P3 · Secondary,Technology & Education,"Technology, Media & Marketing",http://www.almazayaadvt.com
ASTECH GLOBAL,P3 · Secondary,Professional & Financial,Consulting & Business Services,http://www.astechglobal.com
ActiveBytes Inc.,P3 · Secondary,Technology & Education,"Technology, Media & Marketing",http://www.active-bytes.com
AiguillePath Consulting,P3 · Secondary,Professional & Financial,Consulting & Business Services,http://www.aiguillepath.com
Al Amiri Group of Companies,P3 · Secondary,Professional & Financial,Real Estate & Property,http://www.alamirigroup.com
Al Faisal Group Holding,P3 · Secondary,Professional & Financial,Banking & Financial Services,http://www.alfaisalgroup.ae
Al Ramlah Safety,P3 · Secondary,Technology & Education,"Technology, Media & Marketing",http://www.ramlahsafety.com
Ali sultan Bin Qadib Advocates & Legal Consultants,P3 · Secondary,Professional & Financial,Consulting & Business Services,http://www.ilegal-group.com
Amanat Vaults – Safe Deposit Box Rental Solutions,P3 · Secondary,Professional & Financial,Real Estate & Property,http://www.amanatvaults.com
Andrews Sykes Climate Rental LLC,P3 · Secondary,Professional & Financial,Real Estate & Property,http://www.andrews-sykes.ae
Arabookverse,P3 · Secondary,Technology & Education,"Technology, Media & Marketing",http://www.arabookverse.com
BDouin Studios,P3 · Secondary,Technology & Education,"Technology, Media & Marketing",http://www.studiobdouin.com
Bentham Science,P3 · Secondary,Technology & Education,"Technology, Media & Marketing",http://www.eurekaselect.com
Calyx Fintrade,P3 · Secondary,Professional & Financial,Banking & Financial Services,http://www.calyxfintrade.ae
Chanya Impact,P3 · Secondary,Professional & Financial,Banking & Financial Services,http://www.chanyaimpact.com
City Properties Real Estate and Management,P3 · Secondary,Professional & Financial,Real Estate & Property,http://www.propertiesre.com
Creative Point Advertising,P3 · Secondary,Technology & Education,"Technology, Media & Marketing",http://www.creativepoint.ae
Data Fortress,P3 · Secondary,Technology & Education,"Technology, Media & Marketing",http://www.datafortress.org
Dunamis,P3 · Secondary,Professional & Financial,Consulting & Business Services,http://www.dunamisworld.com
Emirates International Investments & Real Estate,P3 · Secondary,Professional & Financial,Banking & Financial Services,http://www.emirates-ire.com
Eon Weave Labs,P3 · Secondary,Professional & Financial,Consulting & Business Services,http://www.eonweavelabs.com
Fam Investment,P3 · Secondary,Professional & Financial,Banking & Financial Services,http://www.faminvestment.ae
Fast Track Business Consultancy,P3 · Secondary,Professional & Financial,Consulting & Business Services,http://www.fasttrackuae.net
Fervour Games,P3 · Secondary,Technology & Education,"Technology, Media & Marketing",http://www.fervourgames.com
Fikra Design Studio,P3 · Secondary,Technology & Education,"Technology, Media & Marketing",http://www.fikradesigns.com
Flexo Telecom LLC,P3 · Secondary,Technology & Education,"Technology, Media & Marketing",http://www.flexotelecom.com
FutureOn Digital,P3 · Secondary,Technology & Education,"Technology, Media & Marketing",http://www.futureon.digital
GREEN LINE ENGINEERING CONSULTANTS,P3 · Secondary,Professional & Financial,Consulting & Business Services,http://www.greenline-ec.com
House of Wisdom,P3 · Secondary,Technology & Education,"Technology, Media & Marketing",http://www.houseofwisdom.ae
IP4Solutions,P3 · Secondary,Technology & Education,"Technology, Media & Marketing",http://www.ip4solutions.com
Just White Hat,P3 · Secondary,Professional & Financial,Consulting & Business Services,http://www.justwhitehat.com
KING NEWSWIRE,P3 · Secondary,Technology & Education,"Technology, Media & Marketing",http://www.kingnewswire.com
KMZee Holding,P3 · Secondary,Professional & Financial,Banking & Financial Services,http://www.kmzeeholding.com
Limitless Solution for Conferences and Seminars - شركة ليمتلس لتنظيم المعارض و الؤتمرات,P3 · Secondary,Professional & Financial,Consulting & Business Services,http://www.limitlesssol.com
Linear Systems Expansion Joints,P3 · Secondary,Technology & Education,"Technology, Media & Marketing",http://www.linearsystems.ae
Link Coasters,P3 · Secondary,Technology & Education,"Technology, Media & Marketing",http://www.linkcoasters.com
Majida Khanam Consultancy,P3 · Secondary,Professional & Financial,Consulting & Business Services,http://www.majidakhanam.com
Missan IT Solutions,P3 · Secondary,Technology & Education,"Technology, Media & Marketing",http://www.missanglobal.com
Momentum Films,P3 · Secondary,Technology & Education,"Technology, Media & Marketing",http://www.momentumfilms.ae
Mumtaz Vision,P3 · Secondary,Technology & Education,"Technology, Media & Marketing",http://www.mumtazvision.com
NETWORK MOVERS & STORAGE,P3 · Secondary,Technology & Education,"Technology, Media & Marketing",http://www.networkmovers.ae
OCEAN TECH SOLUTIONS,P3 · Secondary,Technology & Education,"Technology, Media & Marketing",http://www.oceantechuae.com
One CorpLegal Consultancy Services,P3 · Secondary,Professional & Financial,Consulting & Business Services,http://www.onecorplegal.com
Orange Advertising & Publishing,P3 · Secondary,Technology & Education,"Technology, Media & Marketing",http://www.orangeadvuae.com
Pulse 95,P3 · Secondary,Technology & Education,"Technology, Media & Marketing",http://www.pulse95radio.com
Qasr Al Ainaya Medical Technologies,P3 · Secondary,Technology & Education,"Technology, Media & Marketing",http://www.ainayaglobal.com
Ranna Studios,P3 · Secondary,Technology & Education,"Technology, Media & Marketing",http://www.rannastudios.com
Realist Media,P3 · Secondary,Technology & Education,"Technology, Media & Marketing",http://www.realistmedia.com
SEO HUB AGENCY,P3 · Secondary,Technology & Education,"Technology, Media & Marketing",http://www.seohubagency.com
Sahara Centre,P3 · Secondary,Professional & Financial,Real Estate & Property,http://www.saharacentre.com
Sayara Rent a Car and Limousine,P3 · Secondary,Professional & Financial,Real Estate & Property,http://www.sayararental.com
Seek Machines,P3 · Secondary,Professional & Financial,Real Estate & Property,http://www.seekmachines.com
Silk Valley Group,P3 · Secondary,Professional & Financial,Real Estate & Property,http://www.silkvalleyhh.com
Skills Heaven,P3 · Secondary,Professional & Financial,Consulting & Business Services,http://www.skillsheaven.org
Srini-Online,P3 · Secondary,Professional & Financial,Banking & Financial Services,http://www.srini-online.com
Tech Center Middle East,P3 · Secondary,Technology & Education,"Technology, Media & Marketing",http://www.techcenterme.com
Tech Solutions.ae,P3 · Secondary,Technology & Education,"Technology, Media & Marketing",http://www.techsolutions.ae
Vision X Nexus Real Estate,P3 · Secondary,Professional & Financial,Real Estate & Property,http://www.visionxnexus.com
White Stallion Print Solutions,P3 · Secondary,Technology & Education,"Technology, Media & Marketing",http://www.whitestallion.ae
XL Technologies,P3 · Secondary,Technology & Education,"Technology, Media & Marketing",http://www.xltechglobal.com
كويت كليك-kuwait-click,P3 · Secondary,Technology & Education,"Technology, Media & Marketing",http://www.kuwait-click.com
مصنع الكتب - Kotobfactory,P3 · Secondary,Technology & Education,"Technology, Media & Marketing",http://www.kotobfactory.com
ALMIZAN,P3 · Secondary,Professional & Financial,Consulting & Business Services,http://www.almizan-law.com
AMLCFT-UAE,P3 · Secondary,Professional & Financial,Consulting & Business Services,http://www.namlcftc.gov.ae
ARABIAN EUROPEAN LIGHTING SYSTEMS,P3 · Secondary,Technology & Education,"Technology, Media & Marketing",http://www.aelightings.com
Albarakah Real Estate,P3 · Secondary,Professional & Financial,Real Estate & Property,http://www.albarakahre.com
Alleem Books,P3 · Secondary,Technology & Education,"Technology, Media & Marketing",http://www.alleembooks.com
BCC Manpower Services,P3 · Secondary,Professional & Financial,Consulting & Business Services,http://www.bccmanpower.com
Bayan Takaful,P3 · Secondary,Professional & Financial,Banking & Financial Services,http://www.bayantakaful.ae
Bears Factor Literary Agency,P3 · Secondary,Technology & Education,"Technology, Media & Marketing",http://www.bearsfactor.com
Capital Engineering Consultancy,P3 · Secondary,Professional & Financial,Consulting & Business Services,http://www.capitalengg.com
Chariot International Manpower,P3 · Secondary,Professional & Financial,Consulting & Business Services,http://www.chariotintl.com
City Property UAE,P3 · Secondary,Professional & Financial,Real Estate & Property,http://www.cityproperty.ae
Contactopia,P3 · Secondary,Professional & Financial,Consulting & Business Services,http://www.contactopia.com
Core Technologies,P3 · Secondary,Technology & Education,"Technology, Media & Marketing",http://www.coretech-me.com
Creative Automation,P3 · Secondary,Technology & Education,"Technology, Media & Marketing",http://www.creative-ae.com
DHC Partners,P3 · Secondary,Professional & Financial,Consulting & Business Services,http://www.dhcpartners.net
Dukkan Media,P3 · Secondary,Technology & Education,"Technology, Media & Marketing",http://www.dukkanmedia.com
Dynamic Unit,P3 · Secondary,Professional & Financial,Consulting & Business Services,http://www.dynamicunit.com
Early Warning Fire Systems,P3 · Secondary,Technology & Education,"Technology, Media & Marketing",http://www.earlywarning.ae
Enmaa Engineering Consultants,P3 · Secondary,Professional & Financial,Consulting & Business Services,http://www.enmaaengcon.com
Equipment & Plant For Pipeline F.Z.E.,P3 · Secondary,Professional & Financial,Real Estate & Property,http://www.epmachinery.com
Eram Group,P3 · Secondary,Professional & Financial,Consulting & Business Services,http://www.eramgroupsa.com
FUTURIST,P3 · Secondary,Technology & Education,"Technology, Media & Marketing",http://www.futuris-ffz.net
FreightBing,P3 · Secondary,Technology & Education,"Technology, Media & Marketing",http://www.freightbing.com
HIRE & FYRE LLC,P3 · Secondary,Professional & Financial,Real Estate & Property,http://www.hireandfyre.com
HUB CLINICS,P3 · Secondary,Professional & Financial,Consulting & Business Services,http://www.hub-clinics.com
HYPHEN CYBER,P3 · Secondary,Technology & Education,"Technology, Media & Marketing",http://www.hyphencyber.com
JUMAIRALAND ADVERTISING LLC,P3 · Secondary,Technology & Education,"Technology, Media & Marketing",http://www.jumairaland.com
Journal Post Group,P3 · Secondary,Technology & Education,"Technology, Media & Marketing",http://www.journalpost.com
Kalimat Group,P3 · Secondary,Professional & Financial,Consulting & Business Services,http://www.kalimatgroup.ae
Kloud Fusion Consulting,P3 · Secondary,Professional & Financial,Consulting & Business Services,http://www.kloudfusion.com
Kortek,P3 · Secondary,Technology & Education,"Technology, Media & Marketing",http://www.kortekmedia.com
Marine BizTV,P3 · Secondary,Technology & Education,"Technology, Media & Marketing",http://www.marinebiztv.com
Multiplogic,P3 · Secondary,Professional & Financial,Consulting & Business Services,http://www.multiplogic.com
OMA Emirates Group LLC,P3 · Secondary,Professional & Financial,Banking & Financial Services,http://www.omaemirates.com
Partnerscan,P3 · Secondary,Technology & Education,"Technology, Media & Marketing",http://www.partnerscan.org
Pen & Process,P3 · Secondary,Professional & Financial,Consulting & Business Services,http://www.pen-process.com
Perfect Ideas Recruitment Consultancy,P3 · Secondary,Professional & Financial,Consulting & Business Services,http://www.perfectideas.ae
Pinnacle Restaurant and Catering Management LLC,P3 · Secondary,Professional & Financial,Consulting & Business Services,http://www.pinnacle-rm.com
Power Tech Incorporation,P3 · Secondary,Technology & Education,"Technology, Media & Marketing",http://www.powertechinc.me
Public TV Media,P3 · Secondary,Technology & Education,"Technology, Media & Marketing",http://www.ourmediauae.com
SINA Investment Group,P3 · Secondary,Professional & Financial,Banking & Financial Services,http://www.sinatrading.com
STARLING ADS,P3 · Secondary,Professional & Financial,Consulting & Business Services,http://www.starlingads.com
Sama Travels & Business Center LLC,P3 · Secondary,Professional & Financial,Consulting & Business Services,http://www.samatravels.biz
Sharjah Airport Travel Agency,P3 · Secondary,Technology & Education,"Technology, Media & Marketing",http://www.satatravels.com
Silicon Valley Technologies LLC,P3 · Secondary,Technology & Education,"Technology, Media & Marketing",http://www.svtechonline.ae
Silverline IT,P3 · Secondary,Professional & Financial,Consulting & Business Services,http://www.silverlineit.co
Slash Pulse,P3 · Secondary,Technology & Education,"Technology, Media & Marketing",http://www.slash-pulse.com
Success Lab,P3 · Secondary,Technology & Education,"Technology, Media & Marketing",http://www.successlab.tech
Techwaresoft,P3 · Secondary,Professional & Financial,Consulting & Business Services,http://www.techwaresoft.io
Teknikforce,P3 · Secondary,Technology & Education,"Technology, Media & Marketing",http://www.teknikforce.com
The Brew News,P3 · Secondary,Technology & Education,"Technology, Media & Marketing",http://www.thebrewnews.com
Thomsun Play,P3 · Secondary,Technology & Education,"Technology, Media & Marketing",http://www.thomsunplay.com
Times Marine Survey LLC,P3 · Secondary,Professional & Financial,Consulting & Business Services,http://www.timesmarine.com
TryIn Second,P3 · Secondary,Technology & Education,"Technology, Media & Marketing",http://www.tryinsecond.com
WAHAT AL JARF TECH CONT,P3 · Secondary,Technology & Education,"Technology, Media & Marketing",http://www.wahataljarf.com
Warsan Group,P3 · Secondary,Technology & Education,"Technology, Media & Marketing",http://www.warsangroup.com
White Edges LLC,P3 · Secondary,Professional & Financial,Consulting & Business Services,http://www.whiteedgess.com
Worldwide Travel Advisors LLC,P3 · Secondary,Professional & Financial,Consulting & Business Services,http://www.worldwideta.com
AKST Global,P3 · Secondary,Technology & Education,"Technology, Media & Marketing",http://www.akstglobal.com
AL Ward Water Technology LLC,P3 · Secondary,Technology & Education,"Technology, Media & Marketing",http://www.alwardtech.com
AOP Marine Agency,P3 · Secondary,Technology & Education,"Technology, Media & Marketing",http://www.aop-agency.com
AVN Professional Quality (AVNPQ),P3 · Secondary,Professional & Financial,Consulting & Business Services,http://www.avnquality.com
Al Hamra Engineering Consultant LLC,P3 · Secondary,Professional & Financial,Consulting & Business Services,http://www.alhamrauae.com
Al Huraimel Investments,P3 · Secondary,Professional & Financial,Banking & Financial Services,http://www.alhuraimel.com
Al Mawadah Information Technology,P3 · Secondary,Technology & Education,"Technology, Media & Marketing",http://www.almawadahit.ae
Al Murooj Corporate Services Provider L.L.C,P3 · Secondary,Professional & Financial,Consulting & Business Services,http://www.murooj-uae.com
Al Tawoos Al Abyadh Tech Cont,P3 · Secondary,Technology & Education,"Technology, Media & Marketing",http://www.tawoostech.com
Algospring,P3 · Secondary,Technology & Education,"Technology, Media & Marketing",http://www.algospring.com
Aqarcom Real Estate,P3 · Secondary,Professional & Financial,Real Estate & Property,http://www.aqarcomuae.com
Artemis Business Care,P3 · Secondary,Professional & Financial,Consulting & Business Services,http://www.artemis-bc.com
AwardSofts Software Technology Company,P3 · Secondary,Technology & Education,"Technology, Media & Marketing",http://www.awardsofts.com
BAB AL RAYAN INKS AND PRINTING MAT TRD LLC,P3 · Secondary,Technology & Education,"Technology, Media & Marketing",http://www.babalrayan.com
BNC Network,P3 · Secondary,Technology & Education,"Technology, Media & Marketing",http://www.bncnetwork.net
BYSST Music,P3 · Secondary,Technology & Education,"Technology, Media & Marketing",http://www.bysstmusic.com
Chemie-Tech,P3 · Secondary,Technology & Education,"Technology, Media & Marketing",http://www.chemietech.com
Citadel365,P3 · Secondary,Technology & Education,"Technology, Media & Marketing",http://www.citadel365.com
CloudFigma,P3 · Secondary,Technology & Education,"Technology, Media & Marketing",http://www.cloudfigma.com
Connect Us Business Solutions LLC,P3 · Secondary,Professional & Financial,Consulting & Business Services,http://www.connectusme.ae
EXPO CENTRE SHARJAH,P3 · Secondary,Professional & Financial,Consulting & Business Services,http://www.expo-centre.ae
FortGrid CS,P3 · Secondary,Technology & Education,"Technology, Media & Marketing",http://www.fortgridcs.com
General Tech Services LLC,P3 · Secondary,Technology & Education,"Technology, Media & Marketing",http://www.generaltech.ae
Golden Click Digital Marketing & Branding Agency,P3 · Secondary,Technology & Education,"Technology, Media & Marketing",http://www.goldenclick.ae
Gulf medical commercial Agencies,P3 · Secondary,Technology & Education,"Technology, Media & Marketing",http://www.gulfmedical.ae
Hadayeq Landscape L.L.C,P3 · Secondary,Professional & Financial,Consulting & Business Services,http://www.hadayeqlsp.com
Hypedriven,P3 · Secondary,Professional & Financial,Consulting & Business Services,http://www.hypedriven.com
Inca Tanvir Advertising Llc,P3 · Secondary,Technology & Education,"Technology, Media & Marketing",http://www.incatanvir.com
Indish Technologies,P3 · Secondary,Technology & Education,"Technology, Media & Marketing",http://www.indishtech.com
International Business Corporation (IBC),P3 · Secondary,Professional & Financial,Consulting & Business Services,http://www.ibc.consulting
Jack Group,P3 · Secondary,Professional & Financial,Consulting & Business Services,http://www.jackgroups.com
JewelSteps - Cloud Based Jewelry Software,P3 · Secondary,Technology & Education,"Technology, Media & Marketing",http://www.jewelsteps.com
Knowledge Without Borders,P3 · Secondary,Technology & Education,"Technology, Media & Marketing",http://www.thaqafa.gov.ae
MCC GROUP OF COMPANIES UAE,P3 · Secondary,Professional & Financial,Consulting & Business Services,http://www.mccgroupuae.ae
Max Elect Control Systems Ind LLC,P3 · Secondary,Technology & Education,"Technology, Media & Marketing",http://www.maxcontrols.me
NT.Payments,P3 · Secondary,Professional & Financial,Banking & Financial Services,http://www.ntpayments.com
NeuralCred,P3 · Secondary,Professional & Financial,Banking & Financial Services,http://www.neuralcred.com
"Nobel, Ltd",P3 · Secondary,Technology & Education,"Technology, Media & Marketing",http://www.nobelglobe.com
Novelty - Corporate Novelties & Branding Solutions,P3 · Secondary,Technology & Education,"Technology, Media & Marketing",http://www.noveltyuae.com
Pitstop360,P3 · Secondary,Professional & Financial,Consulting & Business Services,http://www.pitstopauto.ae
Pyflow Labs,P3 · Secondary,Professional & Financial,Consulting & Business Services,http://www.pyflowlabs.com
RFC Exhibition & Events,P3 · Secondary,Technology & Education,"Technology, Media & Marketing",http://www.rfc-events.com
Rysha Media,P3 · Secondary,Technology & Education,"Technology, Media & Marketing",http://www.ryshamedia.com
SSE Legal Consultancy,P3 · Secondary,Professional & Financial,Consulting & Business Services,http://www.sseadvisor.com
Softcodelk,P3 · Secondary,Professional & Financial,Consulting & Business Services,http://www.softcodelk.com
Statesside,P3 · Secondary,Professional & Financial,Consulting & Business Services,http://www.statesside.com
Storically,P3 · Secondary,Technology & Education,"Technology, Media & Marketing",http://www.storically.com
Synergy tech Middle East,P3 · Secondary,Technology & Education,"Technology, Media & Marketing",http://www.synergytech.ae
TALENTMATE,P3 · Secondary,Professional & Financial,Consulting & Business Services,http://www.talentmate.com
TOPAZ EVENTS MANAGEMENT,P3 · Secondary,Technology & Education,"Technology, Media & Marketing",http://www.topazevent.net
Tabasco Human Capital,P3 · Secondary,Professional & Financial,Banking & Financial Services,http://www.tabascouae.com
Talent,P3 · Secondary,Professional & Financial,Consulting & Business Services,http://www.talent.channel
Tech Cybers Web Design Company,P3 · Secondary,Technology & Education,"Technology, Media & Marketing",http://www.techcybers.com
Tech NEXA,P3 · Secondary,Technology & Education,"Technology, Media & Marketing",http://www.technexaca.com
TechVention,P3 · Secondary,Technology & Education,"Technology, Media & Marketing",http://www.techvention.ae
Tronstride,P3 · Secondary,Technology & Education,"Technology, Media & Marketing",http://www.tronstride.com
UAE Espresso Services,P3 · Secondary,Professional & Financial,Consulting & Business Services,http://www.uaeespresso.ae
ULO Systems,P3 · Secondary,Technology & Education,"Technology, Media & Marketing",http://www.ulosystems.com
UTS Travels,P3 · Secondary,Professional & Financial,Consulting & Business Services,http://www.utstravels.com
VNV Recruitment & Consulting,P3 · Secondary,Professional & Financial,Consulting & Business Services,http://www.vnvrecruit.com
WCA GLOBALTM,P3 · Secondary,Professional & Financial,Consulting & Business Services,http://www.wca-global.com
YASH MARINE CONSULTANTS,P3 · Secondary,Professional & Financial,Consulting & Business Services,http://www.yashmarine.com
ispmanager,P3 · Secondary,Technology & Education,"Technology, Media & Marketing",http://www.ispmanager.com
1MORETHING VENTURES,P3 · Secondary,Professional & Financial,Banking & Financial Services,http://www.1morething.io
ACI Group,P3 · Secondary,Professional & Financial,Banking & Financial Services,http://www.acigroups.com
ASAS GROUP,P3 · Secondary,Technology & Education,"Technology, Media & Marketing",http://www.asasgroup.net
Air My Home,P3 · Secondary,Professional & Financial,Real Estate & Property,http://www.airmyhome.com
Al Aqsa Pools & Water Technology LLC,P3 · Secondary,Technology & Education,"Technology, Media & Marketing",http://www.apw-pools.com
Al Buhaira National Insurance,P3 · Secondary,Professional & Financial,Banking & Financial Services,http://www.albuhaira.com
Al Hinyamy Art Production | الهنيامي للإنتاج الفني,P3 · Secondary,Technology & Education,"Technology, Media & Marketing",http://www.alhinyamy.com
Al Misk Properties,P3 · Secondary,Professional & Financial,Real Estate & Property,http://www.miskprops.com
Al Qemah AC Systems Accessories Ind Center LLC,P3 · Secondary,Technology & Education,"Technology, Media & Marketing",http://www.alqemahac.com
Al Safa Advertising,P3 · Secondary,Technology & Education,"Technology, Media & Marketing",http://www.alsafaadv.com
Al Tay Hills,P3 · Secondary,Professional & Financial,Real Estate & Property,http://www.altayhills.ae
Alignbits LLC,P3 · Secondary,Professional & Financial,Consulting & Business Services,http://www.alignbits.com
Alliance Française Sharjah,P3 · Secondary,Professional & Financial,Consulting & Business Services,http://www.afsharjah.org
Allinners LLC,P3 · Secondary,Technology & Education,"Technology, Media & Marketing",http://www.allinners.com
Alma People Consulting,P3 · Secondary,Professional & Financial,Consulting & Business Services,http://www.almapeople.co
Aman Debt Collection,P3 · Secondary,Professional & Financial,Consulting & Business Services,http://www.amandebts.com
App Experts,P3 · Secondary,Technology & Education,"Technology, Media & Marketing",http://www.appexperts.ae
AskarLabs,P3 · Secondary,Professional & Financial,Consulting & Business Services,http://www.askarlabs.com
Aurion Business Consultants,P3 · Secondary,Professional & Financial,Consulting & Business Services,http://www.aurionuae.com
Avrio Legal Group,P3 · Secondary,Professional & Financial,Consulting & Business Services,http://www.avriolegal.ae
Axelerate,P3 · Secondary,Technology & Education,"Technology, Media & Marketing",http://www.axelerate.app
CareTech International,P3 · Secondary,Technology & Education,"Technology, Media & Marketing",http://www.care-tech.net
Compendium - Bespoke Solutions,P3 · Secondary,Professional & Financial,Consulting & Business Services,http://www.compendium.ae
Constelle Business Solutions,P3 · Secondary,Professional & Financial,Consulting & Business Services,http://www.constell8.com
Corrosion Technology Services,P3 · Secondary,Technology & Education,"Technology, Media & Marketing",http://www.ctsonline.com
DROP - The Culture Venture Lab,P3 · Secondary,Technology & Education,"Technology, Media & Marketing",http://www.drop-mgmt.com
Dar AL-Afaq Publishing,P3 · Secondary,Technology & Education,"Technology, Media & Marketing",http://www.daralafaq.com
DevoTrack,P3 · Secondary,Technology & Education,"Technology, Media & Marketing",http://www.devotrack.com
Diagnosit,P3 · Secondary,Technology & Education,"Technology, Media & Marketing",http://www.diagnosit.com
Digital Information Technology LLC,P3 · Secondary,Technology & Education,"Technology, Media & Marketing",http://www.ditllcuae.com
EV Zone,P3 · Secondary,Professional & Financial,Consulting & Business Services,http://www.evzoneuae.com
Edges+,P3 · Secondary,Technology & Education,"Technology, Media & Marketing",http://www.edgesplus.com
Empire Agency,P3 · Secondary,Technology & Education,"Technology, Media & Marketing",http://www.empireads.org
Falcon ERP,P3 · Secondary,Technology & Education,"Technology, Media & Marketing",http://www.falconerp.com
Financial Horizon Group,P3 · Secondary,Professional & Financial,Banking & Financial Services,http://www.f-horizon.com
GLOBAL RE,P3 · Secondary,Professional & Financial,Banking & Financial Services,http://www.global-re.com
Game Rekon,P3 · Secondary,Technology & Education,"Technology, Media & Marketing",http://www.gamerekon.com
Golden Coast Bldg Cleaning Services,P3 · Secondary,Professional & Financial,Consulting & Business Services,http://www.gccleaning.ae
HK INFORMATION TECHNOLOGY,P3 · Secondary,Technology & Education,"Technology, Media & Marketing",http://www.hkinfotec.com
HatchFast,P3 · Secondary,Technology & Education,"Technology, Media & Marketing",http://www.hatchfast.dev
Hostking,P3 · Secondary,Technology & Education,"Technology, Media & Marketing",http://www.hostking.host
INJAZAT INFORMATION SYSTEM IIS,P3 · Secondary,Technology & Education,"Technology, Media & Marketing",http://www.injazatuae.ae
Impulse10,P3 · Secondary,Technology & Education,"Technology, Media & Marketing",http://www.impulse10.com
LINK-GULF LLC,P3 · Secondary,Professional & Financial,Consulting & Business Services,http://www.link-gulf.com
Mazaya Consulting Engineers,P3 · Secondary,Professional & Financial,Consulting & Business Services,http://www.mazayacom.com
Medi BizTV,P3 · Secondary,Technology & Education,"Technology, Media & Marketing",http://www.medibiztv.com
Medulla Productions & Consulting LLC,P3 · Secondary,Professional & Financial,Consulting & Business Services,http://www.medullame.com
Motoreast,P3 · Secondary,Technology & Education,"Technology, Media & Marketing",http://www.motoreast.net
Music Spark LLC,P3 · Secondary,Technology & Education,"Technology, Media & Marketing",http://www.musicspark.io
NeoBrine Technologies,P3 · Secondary,Technology & Education,"Technology, Media & Marketing",http://www.neobrine.tech
New york Accounts Records,P3 · Secondary,Professional & Financial,Consulting & Business Services,http://www.nybsaudit.com
No1Events,P3 · Secondary,Technology & Education,"Technology, Media & Marketing",http://www.no1events.net
Obaid Al Shamsi Law Firm,P3 · Secondary,Professional & Financial,Consulting & Business Services,http://www.oaslawfirm.co
Panama Advertising & Designing LLC,P3 · Secondary,Technology & Education,"Technology, Media & Marketing",http://www.panama-me.com
PhoneShark.ae,P3 · Secondary,Professional & Financial,Consulting & Business Services,http://www.phoneshark.ae
Powerwaves,P3 · Secondary,Professional & Financial,Consulting & Business Services,http://www.powerwaves.ae
Prokoders,P3 · Secondary,Professional & Financial,Consulting & Business Services,http://www.prokoders.com
QF Network,P3 · Secondary,Technology & Education,"Technology, Media & Marketing",http://www.qfnetwork.org
RCEPUNESCO,P3 · Secondary,Professional & Financial,Consulting & Business Services,http://www.rcepunesco.ae
SBS Group,P3 · Secondary,Technology & Education,"Technology, Media & Marketing",http://www.sbsgroup.tech
SCARABDev LLC,P3 · Secondary,Professional & Financial,Consulting & Business Services,http://www.scarabdev.com
SPACEWIDE Innovations,P3 · Secondary,Technology & Education,"Technology, Media & Marketing",http://www.spacewide.net
SPARQ,P3 · Secondary,Technology & Education,"Technology, Media & Marketing",http://www.playsparq.com
Shahid Tech Cont Co LLC,P3 · Secondary,Technology & Education,"Technology, Media & Marketing",http://www.shahidllc.com
StudyShed Global Consultants,P3 · Secondary,Professional & Financial,Consulting & Business Services,http://www.studyshed.net
Supersub,P3 · Secondary,Professional & Financial,Consulting & Business Services,http://www.supersub.work
Target Event Prezlab - TEP ( DMC ),P3 · Secondary,Technology & Education,"Technology, Media & Marketing",http://www.teprezlab.com
TechFinity LLC,P3 · Secondary,Professional & Financial,Consulting & Business Services,http://www.techfinity.ae
Tokyo Group of Companies,P3 · Secondary,Professional & Financial,Consulting & Business Services,http://www.tokyogroup.ae
TravelMid,P3 · Secondary,Technology & Education,"Technology, Media & Marketing",http://www.travelmid.com
Trend Torch Marketing,P3 · Secondary,Technology & Education,"Technology, Media & Marketing",http://www.trendtorch.io
Tribocare Laboratories,P3 · Secondary,Professional & Financial,Consulting & Business Services,http://www.tribocare.com
UAEBBY,P3 · Secondary,Professional & Financial,Consulting & Business Services,http://www.uaebby.org.ae
Verify Buy Services,P3 · Secondary,Professional & Financial,Consulting & Business Services,http://www.verifybuy.com
Vivid Media,P3 · Secondary,Technology & Education,"Technology, Media & Marketing",http://www.vividmedia.ae
WEB CHANNEL,P3 · Secondary,Technology & Education,"Technology, Media & Marketing",http://www.webchannel.ae
WENXT Technologies,P3 · Secondary,Technology & Education,"Technology, Media & Marketing",http://www.wenxttech.com
i-press Printing Services LLC,P3 · Secondary,Technology & Education,"Technology, Media & Marketing",http://www.ipressuae.com
ABMC INTERNATIONAL LLC (U.A.E),P3 · Secondary,Professional & Financial,Consulting & Business Services,http://www.abmc-int.com
AEserver,P3 · Secondary,Technology & Education,"Technology, Media & Marketing",http://www.aeserver.com
AL ARISH ADVERTISING PRODUCTION & DESIGN,P3 · Secondary,Technology & Education,"Technology, Media & Marketing",http://www.trialame.com
AL TAQAH KITCHENS & CONSULTANCY,P3 · Secondary,Professional & Financial,Consulting & Business Services,http://www.taqahktr.com
AL TASAMI COMPUTER LLC,P3 · Secondary,Professional & Financial,Consulting & Business Services,http://www.altasami.com
ARAM GROUP COMPANY,P3 · Secondary,Professional & Financial,Real Estate & Property,http://www.aramgroup.ae
ATLAS Real Estate,P3 · Secondary,Professional & Financial,Real Estate & Property,http://www.atlas4us.com
AUGUST75 MANPOWER SERVICES,P3 · Secondary,Professional & Financial,Consulting & Business Services,http://www.august75.com
AUSAA CAAD Chapter,P3 · Secondary,Professional & Financial,Consulting & Business Services,http://www.ausalumni.ae
Ain Events,P3 · Secondary,Technology & Education,"Technology, Media & Marketing",http://www.ainevent.com
Al Dairah Engineering Consultancy Company LLC,P3 · Secondary,Professional & Financial,Consulting & Business Services,http://www.aldairah.com
Al Kamal Shampoo & Cleaning Mat . Int L.L.C,P3 · Secondary,Professional & Financial,Consulting & Business Services,http://www.al-kamal.com
Al Malomat Center,P3 · Secondary,Professional & Financial,Consulting & Business Services,http://www.almalomat.ae
Al Maqyas Real Estate,P3 · Secondary,Professional & Financial,Real Estate & Property,http://www.almaqyas.com
Al Qusour Engineering Consultancy,P3 · Secondary,Professional & Financial,Consulting & Business Services,http://www.alqusour.com
Al Rukn Al Thahbi Real Estate,P3 · Secondary,Professional & Financial,Real Estate & Property,http://www.alruknre.com
Aman for Debts Collection,P3 · Secondary,Professional & Financial,Consulting & Business Services,http://www.amandebts.ae
ArabEasy,P3 · Secondary,Professional & Financial,Consulting & Business Services,http://www.arabeasy.com
Awad Al Jazairi Real Estate / Al Injaz Bldg Cont.,P3 · Secondary,Professional & Financial,Real Estate & Property,http://www.aljazairi.ae
BALENCIA,P3 · Secondary,Professional & Financial,Consulting & Business Services,http://www.balencia.net
BAxperts,P3 · Secondary,Professional & Financial,Banking & Financial Services,http://www.baxperts.com
BEIRUT TECH WORKS,P3 · Secondary,Technology & Education,"Technology, Media & Marketing",http://www.beiruttw.com
BOLD Media,P3 · Secondary,Technology & Education,"Technology, Media & Marketing",http://www.boldmedia.ae
BakeHost | Web Hosting & Domain Names Provider,P3 · Secondary,Technology & Education,"Technology, Media & Marketing",http://www.bakehost.com
Barq Media Production,P3 · Secondary,Technology & Education,"Technology, Media & Marketing",http://www.barqmedia.ae
Baskan,P3 · Secondary,Professional & Financial,Consulting & Business Services,http://www.baskanco.com
Borj Eviel Real Estate,P3 · Secondary,Professional & Financial,Real Estate & Property,http://www.borjeviel.ae
Capital Groups,P3 · Secondary,Professional & Financial,Banking & Financial Services,http://www.engg.capital
Circle Out,P3 · Secondary,Technology & Education,"Technology, Media & Marketing",http://www.circleout.ae
CloudGate LLC,P3 · Secondary,Professional & Financial,Consulting & Business Services,http://www.cloudgate.ae
ConfColl,P3 · Secondary,Professional & Financial,Consulting & Business Services,http://www.confcoll.com
Cush Digital,P3 · Secondary,Technology & Education,"Technology, Media & Marketing",http://www.cush.digital
"Dar AlKhaleej for Press, Printing and Publishing",P3 · Secondary,Technology & Education,"Technology, Media & Marketing",http://www.alkhaleej.ae
Dexol UAE,P3 · Secondary,Professional & Financial,Consulting & Business Services,http://www.dexoluae.com
Dirham Exchange,P3 · Secondary,Professional & Financial,Banking & Financial Services,http://www.dirhamex.com
E2P World,P3 · Secondary,Professional & Financial,Consulting & Business Services,http://www.e2pworld.com
EKK Group,P3 · Secondary,Professional & Financial,Real Estate & Property,http://www.ekkgroup.com
FANN Media Discovery Platform,P3 · Secondary,Technology & Education,"Technology, Media & Marketing",http://www.fannmedia.ae
Gulf Today,P3 · Secondary,Technology & Education,"Technology, Media & Marketing",http://www.gulftoday.ae
HELEN AND SONS BUSINESS SETUP,P3 · Secondary,Professional & Financial,Consulting & Business Services,http://www.helensons.ae
Halwan Advertising Product and Design,P3 · Secondary,Technology & Education,"Technology, Media & Marketing",http://www.halwanadv.ae
Inovsion,P3 · Secondary,Professional & Financial,Consulting & Business Services,http://www.inovsion.com
Lammah Space,P3 · Secondary,Professional & Financial,Real Estate & Property,http://www.lammah.space
MEDIA SQUARE,P3 · Secondary,Technology & Education,"Technology, Media & Marketing",http://www.mediasqr.com
MHM TECH SERVICES,P3 · Secondary,Technology & Education,"Technology, Media & Marketing",http://www.moktarae.com
MailPote,P3 · Secondary,Technology & Education,"Technology, Media & Marketing",http://www.mailpote.com
Marakeb Technologies,P3 · Secondary,Technology & Education,"Technology, Media & Marketing",http://www.marakeb.tech
Monak e-Services,P3 · Secondary,Professional & Financial,Banking & Financial Services,http://www.monakapp.com
NAMA Women Advancement,P3 · Secondary,Professional & Financial,Consulting & Business Services,http://www.namawomen.ae
NobelTel Llc,P3 · Secondary,Technology & Education,"Technology, Media & Marketing",http://www.nobeltel.com
Omega Air,P3 · Secondary,Technology & Education,"Technology, Media & Marketing",http://www.omegaair.com
Orbit International Survey Services LLC,P3 · Secondary,Professional & Financial,Consulting & Business Services,http://www.orbitiss.com
Palace Sign Advertising,P3 · Secondary,Technology & Education,"Technology, Media & Marketing",http://www.palacead.com
Power & Technology,P3 · Secondary,Technology & Education,"Technology, Media & Marketing",http://www.powertech.ae
PromoGeneration,P3 · Secondary,Professional & Financial,Consulting & Business Services,http://www.promogen.org
"Right IT Solutions, Sharjah, UAE",P3 · Secondary,Technology & Education,"Technology, Media & Marketing",http://www.righterp.com
SamHUB,P3 · Secondary,Technology & Education,"Technology, Media & Marketing",http://www.samhub.space
Sanitart Systems,P3 · Secondary,Technology & Education,"Technology, Media & Marketing",http://www.sanitart.com
Sharjah Oman Engineering LLC,P3 · Secondary,Professional & Financial,Consulting & Business Services,http://www.soecgroup.ae
Sharjah Television,P3 · Secondary,Technology & Education,"Technology, Media & Marketing",http://www.sharjahtv.ae
Snowheap,P3 · Secondary,Technology & Education,"Technology, Media & Marketing",http://www.snowheap.com
Sphera World,P3 · Secondary,Technology & Education,"Technology, Media & Marketing",http://www.sphera.world
TAQNiiAT,P3 · Secondary,Professional & Financial,Consulting & Business Services,http://www.taqniiat.com
THE GULF FOCUS,P3 · Secondary,Technology & Education,"Technology, Media & Marketing",http://www.gulffocus.ae
Tawjeeh Services Centre LLC,P3 · Secondary,Professional & Financial,Consulting & Business Services,http://www.taw-jeeh.net
TechOnGo Solutions,P3 · Secondary,Professional & Financial,Consulting & Business Services,http://www.techongo.com
Tilal UAE,P3 · Secondary,Professional & Financial,Real Estate & Property,http://www.tilaluae.com
Tilde Technology,P3 · Secondary,Technology & Education,"Technology, Media & Marketing",http://www.tildetech.ae
Todays Bldg Maint Est,P3 · Secondary,Professional & Financial,Consulting & Business Services,http://www.todaysco.com
Total Care Facilities Management,P3 · Secondary,Professional & Financial,Consulting & Business Services,http://www.totalcare.fm
Turbo Rent a Car,P3 · Secondary,Professional & Financial,Real Estate & Property,http://www.turbo1998.ae
Turquoic,P3 · Secondary,Professional & Financial,Consulting & Business Services,http://www.turquoic.com
WISTA UAE,P3 · Secondary,Professional & Financial,Consulting & Business Services,http://www.wistauae.com
YANATRIP,P3 · Secondary,Technology & Education,"Technology, Media & Marketing",http://www.yanatrip.com
Zwipe Marketplace,P3 · Secondary,Technology & Education,"Technology, Media & Marketing",http://www.zwipeapp.com
Zymedics Health,P3 · Secondary,Technology & Education,"Technology, Media & Marketing",http://www.zymedics.com
iBooking.com,P3 · Secondary,Professional & Financial,Consulting & Business Services,http://www.ibooking.com
iSky Tech,P3 · Secondary,Technology & Education,"Technology, Media & Marketing",http://www.iskytech.net
myAlfred,P3 · Secondary,Technology & Education,"Technology, Media & Marketing",http://www.myalfred.com
métier - Strategic HR Solutions,P3 · Secondary,Professional & Financial,Consulting & Business Services,http://www.metierme.net
wavemedia.ae,P3 · Secondary,Technology & Education,"Technology, Media & Marketing",http://www.wavemedia.ae
مساكن - Masaakin,P3 · Secondary,Professional & Financial,Real Estate & Property,http://www.masaakin.com
AAES Group,P3 · Secondary,Professional & Financial,Consulting & Business Services,http://www.aaesgrp.com
AIB Group,P3 · Secondary,Professional & Financial,Banking & Financial Services,http://www.aibgroup.me
AMC Systems,P3 · Secondary,Technology & Education,"Technology, Media & Marketing",http://www.amc-uae.com
ARTOB AI,P3 · Secondary,Technology & Education,"Technology, Media & Marketing",http://www.artobai.com
Acres Exhibition,P3 · Secondary,Technology & Education,"Technology, Media & Marketing",http://www.acresme.com
Affnook,P3 · Secondary,Technology & Education,"Technology, Media & Marketing",http://www.affnook.com
Al Hoor Real Estate,P3 · Secondary,Professional & Financial,Real Estate & Property,http://www.alhoorre.ae
Al Mamsha UAE,P3 · Secondary,Professional & Financial,Real Estate & Property,http://www.almamsha.ae
Al Sana Technical Solutions LLC,P3 · Secondary,Professional & Financial,Consulting & Business Services,http://www.astsuae.com
Al Wasit Debt Collection LLC,P3 · Secondary,Professional & Financial,Consulting & Business Services,http://www.taswiat.com
AlMaqam,P3 · Secondary,Professional & Financial,Consulting & Business Services,http://www.almaqam.com
Ali Mousa Holding,P3 · Secondary,Professional & Financial,Banking & Financial Services,http://www.alimousa.ae
Alkhana Net,P3 · Secondary,Technology & Education,"Technology, Media & Marketing",http://www.alkhana.net
Alphapay,P3 · Secondary,Professional & Financial,Banking & Financial Services,http://www.alphapay.ae
Arcadius Technologies,P3 · Secondary,Technology & Education,"Technology, Media & Marketing",http://www.arcadius.ae
Art Revo.,P3 · Secondary,Technology & Education,"Technology, Media & Marketing",http://www.artrevo.net
B-Change,P3 · Secondary,Technology & Education,"Technology, Media & Marketing",http://www.b-change.me
Best Choice Exhibitions & Events,P3 · Secondary,Technology & Education,"Technology, Media & Marketing",http://www.bcevents.me
Blue Mark Management,P3 · Secondary,Technology & Education,"Technology, Media & Marketing",http://www.bluemark.ai
Central Ventilation Systems (CVS),P3 · Secondary,Technology & Education,"Technology, Media & Marketing",http://www.cvshvac.com
Cyscode,P3 · Secondary,Technology & Education,"Technology, Media & Marketing",http://www.cyscode.com
Deal Done,P3 · Secondary,Technology & Education,"Technology, Media & Marketing",http://www.dealdone.ae
EHRC Recruitment Services L.L.C,P3 · Secondary,Professional & Financial,Consulting & Business Services,http://www.ehrcuae.com
ENERZIX,P3 · Secondary,Professional & Financial,Consulting & Business Services,http://www.enerzix.com
Eighty20 Middle East,P3 · Secondary,Professional & Financial,Consulting & Business Services,http://www.eighty20.me
Ekaa Technology Solutions and Services,P3 · Secondary,Technology & Education,"Technology, Media & Marketing",http://www.ekaatec.com
Equimap,P3 · Secondary,Technology & Education,"Technology, Media & Marketing",http://www.equimap.app
FinFrdm,P3 · Secondary,Professional & Financial,Banking & Financial Services,http://www.finfrdm.com
Fotleia Middle East,P3 · Secondary,Professional & Financial,Consulting & Business Services,http://www.fotleia.com
IMERALD,P3 · Secondary,Technology & Education,"Technology, Media & Marketing",http://www.imerald.com
Insolog Technologies,P3 · Secondary,Technology & Education,"Technology, Media & Marketing",http://www.insolog.com
JASRAUTO - UAE PAJERO SPECIALIST,P3 · Secondary,Professional & Financial,Consulting & Business Services,http://www.jasrauto.ae
Kabo Digital Agency,P3 · Secondary,Technology & Education,"Technology, Media & Marketing",http://www.kabo.agency
"MHBC Business Setup, Accounting, Tax & Compliance",P3 · Secondary,Professional & Financial,Consulting & Business Services,http://www.mhbcuae.com
Magicbid.ai,P3 · Secondary,Technology & Education,"Technology, Media & Marketing",http://www.magicbid.ai
Miyadi,P3 · Secondary,Technology & Education,"Technology, Media & Marketing",http://www.teyafri.com
Musafir.com,P3 · Secondary,Professional & Financial,Consulting & Business Services,http://www.musafir.com
NOOR DIN DITTA GROUP OF COMPANIES,P3 · Secondary,Professional & Financial,Consulting & Business Services,http://www.nsnauto.com
Neologix Software Solutions,P3 · Secondary,Technology & Education,"Technology, Media & Marketing",http://www.neologix.ae
NetSat Tech LLC,P3 · Secondary,Technology & Education,"Technology, Media & Marketing",http://www.netsat.tech
Noor Al Qamar Advertising & Publishing,P3 · Secondary,Technology & Education,"Technology, Media & Marketing",http://www.naq-ads.com
OrvoxAI,P3 · Secondary,Professional & Financial,Consulting & Business Services,http://www.orvoxai.com
Pinetree Group,P3 · Secondary,Professional & Financial,Consulting & Business Services,http://www.pinetree.ae
PlanB Media Group Pakistan & Middle East,P3 · Secondary,Technology & Education,"Technology, Media & Marketing",http://www.planbpk.com
Profyse Consultancy Pvt Ltd,P3 · Secondary,Professional & Financial,Consulting & Business Services,http://www.profyse.com
QHC- AJI Engineering Consultants,P3 · Secondary,Professional & Financial,Consulting & Business Services,http://www.qhc-aji.com
RECOHUB,P3 · Secondary,Professional & Financial,Consulting & Business Services,http://www.recohub.com
Raffman,P3 · Secondary,Professional & Financial,Consulting & Business Services,http://www.raffman.com
Rakayez Properties,P3 · Secondary,Professional & Financial,Real Estate & Property,http://www.rakayez.com
SATHUBs LLC,P3 · Secondary,Technology & Education,"Technology, Media & Marketing",http://www.sathubs.com
SSquared Investment LLC - (Crisol | 7Routes | Pavo),P3 · Secondary,Professional & Financial,Banking & Financial Services,http://www.ssquared.ae
Samara Website Developers LLC,P3 · Secondary,Professional & Financial,Real Estate & Property,http://www.samarawd.ae
Smart Galaxy Solutions,P3 · Secondary,Professional & Financial,Consulting & Business Services,http://www.sgs-uae.com
Soorago,P3 · Secondary,Professional & Financial,Real Estate & Property,http://www.soorago.com
Tadbeer Center Sharjah,P3 · Secondary,Professional & Financial,Consulting & Business Services,http://www.tad-beer.ae
Tahseel - Hadaf AL Khaleej Debt Collection,P3 · Secondary,Professional & Financial,Consulting & Business Services,http://www.tahseel.com
Tastee Foods,P3 · Secondary,Technology & Education,"Technology, Media & Marketing",http://www.tasteee.com
Toosuns Creative Production LLC,P3 · Secondary,Technology & Education,"Technology, Media & Marketing",http://www.toosuns.com
Total Digital Solutions Group,P3 · Secondary,Technology & Education,"Technology, Media & Marketing",http://www.tdsgroup.ae
Triknow Innovations LLC,P3 · Secondary,Professional & Financial,Consulting & Business Services,http://www.triknow.com
Trinavo,P3 · Secondary,Professional & Financial,Consulting & Business Services,http://www.trinavo.com
True Home,P3 · Secondary,Professional & Financial,Real Estate & Property,http://www.truehome.ae
UBIQUE BUSINESS MANAGEMENT,P3 · Secondary,Technology & Education,"Technology, Media & Marketing",http://www.ubm-b2b.com
Unix Security & Safety System LLC,P3 · Secondary,Technology & Education,"Technology, Media & Marketing",http://www.unixuae.com
VeerPay - Payment Gateway Solutions,P3 · Secondary,Professional & Financial,Banking & Financial Services,http://www.veerpay.com
Zoya Care,P3 · Secondary,Professional & Financial,Consulting & Business Services,http://www.zoyacare.ae
شعاع للعقارات & Shuaa Real Estate,P3 · Secondary,Professional & Financial,Real Estate & Property,http://www.shuaars.com
ALSOUM REAL ESTATE,P3 · Secondary,Professional & Financial,Real Estate & Property,http://www.alsoum.com
ASP Project Management,P3 · Secondary,Professional & Financial,Consulting & Business Services,http://www.asp-pm.com
AST Digital Print Center UAE,P3 · Secondary,Technology & Education,"Technology, Media & Marketing",http://www.astuae.com
AVAIBE,P3 · Secondary,Professional & Financial,Consulting & Business Services,http://www.avaibe.com
Ajyaal,P3 · Secondary,Technology & Education,"Technology, Media & Marketing",http://www.ajyaal.com
Al Ajwaa A/C Systems Ind. LLC,P3 · Secondary,Technology & Education,"Technology, Media & Marketing",http://www.alajwaa.ae
Al Shihab Al Thahabi Tech. Tr. Co. LLC,P3 · Secondary,Technology & Education,"Technology, Media & Marketing",http://www.thahabi.ae
Altaria Advertising LLC,P3 · Secondary,Technology & Education,"Technology, Media & Marketing",http://www.altaria.me
Ambitio,P3 · Secondary,Technology & Education,"Technology, Media & Marketing",http://www.ambitio.ae
Arabian Travel Agency,P3 · Secondary,Technology & Education,"Technology, Media & Marketing",http://www.atauae.com
Asas Al Amara Engineering Consultants,P3 · Secondary,Professional & Financial,Consulting & Business Services,http://www.nfcdxb.com
Asquey LLC,P3 · Secondary,Professional & Financial,Consulting & Business Services,http://www.asquey.com
Azatto,P3 · Secondary,Professional & Financial,Consulting & Business Services,http://www.azatto.com
BCP HOLDING GROUP,P3 · Secondary,Professional & Financial,Banking & Financial Services,http://www.acaihub.ae
BigLeap,P3 · Secondary,Technology & Education,"Technology, Media & Marketing",http://www.bigleap.ae
BildrX,P3 · Secondary,Professional & Financial,Consulting & Business Services,http://www.bildrx.com
CVEEEZ,P3 · Secondary,Professional & Financial,Consulting & Business Services,http://www.cveeez.com
Cassol - Creative Assessment Solutions,P3 · Secondary,Technology & Education,"Technology, Media & Marketing",http://www.cassol.org
CiCO IT Solution,P3 · Secondary,Technology & Education,"Technology, Media & Marketing",http://www.cicoit.com
ClaimaX,P3 · Secondary,Technology & Education,"Technology, Media & Marketing",http://www.claimax.ae
D-INDEX,P3 · Secondary,Professional & Financial,Consulting & Business Services,http://www.dindex.net
DEBTCOP LLC,P3 · Secondary,Professional & Financial,Banking & Financial Services,http://www.debtcop.ae
DMM NOW,P3 · Secondary,Technology & Education,"Technology, Media & Marketing",http://www.dmmnow.com
DeXpose,P3 · Secondary,Technology & Education,"Technology, Media & Marketing",http://www.dexpose.io
EMRIOM UAE,P3 · Secondary,Professional & Financial,Consulting & Business Services,http://www.emriom.com
Ecanvas,P3 · Secondary,Professional & Financial,Consulting & Business Services,http://www.ecanvas.ae
Emorya Finance,P3 · Secondary,Professional & Financial,Banking & Financial Services,http://www.emorya.com
Environmental Systems International LLC (ESI),P3 · Secondary,Technology & Education,"Technology, Media & Marketing",http://www.esisys.com
Equevu,P3 · Secondary,Professional & Financial,Consulting & Business Services,http://www.equevu.com
Filipino International League of Safety Advocates,P3 · Secondary,Professional & Financial,Consulting & Business Services,http://www.filsai.com
First Choice Group,P3 · Secondary,Professional & Financial,Real Estate & Property,http://www.fcgind.com
Flora Green Fields Co LLC,P3 · Secondary,Professional & Financial,Consulting & Business Services,http://www.fgfllc.com
GCCSAT,P3 · Secondary,Technology & Education,"Technology, Media & Marketing",http://www.gccsat.com
GISTEC,P3 · Secondary,Technology & Education,"Technology, Media & Marketing",http://www.gistec.com
Global Edge Advertisements,P3 · Secondary,Technology & Education,"Technology, Media & Marketing",http://www.geadvt.com
Golden Tower Technologies,P3 · Secondary,Technology & Education,"Technology, Media & Marketing",http://www.gttacr.com
Granada Real Estate,P3 · Secondary,Professional & Financial,Real Estate & Property,http://www.granada.ae
Gulf Engineering System Solutions,P3 · Secondary,Technology & Education,"Technology, Media & Marketing",http://www.gessuae.ae
Hala Law,P3 · Secondary,Professional & Financial,Consulting & Business Services,http://www.halalaw.ae
Hootko,P3 · Secondary,Technology & Education,"Technology, Media & Marketing",http://www.hootko.com
Hot Oven Foodstuff Catering LLC,P3 · Secondary,Professional & Financial,Consulting & Business Services,http://www.hotoven.ae
JAMAL AL MARRI MOBILES PHONES TR LLC,P3 · Secondary,Technology & Education,"Technology, Media & Marketing",http://www.jmgroup.ae
Kaizen CRE Solutions,P3 · Secondary,Professional & Financial,Real Estate & Property,http://www.kaizen.run
Kawadir Facilities Services,P3 · Secondary,Professional & Financial,Real Estate & Property,http://www.kfsuae.com
Kingston Management Consultants F.Z.C. L.L.C.,P3 · Secondary,Professional & Financial,Consulting & Business Services,http://www.kmc-me.com
Kreatz Digital,P3 · Secondary,Technology & Education,"Technology, Media & Marketing",http://www.kreatz.com
LemonHQ,P3 · Secondary,Professional & Financial,Consulting & Business Services,http://www.lemonhq.io
Maanaq Creatives,P3 · Secondary,Professional & Financial,Consulting & Business Services,http://www.maanaq.com
Manafa LLC,P3 · Secondary,Professional & Financial,Banking & Financial Services,http://www.manafa.com
Mustaqbal Debt Collection,P3 · Secondary,Professional & Financial,Consulting & Business Services,http://www.mdca.co.ae
NABDAA,P3 · Secondary,Technology & Education,"Technology, Media & Marketing",http://www.nabdaa.net
Oakland,P3 · Secondary,Professional & Financial,Consulting & Business Services,http://www.odooerp.ae
One Call,P3 · Secondary,Professional & Financial,Banking & Financial Services,http://www.onecall.ae
Open Sky E-Commerce,P3 · Secondary,Professional & Financial,Consulting & Business Services,http://www.opensky.ae
RRC Agency,P3 · Secondary,Technology & Education,"Technology, Media & Marketing",http://www.rrc.agency
Ray Advertising & Publicity,P3 · Secondary,Technology & Education,"Technology, Media & Marketing",http://www.rayadv.com
RedEcom,P3 · Secondary,Technology & Education,"Technology, Media & Marketing",http://www.redecom.ae
Reyadah,P3 · Secondary,Professional & Financial,Consulting & Business Services,http://www.reyadah.ae
SR International,P3 · Secondary,Professional & Financial,Consulting & Business Services,http://www.sriuae.com
STIDAX,P3 · Secondary,Professional & Financial,Consulting & Business Services,http://www.stidax.com
Sadeen Computer Systems Design,P3 · Secondary,Technology & Education,"Technology, Media & Marketing",http://www.sadeen.net
Sahab Smart Solutions,P3 · Secondary,Technology & Education,"Technology, Media & Marketing",http://www.sahabss.ae
Sharjah Finance Department - دائرة المالية في الشارقة,P3 · Secondary,Professional & Financial,Banking & Financial Services,http://www.sfd.gov.ae
Sharjah Insurance Company P.S.C,P3 · Secondary,Professional & Financial,Banking & Financial Services,http://www.shjins.com
Systech Digital,P3 · Secondary,Technology & Education,"Technology, Media & Marketing",http://www.systech.ae
TAHKEEM,P3 · Secondary,Professional & Financial,Consulting & Business Services,http://www.tahkeem.ae
TMT GLOBAL TECHNOLOGY,P3 · Secondary,Technology & Education,"Technology, Media & Marketing",http://www.tmtuae.com
Talent at Work - TaW,P3 · Secondary,Professional & Financial,Consulting & Business Services,http://www.taw.global
Texas Management Group,P3 · Secondary,Professional & Financial,Real Estate & Property,http://www.texasbs.ae
UAE Barq Group,P3 · Secondary,Technology & Education,"Technology, Media & Marketing",http://www.uaebarq.ae
UCOL,P3 · Secondary,Professional & Financial,Consulting & Business Services,http://www.ucol.co.uk
V-Veer LLC,P3 · Secondary,Professional & Financial,Consulting & Business Services,http://www.v-veer.com
Veloxis Media and Events,P3 · Secondary,Technology & Education,"Technology, Media & Marketing",http://www.veloxis.ae
Weynon App,P3 · Secondary,Technology & Education,"Technology, Media & Marketing",http://www.weynon.com
Wfrlee | وفرلي,P3 · Secondary,Technology & Education,"Technology, Media & Marketing",http://www.wfrlee.com
Wipgen,P3 · Secondary,Professional & Financial,Consulting & Business Services,http://www.wipgen.com
Wiswas | وسواس,P3 · Secondary,Technology & Education,"Technology, Media & Marketing",http://www.wiswas.com
ershaad.ae,P3 · Secondary,Professional & Financial,Consulting & Business Services,http://www.ershaad.ae
falik.app,P3 · Secondary,Technology & Education,"Technology, Media & Marketing",http://www.talaby.com
AL Mustwa AL Raqi,P3 · Secondary,Technology & Education,"Technology, Media & Marketing",http://www.amarcp.ae
Abtach,P3 · Secondary,Professional & Financial,Consulting & Business Services,http://www.abtach.ae
Al Saud Holding LLC,P3 · Secondary,Professional & Financial,Banking & Financial Services,http://www.alsaud.ae
Alfnr,P3 · Secondary,Technology & Education,"Technology, Media & Marketing",http://www.alfnr.com
CXODX.COM (From Leap Media Solutions),P3 · Secondary,Technology & Education,"Technology, Media & Marketing",http://www.cxodx.com
DSTME : Al Tarmez Digit System Technology LLC,P3 · Secondary,Technology & Education,"Technology, Media & Marketing",http://www.dstme.com
Dashco Middle East,P3 · Secondary,Professional & Financial,Consulting & Business Services,http://www.dashco.ae
DeBROS Exhibitions and Events LLC,P3 · Secondary,Technology & Education,"Technology, Media & Marketing",http://www.debros.me
Ebsher Exhibitions Organize,P3 · Secondary,Technology & Education,"Technology, Media & Marketing",http://www.ebsher.ae
Etisal Telecom,P3 · Secondary,Technology & Education,"Technology, Media & Marketing",http://www.etisal.ae
H2LET,P3 · Secondary,Professional & Financial,Real Estate & Property,http://www.h2let.com
IMRSIV,P3 · Secondary,Professional & Financial,Consulting & Business Services,http://www.imrsiv.co
Jigsaw Technology Solutions LLC,P3 · Secondary,Technology & Education,"Technology, Media & Marketing",http://www.jigsaw.ai
Lap57 Motorsports,P3 · Secondary,Professional & Financial,Consulting & Business Services,http://www.lap57.com
Manbat,P3 · Secondary,Professional & Financial,Consulting & Business Services,http://www.manbat.ae
Middle East Global Financial and Real Estate Services LLC,P3 · Secondary,Professional & Financial,Banking & Financial Services,http://www.megfs.com
NNC,P3 · Secondary,Professional & Financial,Consulting & Business Services,http://www.nncpr.com
Pineal Technologies LLC,P3 · Secondary,Technology & Education,"Technology, Media & Marketing",http://www.pineal.ae
Rayhan Real Estate,P3 · Secondary,Professional & Financial,Real Estate & Property,http://www.rayhan.ae
Revopt.ai,P3 · Secondary,Technology & Education,"Technology, Media & Marketing",http://www.revopt.ai
SNTTA,P3 · Secondary,Professional & Financial,Consulting & Business Services,http://www.sntta.com
Sapien+AI,P3 · Secondary,Technology & Education,"Technology, Media & Marketing",http://www.sapien.ai
Sharjah Archives (Sharjah Archives دار الوثائق في إمارة الشارقة),P3 · Secondary,Technology & Education,"Technology, Media & Marketing",http://www.sa.gov.ae
Sharjah Entrepreneurship Center (Sheraa),P3 · Secondary,Professional & Financial,Consulting & Business Services,http://www.sheraa.ae
Sharjah Space & Astronomy Hub,P3 · Secondary,Professional & Financial,Consulting & Business Services,http://www.saasst.ae
SwiftX LLC,P3 · Secondary,Professional & Financial,Consulting & Business Services,http://www.swiftx.io
Syndie.io,P3 · Secondary,Technology & Education,"Technology, Media & Marketing",http://www.syndie.io
TAJ HR MANAGEMENT,P3 · Secondary,Professional & Financial,Consulting & Business Services,http://www.tajhr.com
TAMGA,P3 · Secondary,Technology & Education,"Technology, Media & Marketing",http://www.tamga.com
TC Consultancy Middle East,P3 · Secondary,Professional & Financial,Consulting & Business Services,http://www.tccons.ae
The Office Of Sheikh Saqer Bin Mohammed Al Qasimi,P3 · Secondary,Professional & Financial,Consulting & Business Services,http://www.ssaqpo.ae
Wekaya,P3 · Secondary,Professional & Financial,Consulting & Business Services,http://www.wekaya.ae
Wyizz,P3 · Secondary,Technology & Education,"Technology, Media & Marketing",http://www.wyizz.com
AFZAR Consultants LLC,P3 · Secondary,Professional & Financial,Consulting & Business Services,http://www.afzar.ae
ALBATHA REAL ESTATE GROUP LLC,P3 · Secondary,Professional & Financial,Consulting & Business Services,http://www.batha.ae
Ajwan Khorfakkan,P3 · Secondary,Professional & Financial,Real Estate & Property,http://www.ajwan.ae
Al Dah Group,P3 · Secondary,Technology & Education,"Technology, Media & Marketing",http://www.aldah.ae
Doji,P3 · Secondary,Technology & Education,"Technology, Media & Marketing",http://www.doji.com
Freit.io,P3 · Secondary,Technology & Education,"Technology, Media & Marketing",http://www.freit.io
GABIT Technologies,P3 · Secondary,Technology & Education,"Technology, Media & Marketing",http://www.gabit.me
IMNBI,P3 · Secondary,Professional & Financial,Consulting & Business Services,http://www.imnbi.ae
Linox Creative Advertising,P3 · Secondary,Technology & Education,"Technology, Media & Marketing",http://www.linox.ae
Nanoz,P3 · Secondary,Professional & Financial,Consulting & Business Services,http://www.nanoz.ae
OneTouch Solutions LLC,P3 · Secondary,Professional & Financial,Consulting & Business Services,http://www.onets.ae
SANED Facility Management,P3 · Secondary,Professional & Financial,Consulting & Business Services,http://www.saned.ae
SAWA Marketing Agency,P3 · Secondary,Technology & Education,"Technology, Media & Marketing",http://www.sawa.com
Shape Architecture Practice And Research,P3 · Secondary,Professional & Financial,Consulting & Business Services,http://www.shape.ae
Sharjah Children,P3 · Secondary,Professional & Financial,Consulting & Business Services,http://www.shjch.ae
"Sharjah Research, Technology and Innovation Park (SPARK)",P3 · Secondary,Technology & Education,"Technology, Media & Marketing",http://www.srtip.ae
Suvik Group,P3 · Secondary,Professional & Financial,Consulting & Business Services,http://www.suvik.ae
WOW Real Estate | واو العقارية,P3 · Secondary,Professional & Financial,Real Estate & Property,http://www.wowre.ae
Webix Web Services,P3 · Secondary,Technology & Education,"Technology, Media & Marketing",http://www.webix.pk
hayyakum | حياكم,P3 · Secondary,Technology & Education,"Technology, Media & Marketing",http://www.hykm.app
1781 Management,P3 · Secondary,Professional & Financial,Consulting & Business Services,http://www.1781.me
AL KHALEEJ Facilities Management Services - subsidiary of Al Khaleej Investment PJSC,P3 · Secondary,Professional & Financial,Consulting & Business Services,http://www.akfm.ae
AST Smart Sustainable Technology,P3 · Secondary,Technology & Education,"Technology, Media & Marketing",http://www.astx.ae
Al Jawaher Reception & Convention Centre,P3 · Secondary,Professional & Financial,Consulting & Business Services,http://www.jrcc.ae
Eamar Al Emarate - Engineering Consultant (EEEC),P3 · Secondary,Professional & Financial,Consulting & Business Services,http://www.eeec.ae
FARE,P3 · Secondary,Professional & Financial,Real Estate & Property,http://www.fare.ae
GAPS Consultants,P3 · Secondary,Professional & Financial,Consulting & Business Services,http://www.gaps.ae
Kany Publishing House,P3 · Secondary,Technology & Education,"Technology, Media & Marketing",http://www.kany.ae
Mazameer Design & Engineering Services,P3 · Secondary,Professional & Financial,Consulting & Business Services,http://www.mdes.ae
Pro Production LLC,P3 · Secondary,Technology & Education,"Technology, Media & Marketing",http://www.ppro.ae
RDMR,P3 · Secondary,Professional & Financial,Consulting & Business Services,http://www.rdmr.in
Sharjah Economic,P3 · Secondary,Professional & Financial,Consulting & Business Services,http://www.sedd.ae
Sharjah Investors Services Center (SAEED),P3 · Secondary,Professional & Financial,Consulting & Business Services,http://www.sisc.ae
Sharjah Islamic Financial Service ( SIFS ),P3 · Secondary,Professional & Financial,Banking & Financial Services,http://www.sifs.ae
Sharjah city for humanitarian services,P3 · Secondary,Professional & Financial,Consulting & Business Services,http://www.schs.ae
Smart Vision Eng. Consultants. LLC,P3 · Secondary,Professional & Financial,Consulting & Business Services,http://www.svec.ae
Department of Statistics & Community Development Sharjah | دائرة الإحصاء وتنمية المجتمع الشارقة,P3 · Secondary,Professional & Financial,Real Estate & Property,http://www.ssc.ae
Ericson & Richards (M. E.) - Ship & Marine Surveyors,P3 · Secondary,Professional & Financial,Consulting & Business Services,http://www.enr.ae
ISA,P3 · Secondary,Technology & Education,"Technology, Media & Marketing",http://www.isa.ae
KDM | Digital Marketing Agency Dubai,P3 · Secondary,Technology & Education,"Technology, Media & Marketing",http://www.kdm.ae
Maria Medical Technology®,P3 · Secondary,Technology & Education,"Technology, Media & Marketing",http://www.mmt.ae
RM1 - R M Debt Collection LLC,P3 · Secondary,Professional & Financial,Consulting & Business Services,http://www.rm1.ae
S M G Pest Control and Cleaning Services in UAE,P3 · Secondary,Professional & Financial,Consulting & Business Services,http://www.smg.ae
Sharjah Asset Management,P3 · Secondary,Professional & Financial,Banking & Financial Services,http://www.sam.ae
United Arab Bank,P3 · Secondary,Professional & Financial,Banking & Financial Services,http://www.uab.ae
ALGHANEM Investments & Development,P3 · Secondary,Professional & Financial,Banking & Financial Services,http://www.ag.ae
#1 Business Bid Audit & Accounting,P3 · Secondary,Professional & Financial,Consulting & Business Services,
10 Leaves Limited,P3 · Secondary,Professional & Financial,Consulting & Business Services,
3S Money,P3 · Secondary,Professional & Financial,Banking & Financial Services,
ABIB - Al Bustan Insurance Brokers,P3 · Secondary,Professional & Financial,Banking & Financial Services,
ABM Innovations,P3 · Secondary,Technology & Education,"Technology, Media & Marketing",
ABSAM REAL ESTATE,P3 · Secondary,Professional & Financial,Consulting & Business Services,
ABZER,P3 · Secondary,Professional & Financial,Consulting & Business Services,
ACCELaero,P3 · Secondary,Technology & Education,"Technology, Media & Marketing",
ADS Investment Solutions Limited,P3 · Secondary,Professional & Financial,Consulting & Business Services,
AFAQ Investment & Development,P3 · Secondary,Professional & Financial,Banking & Financial Services,
AL BATEEN REAL ESTATE,P3 · Secondary,Professional & Financial,Consulting & Business Services,
AL BATHA GROUP INVESTMENTS LLC,P3 · Secondary,Professional & Financial,Banking & Financial Services,
AL BORJ AL SHAMIKH REAL ESTATE,P3 · Secondary,Professional & Financial,Consulting & Business Services,
AL DOROOB REAL ESTATE,P3 · Secondary,Professional & Financial,Consulting & Business Services,
AL FAHIM HOLDINGS (L.L.C),P3 · Secondary,Professional & Financial,Consulting & Business Services,
AL HEDOUD REAL ESTATE,P3 · Secondary,Professional & Financial,Consulting & Business Services,
AL MADAR REAL ESTATE,P3 · Secondary,Professional & Financial,Consulting & Business Services,
AL MARABIEE REAL ESTATE,P3 · Secondary,Professional & Financial,Consulting & Business Services,
AL MUTAHIDA REAL ESTATE LLC,P3 · Secondary,Professional & Financial,Consulting & Business Services,
AL NABAAH PVT REAL ESTATE,P3 · Secondary,Professional & Financial,Consulting & Business Services,
AL QASR REAL ESTATE,P3 · Secondary,Professional & Financial,Consulting & Business Services,
AL REEF REAL ESTATE,P3 · Secondary,Professional & Financial,Consulting & Business Services,
AL REEM REAL ESTATE DEVELOPMENT LLC,P3 · Secondary,Professional & Financial,Consulting & Business Services,
AL RUAYAH TYPING CENTER,P3 · Secondary,Professional & Financial,Consulting & Business Services,
AL SAQR ENGINEERING الصقر للهندسة,P3 · Secondary,Professional & Financial,Consulting & Business Services,
AL SAWAH REAL ESTATE,P3 · Secondary,Professional & Financial,Consulting & Business Services,
AL SERH AL THAHBI REAL ESTATE,P3 · Secondary,Professional & Financial,Consulting & Business Services,
AL SHAMKHA REAL ESTATE LLC,P3 · Secondary,Professional & Financial,Consulting & Business Services,
AL SHUMAIS REAL ESTATE EST,P3 · Secondary,Professional & Financial,Consulting & Business Services,
AL TAALOUF TR & REAL ESTATE DEV LLC,P3 · Secondary,Professional & Financial,Consulting & Business Services,
AL TAY REAL ESTATE DEVELOPING LLC,P3 · Secondary,Professional & Financial,Consulting & Business Services,
AL ZAWRA REAL ESTATE,P3 · Secondary,Professional & Financial,Consulting & Business Services,
ALDAWLIYAH INSURANCE SERVICES LLC,P3 · Secondary,Professional & Financial,Banking & Financial Services,
"ALICO, Dubai, UAE",P3 · Secondary,Professional & Financial,Banking & Financial Services,
ALLCAD Innovative Engineering Solutions,P3 · Secondary,Technology & Education,"Technology, Media & Marketing",
ALSOUQ AL SEENI PVT REAL ESTATE,P3 · Secondary,Professional & Financial,Consulting & Business Services,
AQUA Properties,P3 · Secondary,Professional & Financial,Consulting & Business Services,
ARADA KHADAMAT LLC,P3 · Secondary,Professional & Financial,Real Estate & Property,
ASAS Consulting Rescheduling of loans LLC,P3 · Secondary,Professional & Financial,Consulting & Business Services,
ASK Consultancy,P3 · Secondary,Professional & Financial,Consulting & Business Services,
AT Marketing Official,P3 · Secondary,Technology & Education,"Technology, Media & Marketing",
AURA,P3 · Secondary,Professional & Financial,Consulting & Business Services,
AUSMUN,P3 · Secondary,Professional & Financial,Consulting & Business Services,
AVEVA Middle East,P3 · Secondary,Technology & Education,"Technology, Media & Marketing",
Abaad Soil & Bldg. Mat. Testing Lab,P3 · Secondary,Professional & Financial,Consulting & Business Services,
Abbrevia,P3 · Secondary,Professional & Financial,Consulting & Business Services,
Abdo Rafiq & Partners Limited,P3 · Secondary,Professional & Financial,Consulting & Business Services,
Abhi,P3 · Secondary,Professional & Financial,Consulting & Business Services,
Abner Capital CO,P3 · Secondary,Professional & Financial,Banking & Financial Services,
Abraaj Capital Limited,P3 · Secondary,Professional & Financial,Banking & Financial Services,
Accenture Technology UAE,P3 · Secondary,Technology & Education,"Technology, Media & Marketing",
Acclime Corporate Services Limited,P3 · Secondary,Professional & Financial,Consulting & Business Services,
Adobe Middle East,P3 · Secondary,Technology & Education,"Technology, Media & Marketing",
Aida Information Technologies,P3 · Secondary,Technology & Education,"Technology, Media & Marketing",
AirArabia GSA,P3 · Secondary,Professional & Financial,Consulting & Business Services,
Akamai Technologies UAE,P3 · Secondary,Technology & Education,"Technology, Media & Marketing",
Akin Gump Strauss Hauer & Feld LLP,P3 · Secondary,Professional & Financial,Consulting & Business Services,
Akkaoui Jisr Limited,P3 · Secondary,Professional & Financial,Consulting & Business Services,
Al Adel Real Estate,P3 · Secondary,Professional & Financial,Banking & Financial Services,
Al Ansari Exchange - Safeer Hypermarket,P3 · Secondary,Professional & Financial,Banking & Financial Services,
Al Bandary PVT. Real Estate,P3 · Secondary,Professional & Financial,Real Estate & Property,
Al Barid Cont,P3 · Secondary,Professional & Financial,Consulting & Business Services,
Al Farooq Real Estate & Investment,P3 · Secondary,Professional & Financial,Consulting & Business Services,
Al Hadaf Financial Securities,P3 · Secondary,Professional & Financial,Banking & Financial Services,
Al Hanoo Holding Company,P3 · Secondary,Professional & Financial,Banking & Financial Services,
Al Kheyaili Advocates & Legal Consultants,P3 · Secondary,Professional & Financial,Consulting & Business Services,
Al Mansoorah Printing Co. LLC,P3 · Secondary,Technology & Education,"Technology, Media & Marketing",
Al Masah Capital,P3 · Secondary,Professional & Financial,Banking & Financial Services,
Al Masraf Arab Bank for Investment & Foreign Trade,P3 · Secondary,Technology & Education,"Technology, Media & Marketing",
Al Rostamani Communications,P3 · Secondary,Technology & Education,"Technology, Media & Marketing",
Al Safwa Islamic Financial Services,P3 · Secondary,Professional & Financial,Consulting & Business Services,
Al Sagr National Insurance Co,P3 · Secondary,Professional & Financial,Banking & Financial Services,
Al Shahama Financial and Properties Investment Establishment,P3 · Secondary,Professional & Financial,Consulting & Business Services,
Al Sharhan Real Estate,P3 · Secondary,Professional & Financial,Consulting & Business Services,
Al Shuruq Auditing and Accounting,P3 · Secondary,Professional & Financial,Consulting & Business Services,
Al Tamimi & Co Corporate Services Limited,P3 · Secondary,Professional & Financial,Consulting & Business Services,
Al Tamimi & Company Advocates & Legal Consultants LLC,P3 · Secondary,Professional & Financial,Consulting & Business Services,
Al Yasat Property Investment,P3 · Secondary,Professional & Financial,Banking & Financial Services,
AlMailem Group UAE,P3 · Secondary,Professional & Financial,Consulting & Business Services,
AlMarsam - المرسم,P3 · Secondary,Professional & Financial,Consulting & Business Services,
Alaan,P3 · Secondary,Professional & Financial,Consulting & Business Services,
Alaan Pay,P3 · Secondary,Professional & Financial,Consulting & Business Services,
Alem & Associates,P3 · Secondary,Professional & Financial,Consulting & Business Services,
Allsopp & Allsopp,P3 · Secondary,Professional & Financial,Real Estate & Property,
Alpadis Corporate Services ME Ltd,P3 · Secondary,Professional & Financial,Consulting & Business Services,
Alpha Data,P3 · Secondary,Technology & Education,"Technology, Media & Marketing",
Alpha Development Middle East Ltd,P3 · Secondary,Professional & Financial,Consulting & Business Services,
Alsayegh Media,P3 · Secondary,Technology & Education,"Technology, Media & Marketing",
Alsoum Realestate,P3 · Secondary,Professional & Financial,Real Estate & Property,
Amazon Web Services UAE,P3 · Secondary,Technology & Education,"Technology, Media & Marketing",
Amicorp Advisory Limited,P3 · Secondary,Professional & Financial,Consulting & Business Services,
Amina Bank,P3 · Secondary,Technology & Education,"Technology, Media & Marketing",
Antelope Real Estate,P3 · Secondary,Professional & Financial,Banking & Financial Services,
Apex Corporate Services (ME) Ltd,P3 · Secondary,Professional & Financial,Consulting & Business Services,
Apex Fund Services,P3 · Secondary,Professional & Financial,Banking & Financial Services,
Aquanow,P3 · Secondary,Professional & Financial,Consulting & Business Services,
Arab Bank Switzerland,P3 · Secondary,Technology & Education,"Technology, Media & Marketing",
Arab Emirates Investment Bank PJSC,P3 · Secondary,Technology & Education,"Technology, Media & Marketing",
Arab investors,P3 · Secondary,Professional & Financial,Banking & Financial Services,
Arabian Investment & Development Est,P3 · Secondary,Professional & Financial,Banking & Financial Services,
ArabianChain Technologies,P3 · Secondary,Professional & Financial,Consulting & Business Services,
Ardent Advisory & Accounting LLC,P3 · Secondary,Professional & Financial,Consulting & Business Services,
Argentum Law Ltd,P3 · Secondary,Professional & Financial,Consulting & Business Services,
Arqaam Capital,P3 · Secondary,Professional & Financial,Banking & Financial Services,
Asas Real Estate,P3 · Secondary,Professional & Financial,Consulting & Business Services,
Asset and Keys Real Estate,P3 · Secondary,Professional & Financial,Banking & Financial Services,
Assiss Ltd,P3 · Secondary,Professional & Financial,Consulting & Business Services,
Asteco Property Management,P3 · Secondary,Professional & Financial,Banking & Financial Services,
Atlas Financial Services,P3 · Secondary,Professional & Financial,Consulting & Business Services,
Atlassian UAE,P3 · Secondary,Technology & Education,"Technology, Media & Marketing",
Atmatah IT Solutions,P3 · Secondary,Technology & Education,"Technology, Media & Marketing",
Audit and More Auditors LLC,P3 · Secondary,Professional & Financial,Consulting & Business Services,
Auditspace,P3 · Secondary,Professional & Financial,Consulting & Business Services,
Aurifer Middle East Tax Consultancy DMCC,P3 · Secondary,Professional & Financial,Consulting & Business Services,
Autodesk Middle East,P3 · Secondary,Technology & Education,"Technology, Media & Marketing",
Automation Anywhere UAE,P3 · Secondary,Technology & Education,"Technology, Media & Marketing",
Avaya UAE,P3 · Secondary,Technology & Education,"Technology, Media & Marketing",
Axios Financial Consultancy,P3 · Secondary,Professional & Financial,Consulting & Business Services,
Azam Real Estate,P3 · Secondary,Professional & Financial,Consulting & Business Services,
BAB AL HUSUN REAL ESTATE,P3 · Secondary,Professional & Financial,Consulting & Business Services,
BANKiQ,P3 · Secondary,Technology & Education,"Technology, Media & Marketing",
BD&S Engineering Consultants,P3 · Secondary,Professional & Financial,Consulting & Business Services,
BE Real Estate,P3 · Secondary,Professional & Financial,Banking & Financial Services,
BEST HOME REAL ESTATE,P3 · Secondary,Professional & Financial,Consulting & Business Services,
BEYOND Developments,P3 · Secondary,Professional & Financial,Real Estate & Property,
BITS Motorsports,P3 · Secondary,Professional & Financial,Consulting & Business Services,
BMC Software Middle East,P3 · Secondary,Technology & Education,"Technology, Media & Marketing",
BNW Developments,P3 · Secondary,Professional & Financial,Real Estate & Property,
BURGAN COMMERCIAL CENTRE LLC,P3 · Secondary,Professional & Financial,Real Estate & Property,
BURJ AL SAADAH REAL ESTATE INV AND DEV LLC,P3 · Secondary,Professional & Financial,Consulting & Business Services,
Babuntu Asset Management Consultancy,P3 · Secondary,Professional & Financial,Consulting & Business Services,
Backbase Middle East,P3 · Secondary,Technology & Education,"Technology, Media & Marketing",
Backpack,P3 · Secondary,Professional & Financial,Consulting & Business Services,
Baniyas Investment Developer,P3 · Secondary,Professional & Financial,Banking & Financial Services,
BankBuddy,P3 · Secondary,Technology & Education,"Technology, Media & Marketing",
BankOnUs,P3 · Secondary,Technology & Education,"Technology, Media & Marketing",
Banker,P3 · Secondary,Professional & Financial,Banking & Financial Services,
Banks Legal Limited,P3 · Secondary,Professional & Financial,Consulting & Business Services,
BearBull Global Investments Group,P3 · Secondary,Professional & Financial,Consulting & Business Services,
Beehive,P3 · Secondary,Professional & Financial,Consulting & Business Services,
Ben Consultants LLC,P3 · Secondary,Professional & Financial,Consulting & Business Services,
Bentley Reid,P3 · Secondary,Professional & Financial,Banking & Financial Services,
Bentley Systems Middle East,P3 · Secondary,Technology & Education,"Technology, Media & Marketing",
Berkshire Hathaway Specialty Insurance,P3 · Secondary,Professional & Financial,Banking & Financial Services,
Best Apps Business Solutions,P3 · Secondary,Technology & Education,"Technology, Media & Marketing",
Better Livings Real Estate,P3 · Secondary,Professional & Financial,Consulting & Business Services,
Betterhomes,P3 · Secondary,Professional & Financial,Real Estate & Property,
Big Bad Wolf Sharjah,P3 · Secondary,Professional & Financial,Consulting & Business Services,
Bin Otaiba Investment Group,P3 · Secondary,Professional & Financial,Banking & Financial Services,
Binayah Real Estate,P3 · Secondary,Professional & Financial,Consulting & Business Services,
BitOasis,P3 · Secondary,Professional & Financial,Consulting & Business Services,
Bitpanda MENA,P3 · Secondary,Professional & Financial,Consulting & Business Services,
Blue One Properties,P3 · Secondary,Professional & Financial,Consulting & Business Services,
Blue Ray Properties,P3 · Secondary,Professional & Financial,Banking & Financial Services,
Bradfield Consulting Limited,P3 · Secondary,Professional & Financial,Consulting & Business Services,
Brightway Real Estate,P3 · Secondary,Professional & Financial,Banking & Financial Services,
Bulbul Luxe Living Real Estate,P3 · Secondary,Professional & Financial,Banking & Financial Services,
Bull & Bear Properties,P3 · Secondary,Professional & Financial,Banking & Financial Services,
Burooj Properties,P3 · Secondary,Professional & Financial,Consulting & Business Services,
Buy Sell Let Real Estate,P3 · Secondary,Professional & Financial,Banking & Financial Services,
Buzz Bee Studio,P3 · Secondary,Technology & Education,"Technology, Media & Marketing",
CBB by Driven - Forbes Global Properties,P3 · Secondary,Professional & Financial,Consulting & Business Services,
CBRE UAE,P3 · Secondary,Professional & Financial,Real Estate & Property,
CDA Audit,P3 · Secondary,Professional & Financial,Consulting & Business Services,
CES Investments,P3 · Secondary,Professional & Financial,Banking & Financial Services,
CITY LANDS REAL ESTATE,P3 · Secondary,Professional & Financial,Consulting & Business Services,
CITY LIVING REAL STATE LLC,P3 · Secondary,Professional & Financial,Real Estate & Property,
CLA Emirates / United Auditing,P3 · Secondary,Professional & Financial,Consulting & Business Services,
CNS Middle East,P3 · Secondary,Technology & Education,"Technology, Media & Marketing",
CRM Finance,P3 · Secondary,Professional & Financial,Banking & Financial Services,
CROWN REAL ESTATE INVESTMENT,P3 · Secondary,Professional & Financial,Consulting & Business Services,
CSP Group Ltd,P3 · Secondary,Professional & Financial,Consulting & Business Services,
CSQ Project Development Consultants,P3 · Secondary,Professional & Financial,Consulting & Business Services,
Calyp Coworking Dubai,P3 · Secondary,Professional & Financial,Consulting & Business Services,
Capgemini Middle East,P3 · Secondary,Technology & Education,"Technology, Media & Marketing",
Careem Pay,P3 · Secondary,Professional & Financial,Consulting & Business Services,
Castle Hall Alternatives International Ltd,P3 · Secondary,Professional & Financial,Consulting & Business Services,
Casttio Properties,P3 · Secondary,Professional & Financial,Banking & Financial Services,
Cavendish Maxwell,P3 · Secondary,Professional & Financial,Real Estate & Property,
Cavenwell Corporate Services (GM) Limited,P3 · Secondary,Professional & Financial,Consulting & Business Services,
Check Point Software UAE,P3 · Secondary,Technology & Education,"Technology, Media & Marketing",
Chescor Capital,P3 · Secondary,Professional & Financial,Banking & Financial Services,
Chestertons MENA,P3 · Secondary,Professional & Financial,Real Estate & Property,
Chipin Corporation,P3 · Secondary,Technology & Education,"Technology, Media & Marketing",
Cisco UAE,P3 · Secondary,Technology & Education,"Technology, Media & Marketing",
City Properties Real Estate,P3 · Secondary,Professional & Financial,Consulting & Business Services,
Clara Formations Limited,P3 · Secondary,Professional & Financial,Consulting & Business Services,
Clarity Solutions,P3 · Secondary,Professional & Financial,Consulting & Business Services,
Click2Secure,P3 · Secondary,Professional & Financial,Consulting & Business Services,
Cloudera UAE,P3 · Secondary,Technology & Education,"Technology, Media & Marketing",
Cloudflare Middle East,P3 · Secondary,Technology & Education,"Technology, Media & Marketing",
Clyde Services Limited,P3 · Secondary,Professional & Financial,Consulting & Business Services,
Codebase Technologies,P3 · Secondary,Professional & Financial,Consulting & Business Services,
CoinMENA,P3 · Secondary,Professional & Financial,Consulting & Business Services,
Colliers MENA,P3 · Secondary,Professional & Financial,Real Estate & Property,
Comfi,P3 · Secondary,Professional & Financial,Consulting & Business Services,
Commercial Bank International,P3 · Secondary,Professional & Financial,Banking & Financial Services,
Commvault UAE,P3 · Secondary,Technology & Education,"Technology, Media & Marketing",
Compare4Benefit,P3 · Secondary,Professional & Financial,Consulting & Business Services,
Compliance Forte LLP,P3 · Secondary,Professional & Financial,Consulting & Business Services,
Compound,P3 · Secondary,Professional & Financial,Consulting & Business Services,
Confluent UAE,P3 · Secondary,Technology & Education,"Technology, Media & Marketing",
Consilium Partners Ltd,P3 · Secondary,Professional & Financial,Consulting & Business Services,
Consultair,P3 · Secondary,Professional & Financial,Consulting & Business Services,
Continental Real Estate,P3 · Secondary,Professional & Financial,Consulting & Business Services,
Counsel Services Limited,P3 · Secondary,Professional & Financial,Consulting & Business Services,
Creative Line Decor Cont.,P3 · Secondary,Technology & Education,"Technology, Media & Marketing",
Credit & Capital Consultancies,P3 · Secondary,Professional & Financial,Consulting & Business Services,
Credit Agricole Asset Management,P3 · Secondary,Professional & Financial,Banking & Financial Services,
Creditors Management Solutions,P3 · Secondary,Professional & Financial,Banking & Financial Services,
Crew Recruiting,P3 · Secondary,Professional & Financial,Consulting & Business Services,
CrowdStrike Middle East,P3 · Secondary,Technology & Education,"Technology, Media & Marketing",
Crowe MAK LLP,P3 · Secondary,Professional & Financial,Consulting & Business Services,
Crystal Bay Real Estate,P3 · Secondary,Professional & Financial,Banking & Financial Services,
Current Medicinal Chemistry,P3 · Secondary,Technology & Education,"Technology, Media & Marketing",
Cushman & Wakefield Core,P3 · Secondary,Professional & Financial,Real Estate & Property,
D&B Properties,P3 · Secondary,Professional & Financial,Consulting & Business Services,
DAR AL ESTYTHMAR & AL TSWEQ & AL TATHMEN REAL ESTATE LLC,P3 · Secondary,Professional & Financial,Consulting & Business Services,
DXC Technology UAE,P3 · Secondary,Technology & Education,"Technology, Media & Marketing",
Damas Real Estate LLC,P3 · Secondary,Professional & Financial,Consulting & Business Services,
Dar Al Emarat Real Estate Investment,P3 · Secondary,Professional & Financial,Consulting & Business Services,
Darktrace UAE,P3 · Secondary,Technology & Education,"Technology, Media & Marketing",
Daryan Real Estate,P3 · Secondary,Professional & Financial,Banking & Financial Services,
Databricks UAE,P3 · Secondary,Technology & Education,"Technology, Media & Marketing",
Deloitte & Touche (M.E.) LLP,P3 · Secondary,Professional & Financial,Consulting & Business Services,
DocuBay,P3 · Secondary,Professional & Financial,Consulting & Business Services,
Dream World Real Estate LLC,P3 · Secondary,Professional & Financial,Real Estate & Property,
Driven Properties,P3 · Secondary,Professional & Financial,Consulting & Business Services,
Dubai AI Campus,P3 · Secondary,Technology & Education,"Technology, Media & Marketing",
Dubai International Capital LLC,P3 · Secondary,Professional & Financial,Banking & Financial Services,
Dubai International Financial Centre,P3 · Secondary,Professional & Financial,Banking & Financial Services,
Dubiz Business Setup Consultancy,P3 · Secondary,Professional & Financial,Consulting & Business Services,
E-Tech,P3 · Secondary,Technology & Education,"Technology, Media & Marketing",
EBSAR | Effective Advertising,P3 · Secondary,Technology & Education,"Technology, Media & Marketing",
EGreen,P3 · Secondary,Technology & Education,"Technology, Media & Marketing",
EMISSA REAL ESTATE,P3 · Secondary,Professional & Financial,Consulting & Business Services,
EPLAN,P3 · Secondary,Technology & Education,"Technology, Media & Marketing",
ERAAD REAL ESTATE,P3 · Secondary,Professional & Financial,Real Estate & Property,
EVOTEQ,P3 · Secondary,Technology & Education,"Technology, Media & Marketing",
East Capital (Dubai) Ltd,P3 · Secondary,Professional & Financial,Banking & Financial Services,
Eben Telecom Private Limited,P3 · Secondary,Technology & Education,"Technology, Media & Marketing",
Effecta Compliance,P3 · Secondary,Professional & Financial,Consulting & Business Services,
Elastic Middle East,P3 · Secondary,Technology & Education,"Technology, Media & Marketing",
Elkho Group Middle East Ltd,P3 · Secondary,Professional & Financial,Consulting & Business Services,
Elnaggar & Partners Limited,P3 · Secondary,Professional & Financial,Consulting & Business Services,
Emirates Financial Towers (L L C),P3 · Secondary,Professional & Financial,Consulting & Business Services,
Emirates REIT,P3 · Secondary,Professional & Financial,Banking & Financial Services,
Emitac Enterprise Solutions,P3 · Secondary,Technology & Education,"Technology, Media & Marketing",
Engel & Völkers Dubai,P3 · Secondary,Professional & Financial,Real Estate & Property,
Epicor Middle East,P3 · Secondary,Technology & Education,"Technology, Media & Marketing",
Equiom Corporate Services Middle East Ltd,P3 · Secondary,Professional & Financial,Consulting & Business Services,
Equitativa,P3 · Secondary,Professional & Financial,Banking & Financial Services,
Equus Corporate Limited,P3 · Secondary,Professional & Financial,Consulting & Business Services,
Ericsson UAE,P3 · Secondary,Technology & Education,"Technology, Media & Marketing",
Ernst & Young Middle East,P3 · Secondary,Professional & Financial,Consulting & Business Services,
Errupt Media,P3 · Secondary,Technology & Education,"Technology, Media & Marketing",
Eskay Consultancy LLP,P3 · Secondary,Professional & Financial,Consulting & Business Services,
Espace Real Estate,P3 · Secondary,Professional & Financial,Consulting & Business Services,
Esri Middle East,P3 · Secondary,Technology & Education,"Technology, Media & Marketing",
Evogreen,P3 · Secondary,Professional & Financial,Consulting & Business Services,
Exhibition stand Maker in Uae,P3 · Secondary,Technology & Education,"Technology, Media & Marketing",
Expat Wealth Care,P3 · Secondary,Professional & Financial,Banking & Financial Services,
FTI Consulting ME Limited,P3 · Secondary,Professional & Financial,Consulting & Business Services,
FVR Corporate Services,P3 · Secondary,Professional & Financial,Consulting & Business Services,
Feedback Market Research,P3 · Secondary,Technology & Education,"Technology, Media & Marketing",
Fidele Capital,P3 · Secondary,Professional & Financial,Consulting & Business Services,
Finance House,P3 · Secondary,Professional & Financial,Banking & Financial Services,
Finance House Securities,P3 · Secondary,Professional & Financial,Banking & Financial Services,
Finastra Middle East,P3 · Secondary,Technology & Education,"Technology, Media & Marketing",
Fire Control Protection Systems,P3 · Secondary,Technology & Education,"Technology, Media & Marketing",
First Gulf Bank,P3 · Secondary,Technology & Education,"Technology, Media & Marketing",
Fortinet Middle East,P3 · Secondary,Technology & Education,"Technology, Media & Marketing",
Freshworks Middle East,P3 · Secondary,Technology & Education,"Technology, Media & Marketing",
Friends of Cancer Patients,P3 · Secondary,Professional & Financial,Consulting & Business Services,
Frontier Capital,P3 · Secondary,Professional & Financial,Banking & Financial Services,
FundedNext,P3 · Secondary,Professional & Financial,Banking & Financial Services,
GHANIM ALSUWAIDI HOLDINGS L.L.C,P3 · Secondary,Professional & Financial,Banking & Financial Services,
GII Capital Limited,P3 · Secondary,Professional & Financial,Banking & Financial Services,
GRIP Investments,P3 · Secondary,Technology & Education,"Technology, Media & Marketing",
Gateway Investment Management Services,P3 · Secondary,Professional & Financial,Banking & Financial Services,
Genesys Middle East,P3 · Secondary,Technology & Education,"Technology, Media & Marketing",
GitHub Middle East,P3 · Secondary,Technology & Education,"Technology, Media & Marketing",
GitLab Middle East,P3 · Secondary,Technology & Education,"Technology, Media & Marketing",
Global 99 Property Investment,P3 · Secondary,Professional & Financial,Banking & Financial Services,
Global Eye - Financial Planning In UAE,P3 · Secondary,Professional & Financial,Consulting & Business Services,
Global Recruiter Co,P3 · Secondary,Professional & Financial,Consulting & Business Services,
Golden Gateway Real Estate,P3 · Secondary,Professional & Financial,Banking & Financial Services,
Google Cloud UAE,P3 · Secondary,Technology & Education,"Technology, Media & Marketing",
Google Developer Groups Sharjah,P3 · Secondary,Professional & Financial,Real Estate & Property,
Grant Thornton Audit and Accounting Limited,P3 · Secondary,Professional & Financial,Consulting & Business Services,
Gravity Real Estate,P3 · Secondary,Professional & Financial,Consulting & Business Services,
Greens Fintech Innovations Ltd.,P3 · Secondary,Technology & Education,"Technology, Media & Marketing",
Greenstone,P3 · Secondary,Professional & Financial,Banking & Financial Services,
Griffin Corporate Services Ltd,P3 · Secondary,Professional & Financial,Consulting & Business Services,
Gulf Capital,P3 · Secondary,Professional & Financial,Banking & Financial Services,
Gulf International Finance Limited,P3 · Secondary,Professional & Financial,Consulting & Business Services,
Gulf Pipeline Testing and Inspection,P3 · Secondary,Professional & Financial,Consulting & Business Services,
Gulf Sotheby's Realty,P3 · Secondary,Professional & Financial,Consulting & Business Services,
H1 Strategic Relations Management Limited,P3 · Secondary,Professional & Financial,Consulting & Business Services,
HABIB AL YOUSUF REAL ESTATE MANAGEMENT,P3 · Secondary,Professional & Financial,Consulting & Business Services,
HC Group Middle East Ltd,P3 · Secondary,Professional & Financial,Consulting & Business Services,
HIB Reinsurance Brokers Limited,P3 · Secondary,Professional & Financial,Banking & Financial Services,
Hamptons International UAE,P3 · Secondary,Professional & Financial,Real Estate & Property,
Harbor Real Estate,P3 · Secondary,Professional & Financial,Consulting & Business Services,
Henry Dannell,P3 · Secondary,Professional & Financial,Consulting & Business Services,
Herald Land Real Estate Brokers LLC,P3 · Secondary,Professional & Financial,Consulting & Business Services,
Heritage Corporate Services Limited,P3 · Secondary,Professional & Financial,Consulting & Business Services,
Hexagon Middle East,P3 · Secondary,Technology & Education,"Technology, Media & Marketing",
History Limited,P3 · Secondary,Professional & Financial,Consulting & Business Services,
Huawei Enterprise UAE,P3 · Secondary,Technology & Education,"Technology, Media & Marketing",
HubSpot Middle East,P3 · Secondary,Technology & Education,"Technology, Media & Marketing",
IBM Middle East,P3 · Secondary,Technology & Education,"Technology, Media & Marketing",
IEEE AUS Student Branch,P3 · Secondary,Professional & Financial,Consulting & Business Services,
IFS Middle East,P3 · Secondary,Technology & Education,"Technology, Media & Marketing",
ION,P3 · Secondary,Technology & Education,"Technology, Media & Marketing",
Ibdar Bank,P3 · Secondary,Technology & Education,"Technology, Media & Marketing",
Icapital,P3 · Secondary,Professional & Financial,Banking & Financial Services,
Idarah Corporate Limited,P3 · Secondary,Professional & Financial,Consulting & Business Services,
Imperium AD Limited,P3 · Secondary,Professional & Financial,Consulting & Business Services,
Index & Cie,P3 · Secondary,Professional & Financial,Banking & Financial Services,
Index Tower,P3 · Secondary,Professional & Financial,Real Estate & Property,
Indglobal Digital Private Limited,P3 · Secondary,Technology & Education,"Technology, Media & Marketing",
Infor Middle East,P3 · Secondary,Technology & Education,"Technology, Media & Marketing",
Informatica Middle East,P3 · Secondary,Technology & Education,"Technology, Media & Marketing",
Insight Media & Publishing,P3 · Secondary,Technology & Education,"Technology, Media & Marketing",
Inspections Track,P3 · Secondary,Technology & Education,"Technology, Media & Marketing",
Intellistocks Investment Advisory LLC,P3 · Secondary,Professional & Financial,Consulting & Business Services,
Intertec Systems,P3 · Secondary,Technology & Education,"Technology, Media & Marketing",
Intertrust Middle East Ltd,P3 · Secondary,Professional & Financial,Consulting & Business Services,
Invest Real Estate,P3 · Secondary,Professional & Financial,Banking & Financial Services,
J. Awan & Partners Limited,P3 · Secondary,Professional & Financial,Consulting & Business Services,
JLL MENA,P3 · Secondary,Professional & Financial,Real Estate & Property,
JTC Corporate Services Middle East Limited,P3 · Secondary,Professional & Financial,Consulting & Business Services,
Jamal Real Estate Investments Est,P3 · Secondary,Professional & Financial,Consulting & Business Services,
Jassim Al Suwaidi Advocates and Partners Ltd,P3 · Secondary,Professional & Financial,Consulting & Business Services,
Jetset Business Center,P3 · Secondary,Professional & Financial,Consulting & Business Services,
Johnson Controls Digital Solutions UAE,P3 · Secondary,Technology & Education,"Technology, Media & Marketing",
Julius Baer,P3 · Secondary,Professional & Financial,Banking & Financial Services,
KCJ Consulting LLC,P3 · Secondary,Professional & Financial,Consulting & Business Services,
KINGS LAND REAL ESTATE LLC,P3 · Secondary,Professional & Financial,Consulting & Business Services,
KLME LLP,P3 · Secondary,Professional & Financial,Consulting & Business Services,
KPMG Lower Gulf Limited,P3 · Secondary,Professional & Financial,Consulting & Business Services,
Kalantar Business Law Group Ltd,P3 · Secondary,Professional & Financial,Consulting & Business Services,
Kings Palace Real Estate (PJSC),P3 · Secondary,Professional & Financial,Consulting & Business Services,
Kisser Legal,P3 · Secondary,Professional & Financial,Consulting & Business Services,
Kitara Capital LTD,P3 · Secondary,Professional & Financial,Banking & Financial Services,
Kiteserve M.E. Limited,P3 · Secondary,Professional & Financial,Consulting & Business Services,
Knight Frank MENA,P3 · Secondary,Professional & Financial,Real Estate & Property,
Ktronix Electronic And Devices I KNX Group of Companies,P3 · Secondary,Professional & Financial,Consulting & Business Services,
Kyndryl UAE,P3 · Secondary,Technology & Education,"Technology, Media & Marketing",
LLJ Property,P3 · Secondary,Professional & Financial,Real Estate & Property,
Laktineh & Co Ltd,P3 · Secondary,Professional & Financial,Consulting & Business Services,
Legal Advisor,P3 · Secondary,Professional & Financial,Consulting & Business Services,
Lemon Adverts & Solutions,P3 · Secondary,Technology & Education,"Technology, Media & Marketing",
LianLian Global,P3 · Secondary,Professional & Financial,Banking & Financial Services,
Life Business Success Consultants,P3 · Secondary,Professional & Financial,Consulting & Business Services,
Linda's Real Estate,P3 · Secondary,Professional & Financial,Consulting & Business Services,
Liv. Bank,P3 · Secondary,Technology & Education,"Technology, Media & Marketing",
Luminous Source Property,P3 · Secondary,Professional & Financial,Banking & Financial Services,
Luxhabitat Sotheby's International Realty,P3 · Secondary,Professional & Financial,Consulting & Business Services,
M J Bay Real Estate,P3 · Secondary,Professional & Financial,Banking & Financial Services,
M-HQ Ltd,P3 · Secondary,Professional & Financial,Consulting & Business Services,
MABA Corporate Services Limited,P3 · Secondary,Professional & Financial,Consulting & Business Services,
MAP Global Executive Search,P3 · Secondary,Professional & Financial,Consulting & Business Services,
MCA Auditors and Advisors LLP,P3 · Secondary,Professional & Financial,Consulting & Business Services,
MCC GROUP UAE,P3 · Secondary,Professional & Financial,Consulting & Business Services,
MHA Auditing LLC SOC,P3 · Secondary,Professional & Financial,Consulting & Business Services,
MIDDLE EAST CALIBRATION LAB LLC,P3 · Secondary,Professional & Financial,Consulting & Business Services,
MUSALLAM BIN HAM REAL ESTATE,P3 · Secondary,Professional & Financial,Consulting & Business Services,
Mabledon Capital Limited,P3 · Secondary,Professional & Financial,Consulting & Business Services,
Madinaty Realestate.LLC UAE,P3 · Secondary,Professional & Financial,Real Estate & Property,
Mambu Middle East,P3 · Secondary,Technology & Education,"Technology, Media & Marketing",
ManageEngine UAE,P3 · Secondary,Technology & Education,"Technology, Media & Marketing",
Manazil Real Estate,P3 · Secondary,Professional & Financial,Real Estate & Property,
Manpoweragency.ae,P3 · Secondary,Professional & Financial,Consulting & Business Services,
Maples Fiduciary Services Middle East Limited,P3 · Secondary,Professional & Financial,Consulting & Business Services,
Maples Group,P3 · Secondary,Professional & Financial,Consulting & Business Services,
Mashreq,P3 · Secondary,Technology & Education,"Technology, Media & Marketing",
Mastermind Real Estate,P3 · Secondary,Professional & Financial,Consulting & Business Services,
Matchbest EZE LLC,P3 · Secondary,Professional & Financial,Consulting & Business Services,
Matouk Bassiouny Ltd,P3 · Secondary,Professional & Financial,Consulting & Business Services,
Mawarid Finance,P3 · Secondary,Professional & Financial,Banking & Financial Services,
McCone Properties,P3 · Secondary,Professional & Financial,Consulting & Business Services,
Meedar Real Estate Brokers,P3 · Secondary,Professional & Financial,Consulting & Business Services,
Menasa Capital Mgmt Investment CO,P3 · Secondary,Professional & Financial,Banking & Financial Services,
Metropolitan Capital Real Estate,P3 · Secondary,Professional & Financial,Consulting & Business Services,
Micro Focus UAE,P3 · Secondary,Technology & Education,"Technology, Media & Marketing",
Microsoft UAE,P3 · Secondary,Technology & Education,"Technology, Media & Marketing",
Middle East Trusted Advisors Ltd,P3 · Secondary,Professional & Financial,Consulting & Business Services,
Mobisoft,P3 · Secondary,Technology & Education,"Technology, Media & Marketing",
MongoDB Middle East,P3 · Secondary,Technology & Education,"Technology, Media & Marketing",
Moore JFC Limited,P3 · Secondary,Professional & Financial,Consulting & Business Services,
Mubadala GE Capital PJSC,P3 · Secondary,Professional & Financial,Banking & Financial Services,
Multiflags Real Estate,P3 · Secondary,Professional & Financial,Consulting & Business Services,
NAS Luxury Real Estate,P3 · Secondary,Professional & Financial,Consulting & Business Services,
NCC Limited,P3 · Secondary,Professional & Financial,Consulting & Business Services,
NTT DATA Middle East,P3 · Secondary,Technology & Education,"Technology, Media & Marketing",
NUMBER ONE REAL ESTATE,P3 · Secondary,Professional & Financial,Consulting & Business Services,
Nahy Real Estate,P3 · Secondary,Professional & Financial,Banking & Financial Services,
National Center for Real Estate Investment LLC,P3 · Secondary,Professional & Financial,Consulting & Business Services,
Nationwide Middle East Properties,P3 · Secondary,Professional & Financial,Consulting & Business Services,
Navigo Partners Limited,P3 · Secondary,Professional & Financial,Consulting & Business Services,
Netskope Middle East,P3 · Secondary,Technology & Education,"Technology, Media & Marketing",
Nexdigm Consulting Limited,P3 · Secondary,Professional & Financial,Consulting & Business Services,
Next Range Real Estate UAE,P3 · Secondary,Professional & Financial,Consulting & Business Services,
Nexus Point Real Estate,P3 · Secondary,Professional & Financial,Consulting & Business Services,
No1 Events,P3 · Secondary,Technology & Education,"Technology, Media & Marketing",
Nokia UAE,P3 · Secondary,Technology & Education,"Technology, Media & Marketing",
OMRAN REAL ESTATE LLC,P3 · Secondary,Professional & Financial,Consulting & Business Services,
Ocorian Corporate Services (ME) Limited,P3 · Secondary,Professional & Financial,Consulting & Business Services,
Odoo Middle East,P3 · Secondary,Technology & Education,"Technology, Media & Marketing",
OpenText Middle East,P3 · Secondary,Technology & Education,"Technology, Media & Marketing",
Optima Consulting Ltd,P3 · Secondary,Professional & Financial,Consulting & Business Services,
Oracle Properties,P3 · Secondary,Professional & Financial,Banking & Financial Services,
Oracle UAE,P3 · Secondary,Technology & Education,"Technology, Media & Marketing",
Orange International HR & Management Consultancy,P3 · Secondary,Professional & Financial,Consulting & Business Services,
Orient Insurance,P3 · Secondary,Professional & Financial,Banking & Financial Services,
Origin International LLC,P3 · Secondary,Professional & Financial,Real Estate & Property,
Oryx World Business Centre,P3 · Secondary,Professional & Financial,Consulting & Business Services,
PIFM Corporate Services Limited,P3 · Secondary,Professional & Financial,Consulting & Business Services,
PKF Accountants & Business Advisers LLP,P3 · Secondary,Professional & Financial,Consulting & Business Services,
PNYX Hill Ltd,P3 · Secondary,Professional & Financial,Consulting & Business Services,
Palo Alto Networks UAE,P3 · Secondary,Technology & Education,"Technology, Media & Marketing",
Paoletti Legal Consultants LLP,P3 · Secondary,Professional & Financial,Consulting & Business Services,
Peregrine Corporate Services Ltd,P3 · Secondary,Professional & Financial,Consulting & Business Services,
Pioneers Securities LLC,P3 · Secondary,Professional & Financial,Banking & Financial Services,
PraxisIFM Trust Limited,P3 · Secondary,Professional & Financial,Consulting & Business Services,
Premier Plus Financial Services,P3 · Secondary,Professional & Financial,Consulting & Business Services,
Prestige Real Estate,P3 · Secondary,Professional & Financial,Consulting & Business Services,
Primo Advisors Limited,P3 · Secondary,Professional & Financial,Consulting & Business Services,
Prodome Management Consulting Ltd,P3 · Secondary,Professional & Financial,Consulting & Business Services,
Proofpoint Middle East,P3 · Secondary,Technology & Education,"Technology, Media & Marketing",
Property Shop Investment LLC,P3 · Secondary,Professional & Financial,Banking & Financial Services,
Provident Real Estate,P3 · Secondary,Professional & Financial,Consulting & Business Services,
PwC Legal Middle East LLP,P3 · Secondary,Professional & Financial,Consulting & Business Services,
PwC Middle East,P3 · Secondary,Professional & Financial,Consulting & Business Services,
Qlik Middle East,P3 · Secondary,Technology & Education,"Technology, Media & Marketing",
Que Capital Limited,P3 · Secondary,Professional & Financial,Consulting & Business Services,
RAD Corporate Services Limited,P3 · Secondary,Professional & Financial,Consulting & Business Services,
RAKBANK,P3 · Secondary,Professional & Financial,Banking & Financial Services,
RAS Corporate Advisors,P3 · Secondary,Professional & Financial,Consulting & Business Services,
RAWAFID REAL ESTATE LLC,P3 · Secondary,Professional & Financial,Consulting & Business Services,
RIBA Gulf,P3 · Secondary,Professional & Financial,Consulting & Business Services,
RNG Auditors LLC,P3 · Secondary,Professional & Financial,Consulting & Business Services,
ROTVOGEL CAPITAL - FZCO,P3 · Secondary,Professional & Financial,Banking & Financial Services,
Raine & Horne Dubai,P3 · Secondary,Professional & Financial,Real Estate & Property,
Ramco Systems Middle East,P3 · Secondary,Technology & Education,"Technology, Media & Marketing",
Red Hat Middle East,P3 · Secondary,Technology & Education,"Technology, Media & Marketing",
Reg Wise Partners Limited,P3 · Secondary,Professional & Financial,Consulting & Business Services,
Rekaz Al Dar Properties L.L.C,P3 · Secondary,Professional & Financial,Real Estate & Property,
Resolute Search Ltd,P3 · Secondary,Professional & Financial,Consulting & Business Services,
Rethink ME Ltd,P3 · Secondary,Professional & Financial,Consulting & Business Services,
Revolutionary Businesses Solutions LLC,P3 · Secondary,Professional & Financial,Consulting & Business Services,
RingCentral UAE,P3 · Secondary,Technology & Education,"Technology, Media & Marketing",
Robert Walters Middle East Limited,P3 · Secondary,Professional & Financial,Consulting & Business Services,
Rosemont Partners Corporate Services Limited,P3 · Secondary,Professional & Financial,Consulting & Business Services,
Roshan Innovative Business Solutions,P3 · Secondary,Technology & Education,"Technology, Media & Marketing",
Russell Bedford Dubai Limited,P3 · Secondary,Professional & Financial,Consulting & Business Services,
SAB Auditing of Accounts,P3 · Secondary,Professional & Financial,Consulting & Business Services,
SAM Finance Holdings LTD,P3 · Secondary,Professional & Financial,Banking & Financial Services,
SAP Middle East,P3 · Secondary,Technology & Education,"Technology, Media & Marketing",
SAS Middle East,P3 · Secondary,Technology & Education,"Technology, Media & Marketing",
SMB Real Estate Brokers,P3 · Secondary,Professional & Financial,Consulting & Business Services,
SS&C Blue Prism UAE,P3 · Secondary,Technology & Education,"Technology, Media & Marketing",
STARS DEVELOPMENT CO,P3 · Secondary,Professional & Financial,Real Estate & Property,
Sabj Management Consultancy,P3 · Secondary,Professional & Financial,Consulting & Business Services,
Safari Malls,P3 · Secondary,Professional & Financial,Real Estate & Property,
Sage Middle East,P3 · Secondary,Technology & Education,"Technology, Media & Marketing",
Sajaya_shj,P3 · Secondary,Professional & Financial,Consulting & Business Services,
Salesforce Middle East,P3 · Secondary,Technology & Education,"Technology, Media & Marketing",
Schneider Electric Digital UAE,P3 · Secondary,Technology & Education,"Technology, Media & Marketing",
SentinelOne UAE,P3 · Secondary,Technology & Education,"Technology, Media & Marketing",
Servetech AEG,P3 · Secondary,Professional & Financial,Consulting & Business Services,
ServiceNow UAE,P3 · Secondary,Technology & Education,"Technology, Media & Marketing",
Seventh Sea Holidays,P3 · Secondary,Professional & Financial,Consulting & Business Services,
Shades Properties,P3 · Secondary,Professional & Financial,Banking & Financial Services,
Sharjah Capability Development,P3 · Secondary,Professional & Financial,Real Estate & Property,
Sharjah Youth,P3 · Secondary,Professional & Financial,Consulting & Business Services,
Simfoni Limited,P3 · Secondary,Professional & Financial,Consulting & Business Services,
Sky View Real Estate,P3 · Secondary,Professional & Financial,Banking & Financial Services,
Snowflake UAE,P3 · Secondary,Technology & Education,"Technology, Media & Marketing",
So-Safe Air & Water,P3 · Secondary,Professional & Financial,Consulting & Business Services,
Soft Source Information Technology,P3 · Secondary,Technology & Education,"Technology, Media & Marketing",
Software AG Middle East,P3 · Secondary,Technology & Education,"Technology, Media & Marketing",
Sophos Middle East,P3 · Secondary,Technology & Education,"Technology, Media & Marketing",
Sovereign Corporate Services ME Limited,P3 · Secondary,Professional & Financial,Consulting & Business Services,
Springfield Real Estate,P3 · Secondary,Professional & Financial,Consulting & Business Services,
Standard Accountants,P3 · Secondary,Professional & Financial,Consulting & Business Services,
Stimulus Web Design,P3 · Secondary,Technology & Education,"Technology, Media & Marketing",
StratoLink Communication,P3 · Secondary,Technology & Education,"Technology, Media & Marketing",
Strolla LLP,P3 · Secondary,Professional & Financial,Consulting & Business Services,
Suisse Capital Asset Management Company SA,P3 · Secondary,Professional & Financial,Banking & Financial Services,
Sukoon Insurance,P3 · Secondary,Professional & Financial,Banking & Financial Services,
Sunrise Investment Group Limited,P3 · Secondary,Professional & Financial,Banking & Financial Services,
Sustainable Homes Real Estate,P3 · Secondary,Professional & Financial,Consulting & Business Services,
Swan Insurance Management Agency,P3 · Secondary,Technology & Education,"Technology, Media & Marketing",
Swiss Group Legal Ltd,P3 · Secondary,Professional & Financial,Consulting & Business Services,
TMF Group Fiduciary Services Limited,P3 · Secondary,Professional & Financial,Consulting & Business Services,
TMF Services BV,P3 · Secondary,Professional & Financial,Consulting & Business Services,
Tahseel Information Technology,P3 · Secondary,Technology & Education,"Technology, Media & Marketing",
Talent500 EMEA Limited,P3 · Secondary,Professional & Financial,Consulting & Business Services,
Tally Solutions Middle East,P3 · Secondary,Technology & Education,"Technology, Media & Marketing",
Tamam,P3 · Secondary,Technology & Education,"Technology, Media & Marketing",
Tamimi Consulting Ltd,P3 · Secondary,Professional & Financial,Consulting & Business Services,
Tech Cybers,P3 · Secondary,Technology & Education,"Technology, Media & Marketing",
Tech Mahindra UAE,P3 · Secondary,Technology & Education,"Technology, Media & Marketing",
Temenos Middle East,P3 · Secondary,Technology & Education,"Technology, Media & Marketing",
Teradata UAE,P3 · Secondary,Technology & Education,"Technology, Media & Marketing",
The Accountant LLC,P3 · Secondary,Professional & Financial,Consulting & Business Services,
TheNineHertzUAE,P3 · Secondary,Technology & Education,"Technology, Media & Marketing",
Thirty One Facility Management,P3 · Secondary,Professional & Financial,Consulting & Business Services,
Throgmorton Corporate Services ME,P3 · Secondary,Professional & Financial,Consulting & Business Services,
Tiger Properties,P3 · Secondary,Professional & Financial,Real Estate & Property,
Tourism Development & Investment Co,P3 · Secondary,Professional & Financial,Banking & Financial Services,
Tower Tax Corporate and Legal Services Ltd,P3 · Secondary,Professional & Financial,Consulting & Business Services,
Trend Micro UAE,P3 · Secondary,Technology & Education,"Technology, Media & Marketing",
Treo Homes,P3 · Secondary,Professional & Financial,Real Estate & Property,
Triam Consultancies Private Limited,P3 · Secondary,Professional & Financial,Consulting & Business Services,
Trimble Middle East,P3 · Secondary,Technology & Education,"Technology, Media & Marketing",
Trust Capital,P3 · Secondary,Professional & Financial,Banking & Financial Services,
Twilio Middle East,P3 · Secondary,Technology & Education,"Technology, Media & Marketing",
UAE Investment Finance Group,P3 · Secondary,Professional & Financial,Banking & Financial Services,
UNBOX Community,P3 · Secondary,Professional & Financial,Consulting & Business Services,
UiPath Middle East,P3 · Secondary,Technology & Education,"Technology, Media & Marketing",
Union Insurance,P3 · Secondary,Professional & Financial,Banking & Financial Services,
Union National Financial Consultancy LLC,P3 · Secondary,Professional & Financial,Consulting & Business Services,
Union Square House Real Estate Brokers,P3 · Secondary,Professional & Financial,Consulting & Business Services,
Unique Properties,P3 · Secondary,Professional & Financial,Consulting & Business Services,
Unitas Client Advisory,P3 · Secondary,Professional & Financial,Consulting & Business Services,
United Investment Bank,P3 · Secondary,Professional & Financial,Banking & Financial Services,
Unity Auditing,P3 · Secondary,Professional & Financial,Consulting & Business Services,
VCode Middle East LLC,P3 · Secondary,Technology & Education,"Technology, Media & Marketing",
VMware by Broadcom UAE,P3 · Secondary,Technology & Education,"Technology, Media & Marketing",
ValuStrat,P3 · Secondary,Professional & Financial,Real Estate & Property,
Varenne Capital Partners,P3 · Secondary,Professional & Financial,Banking & Financial Services,
Veeam Software UAE,P3 · Secondary,Technology & Education,"Technology, Media & Marketing",
Veolia | Water Tech Middle East & Africa,P3 · Secondary,Technology & Education,"Technology, Media & Marketing",
Veritas Technologies UAE,P3 · Secondary,Technology & Education,"Technology, Media & Marketing",
Vincitore Real Estate Development LLC,P3 · Secondary,Professional & Financial,Consulting & Business Services,
Vistra Middle East Ltd,P3 · Secondary,Professional & Financial,Consulting & Business Services,
Vitas Advertising & Marketing LLC,P3 · Secondary,Technology & Education,"Technology, Media & Marketing",
WATAN PROPERTIES DEVELOPMENT LLC,P3 · Secondary,Professional & Financial,Consulting & Business Services,
WS ATKINS & PARTNERS OVERSEAS,P3 · Secondary,Professional & Financial,Consulting & Business Services,
Walkers Professional Services Middle East Limited,P3 · Secondary,Professional & Financial,Consulting & Business Services,
Wall Street Exchange,P3 · Secondary,Professional & Financial,Banking & Financial Services,
Web Experts,P3 · Secondary,Technology & Education,"Technology, Media & Marketing",
Westford Social,P3 · Secondary,Technology & Education,"Technology, Media & Marketing",
White & Co Real Estate,P3 · Secondary,Professional & Financial,Consulting & Business Services,
World Credit Solutions,P3 · Secondary,Professional & Financial,Consulting & Business Services,
Zawaya Walk | زوايا ووك,P3 · Secondary,Professional & Financial,Real Estate & Property,
Zoho Middle East,P3 · Secondary,Technology & Education,"Technology, Media & Marketing",
Zoom Video Communications UAE,P3 · Secondary,Technology & Education,"Technology, Media & Marketing",
Zscaler Middle East,P3 · Secondary,Technology & Education,"Technology, Media & Marketing",
azakaw,P3 · Secondary,Professional & Financial,Consulting & Business Services,
du Business,P3 · Secondary,Technology & Education,"Technology, Media & Marketing",
e& enterprise,P3 · Secondary,Technology & Education,"Technology, Media & Marketing",
fam Properties,P3 · Secondary,Professional & Financial,Banking & Financial Services,
haus & haus,P3 · Secondary,Professional & Financial,Real Estate & Property,
iComply Risk Management Limited,P3 · Secondary,Professional & Financial,Consulting & Business Services,
iMoney,P3 · Secondary,Professional & Financial,Banking & Financial Services,
telecommunication company,P3 · Secondary,Technology & Education,"Technology, Media & Marketing",
Centro Sharjah,P4 · Watchlist,Retail & Hospitality,"Retail, F&B & Hospitality",http://www.rotana.com/centrohotels/unitedarabemirates/sharjah/centrosharjah
Copthorne Hotel Sharjah,P4 · Watchlist,Retail & Hospitality,"Retail, F&B & Hospitality",http://www.millenniumhotels.com/en/sharjah/copthorne-hotel-sharjah
Four Points by Sheraton Sharjah,P4 · Watchlist,Retail & Hospitality,"Retail, F&B & Hospitality",http://www.marriott.com/hotels/travel/shjfp-four-points-sharjah
Mechanical Engineering Department,P4 · Watchlist,Public & Other,Other / Unclassified,http://www.aus.edu/cen/department-of-mechanical-engineering
Coral Beach Resort Sharjah - Managed by HMH,P4 · Watchlist,Retail & Hospitality,"Retail, F&B & Hospitality",http://www.hmhhotelgroup.com/coralbeachresortsharjah
International Maritime Club,P4 · Watchlist,Retail & Hospitality,"Retail, F&B & Hospitality",http://www.internationalmaritimeclub.com
Hospitality Solution Group,P4 · Watchlist,Retail & Hospitality,"Retail, F&B & Hospitality",http://www.hospitalitysolutiongroup.com
Arabian Dreamland Tourism,P4 · Watchlist,Retail & Hospitality,"Retail, F&B & Hospitality",http://www.arabiandreamlandtourism.com
Golden Sands Hotel Sharjah,P4 · Watchlist,Retail & Hospitality,"Retail, F&B & Hospitality",http://www.goldensandshotelsharjah.com
Hazelhurst International LLC,P4 · Watchlist,Public & Other,Other / Unclassified,http://www.hazelhurst-international.ae
The Arab CEOs,P4 · Watchlist,Public & Other,Other / Unclassified,http://www.ceoclubsworldwidedubai.com
Dwarka Restaurant UAE,P4 · Watchlist,Retail & Hospitality,"Retail, F&B & Hospitality",http://www.rainbowhospitalityuae.com
THE FIRST INTERNATIONAL,P4 · Watchlist,Public & Other,Other / Unclassified,http://www.thefirstinternational.com
Americana Restaurants,P4 · Watchlist,Retail & Hospitality,"Retail, F&B & Hospitality",http://www.americanarestaurants.com
Red Castle Hotel,P4 · Watchlist,Retail & Hospitality,"Retail, F&B & Hospitality",http://www.redcastlehotelsharjah.ae
Sahar Al Sharq Perfumes,P4 · Watchlist,Retail & Hospitality,"Retail, F&B & Hospitality",http://www.saharalsharqperfumes.com
Sharjah National Hotels,P4 · Watchlist,Retail & Hospitality,"Retail, F&B & Hospitality",http://www.sharjahnationalhotel.com
The Copper Table Bistro,P4 · Watchlist,Retail & Hospitality,"Retail, F&B & Hospitality",http://www.thecoppertablebistro.com
Connect Entertainment,P4 · Watchlist,Retail & Hospitality,"Retail, F&B & Hospitality",http://www.connectentertainment.me
Conversion Pro,P4 · Watchlist,Public & Other,Other / Unclassified,http://www.conversionproagency.com
Khalid Bin Sultan City,P4 · Watchlist,Public & Other,Other / Unclassified,http://www.khalidbinsultancity.com
Luxe Grand Hotel Apartments,P4 · Watchlist,Retail & Hospitality,"Retail, F&B & Hospitality",http://www.luxegrandapartments.com
OMODA | JAECOO By Galadari,P4 · Watchlist,Public & Other,Other / Unclassified,http://www.omodajaecoogaladari.com
Westford For Business,P4 · Watchlist,Public & Other,Other / Unclassified,http://www.westfordforbusiness.com
Air Arabia Simulator,P4 · Watchlist,Public & Other,Other / Unclassified,http://www.airarabiasimulator.com
Bubbles Restaurants and Grill,P4 · Watchlist,Retail & Hospitality,"Retail, F&B & Hospitality",http://www.bubblesrestaurants.com
Common Core Boot Camp,P4 · Watchlist,Public & Other,Other / Unclassified,http://www.commoncorebootcamp.org
DoubleTree by Hilton Sharjah Waterfront Hotel & Residences,P4 · Watchlist,Retail & Hospitality,"Retail, F&B & Hospitality",http://www.doubletreebyhilton.com
Limitless Shopping,P4 · Watchlist,Public & Other,Other / Unclassified,http://www.limitless-shopping.com
Maritime Universal LLC,P4 · Watchlist,Public & Other,Other / Unclassified,http://www.maritime-universal.com
Ruwi Hotel Apartments,P4 · Watchlist,Retail & Hospitality,"Retail, F&B & Hospitality",http://www.ruwihotelapartments.co
TASSILI DZ POWER,P4 · Watchlist,Public & Other,Other / Unclassified,http://www.tassilidzpower.company
Al Miqat Restaurant,P4 · Watchlist,Retail & Hospitality,"Retail, F&B & Hospitality",http://www.almiqatrestaurant.com
Al Riyadah Group,P4 · Watchlist,Public & Other,Other / Unclassified,http://www.dubaibusinesssetup.co
Green Line Pioneers,P4 · Watchlist,Public & Other,Other / Unclassified,http://www.greenlinepioneers.com
MARSHAL & ASSOCIATES CO,P4 · Watchlist,Public & Other,Other / Unclassified,http://www.marshalassociates.com
Nabeel Perfumes Group Of Companies,P4 · Watchlist,Retail & Hospitality,"Retail, F&B & Hospitality",http://www.nabeelperfumes.online
Orientica Perfumes,P4 · Watchlist,Retail & Hospitality,"Retail, F&B & Hospitality",http://www.orienticaperfumes.com
Sharjah Customs,P4 · Watchlist,Public & Other,Other / Unclassified,http://www.sharjahcustoms.gov.ae
Sharjah Royal Tulip Hotel,P4 · Watchlist,Retail & Hospitality,"Retail, F&B & Hospitality",http://www.royaltulipsharjah.com
Xcellence Group LLC,P4 · Watchlist,Public & Other,Other / Unclassified,http://www.xcellencegroupllc.com
Adventureland,P4 · Watchlist,Retail & Hospitality,"Retail, F&B & Hospitality",http://www.adventurelanduae.com
Al Cazar Bakery,P4 · Watchlist,Retail & Hospitality,"Retail, F&B & Hospitality",http://www.alcazarbakeryuae.com
Arabian Fish House Restaurant & Cafe,P4 · Watchlist,Retail & Hospitality,"Retail, F&B & Hospitality",http://www.arabianfishhouse.com
BALLOONSNMORE PARTIES & ENTERTAINMENTS SERVICES,P4 · Watchlist,Retail & Hospitality,"Retail, F&B & Hospitality",http://www.balloonsnparties.com
European Perfume Works Co. LLC,P4 · Watchlist,Retail & Hospitality,"Retail, F&B & Hospitality",http://www.europeanperfumes.com
FDR Travel and Tourism LLC,P4 · Watchlist,Retail & Hospitality,"Retail, F&B & Hospitality",http://www.fdrtraveltourism.com
Holidays Tours,P4 · Watchlist,Retail & Hospitality,"Retail, F&B & Hospitality",http://www.theholidaystours.com
Safari Hypermarket,P4 · Watchlist,Retail & Hospitality,"Retail, F&B & Hospitality",http://www.safarihypermarket.ae
Sahara beach resort and spa,P4 · Watchlist,Retail & Hospitality,"Retail, F&B & Hospitality",http://www.saharabeachresort.ae
Science Street LLC,P4 · Watchlist,Public & Other,Other / Unclassified,http://www.thesciencestreet.com
Star Swimming Pool,P4 · Watchlist,Public & Other,Other / Unclassified,http://www.starswimmingpool.com
Travel Indigenous,P4 · Watchlist,Retail & Hospitality,"Retail, F&B & Hospitality",http://www.travelindigenous.com
candle essential,P4 · Watchlist,Public & Other,Other / Unclassified,http://www.candle-essential.com
1820's,P4 · Watchlist,Retail & Hospitality,"Retail, F&B & Hospitality",http://www.1820scoffeatery.com
Airspace Tourism LLC,P4 · Watchlist,Retail & Hospitality,"Retail, F&B & Hospitality",http://www.airspacetourism.com
Alafeef Kitchen,P4 · Watchlist,Public & Other,Other / Unclassified,http://www.alafeefkitchens.com
Bin Otaiba Hotels,P4 · Watchlist,Retail & Hospitality,"Retail, F&B & Hospitality",http://www.binotaibahotels.com
Certified Fire Protection Specialist - CFPS,P4 · Watchlist,Public & Other,Other / Unclassified,http://www.eduvational.co.site
Corniche Hotel Sharjah,P4 · Watchlist,Retail & Hospitality,"Retail, F&B & Hospitality",http://www.corniche-hotels.com
Delta Al Khaleej Used Cars,P4 · Watchlist,Public & Other,Other / Unclassified,http://www.delta-alkhaleej.com
First Choice Cars®,P4 · Watchlist,Public & Other,Other / Unclassified,http://www.firstchoicecars.com
Lords Beach Hotel Sharjah,P4 · Watchlist,Retail & Hospitality,"Retail, F&B & Hospitality",http://www.lordsbeachhotel.com
Musandam Tourism LLC,P4 · Watchlist,Retail & Hospitality,"Retail, F&B & Hospitality",http://www.musandamtourism.com
Silk Restaurant,P4 · Watchlist,Retail & Hospitality,"Retail, F&B & Hospitality",http://www.silk-restaurant.com
Tuitions,P4 · Watchlist,Public & Other,Other / Unclassified,http://www.tuition-sharjah.com
Zero Restaurant,P4 · Watchlist,Retail & Hospitality,"Retail, F&B & Hospitality",http://www.zero-restaurant.com
AL ZAJIL TOURISM,P4 · Watchlist,Retail & Hospitality,"Retail, F&B & Hospitality",http://www.alzajiltourism.com
Albadawi Coffee Roastry LLC,P4 · Watchlist,Retail & Hospitality,"Retail, F&B & Hospitality",http://www.albadawicoffee.com
Chie Restaurant,P4 · Watchlist,Retail & Hospitality,"Retail, F&B & Hospitality",http://www.chierestaurant.com
Dorus Hotel,P4 · Watchlist,Retail & Hospitality,"Retail, F&B & Hospitality",http://www.humsafarglobal.com
Fraser's Medical,P4 · Watchlist,Public & Other,Other / Unclassified,http://www.frasersmedical.com
GULF CARS AUCTION LLC,P4 · Watchlist,Public & Other,Other / Unclassified,http://www.gulfcarauction.com
Rubicon Aerotek,P4 · Watchlist,Public & Other,Other / Unclassified,http://www.rubiconaerotek.com
SPARK RESIDENCE HOTEL APARTMENTS,P4 · Watchlist,Retail & Hospitality,"Retail, F&B & Hospitality",http://www.sparkresidence.com
Sharjah Carlton Hotel,P4 · Watchlist,Retail & Hospitality,"Retail, F&B & Hospitality",http://www.mhgroupsharjah.com
Sharjah FDI Office - Invest in Sharjah,P4 · Watchlist,Public & Other,Other / Unclassified,http://www.investinsharjah.ae
Sharjah Grand Hotel,P4 · Watchlist,Retail & Hospitality,"Retail, F&B & Hospitality",http://www.sharjah-hotels.com
Sheraton Sharjah Beach Resort & Spa,P4 · Watchlist,Retail & Hospitality,"Retail, F&B & Hospitality",http://www.marriott.com/SHJSI
Table Finder,P4 · Watchlist,Retail & Hospitality,"Retail, F&B & Hospitality",http://www.tablefinder.online
AKS Prime Group,P4 · Watchlist,Public & Other,Other / Unclassified,http://www.aksprimegroup.com
ALBait ALHalabi kitchen & hotel Equipments,P4 · Watchlist,Retail & Hospitality,"Retail, F&B & Hospitality",http://www.albaitalhalabi.ae
Al Hayat Hotel Group,P4 · Watchlist,Retail & Hospitality,"Retail, F&B & Hospitality",http://www.alhayat-hotel.com
Archers Coffee,P4 · Watchlist,Retail & Hospitality,"Retail, F&B & Hospitality",http://www.archerscoffee.com
CYCLE CULTURE TR LLC,P4 · Watchlist,Public & Other,Other / Unclassified,http://www.cycle-culture.com
ControlTech Middle East,P4 · Watchlist,Public & Other,Other / Unclassified,http://www.controltechme.com
Kashin Perfumes,P4 · Watchlist,Retail & Hospitality,"Retail, F&B & Hospitality",http://www.kashinperfume.com
MEA Treasurers,P4 · Watchlist,Public & Other,Other / Unclassified,http://www.meatreasurers.com
Miami Hotel Apartment,P4 · Watchlist,Retail & Hospitality,"Retail, F&B & Hospitality",http://www.miamihotelshj.com
Nova Park Hotel,P4 · Watchlist,Retail & Hospitality,"Retail, F&B & Hospitality",http://www.novaparkhotel.com
Sharjah Retail Group,P4 · Watchlist,Retail & Hospitality,"Retail, F&B & Hospitality",http://www.sharjahretail.com
THEMAR AL EMARAT LLC,P4 · Watchlist,Public & Other,Other / Unclassified,http://www.themaralemarat.ae
Viola Hotel Apartment,P4 · Watchlist,Retail & Hospitality,"Retail, F&B & Hospitality",http://www.violahoteluae.com
al khaima tours,P4 · Watchlist,Retail & Hospitality,"Retail, F&B & Hospitality",http://www.alkhaimatours.com
eduGuardian,P4 · Watchlist,Public & Other,Other / Unclassified,http://www.myeduguardian.com
Al Hamra hotel Sharjah,P4 · Watchlist,Retail & Hospitality,"Retail, F&B & Hospitality",http://www.alhamrahotel.net
Alsultan Oglu sweets,P4 · Watchlist,Retail & Hospitality,"Retail, F&B & Hospitality",http://www.alsultanoglu.com
Aryana hotel,P4 · Watchlist,Retail & Hospitality,"Retail, F&B & Hospitality",http://www.aryanahotels.com
BIG BASKET (BB),P4 · Watchlist,Public & Other,Other / Unclassified,http://www.bigbasketuae.com
Blue Kryon LLC,P4 · Watchlist,Public & Other,Other / Unclassified,http://www.bluekryonllc.com
Cedar Garden,P4 · Watchlist,Retail & Hospitality,"Retail, F&B & Hospitality",http://www.cedar-garden.com
Comply360 LLC,P4 · Watchlist,Public & Other,Other / Unclassified,http://www.thecomply360.com
Darb Al Asayel,P4 · Watchlist,Retail & Hospitality,"Retail, F&B & Hospitality",http://www.darbalasayel.com
Dunia - UAE Visa • Flights • Tours,P4 · Watchlist,Retail & Hospitality,"Retail, F&B & Hospitality",http://www.duniatourism.com
Emerald Glow LLC,P4 · Watchlist,Public & Other,Other / Unclassified,http://www.emeraldglows.com
Faan Perfumes,P4 · Watchlist,Retail & Hospitality,"Retail, F&B & Hospitality",http://www.faanperfumes.com
Golden Loaf Bakery,P4 · Watchlist,Retail & Hospitality,"Retail, F&B & Hospitality",http://www.goldenloafuae.ae
Grand Hotel Beach Resort,P4 · Watchlist,Retail & Hospitality,"Retail, F&B & Hospitality",http://www.sharjahgrand.com
GreenOponics Agricultural Services LLC,P4 · Watchlist,Public & Other,Other / Unclassified,http://www.greenoponics.com
Health safety,P4 · Watchlist,Public & Other,Other / Unclassified,http://www.qstctraining.com
LAMO'S PASTRIES & SWEETS,P4 · Watchlist,Retail & Hospitality,"Retail, F&B & Hospitality",http://www.lamos-sweets.com
Luxia Perfumes,P4 · Watchlist,Retail & Hospitality,"Retail, F&B & Hospitality",http://www.luxiaperfume.com
Malaku Travel,P4 · Watchlist,Retail & Hospitality,"Retail, F&B & Hospitality",http://www.malakutravel.com
Mindful Crowd,P4 · Watchlist,Public & Other,Other / Unclassified,http://www.mindfulcrowd.com
Organic Group of Companies,P4 · Watchlist,Public & Other,Other / Unclassified,http://www.organicgroup.net
Prosports Management (Middle East),P4 · Watchlist,Retail & Hospitality,"Retail, F&B & Hospitality",http://www.prosportsuae.com
Smart Travel UAE,P4 · Watchlist,Retail & Hospitality,"Retail, F&B & Hospitality",http://www.smarttravels.com
Veggitech,P4 · Watchlist,Public & Other,Other / Unclassified,http://www.veggitechint.com
ALRIHLA GLOBAL TOURS,P4 · Watchlist,Retail & Hospitality,"Retail, F&B & Hospitality",http://www.rihlatravel.com
AhlanSafety,P4 · Watchlist,Public & Other,Other / Unclassified,http://www.ahlansafety.com
Al Dawa Medical Equip Store,P4 · Watchlist,Retail & Hospitality,"Retail, F&B & Hospitality",http://www.dawapharmacy.ae
Al Jubail 1441 Restaurant & Café,P4 · Watchlist,Retail & Hospitality,"Retail, F&B & Hospitality",http://www.aljubail1441.ae
Ascendere Group,P4 · Watchlist,Public & Other,Other / Unclassified,http://www.ascendere.group
DOKO,P4 · Watchlist,Retail & Hospitality,"Retail, F&B & Hospitality",http://www.whereisdoko.com
Delhi Nihari Restaurant,P4 · Watchlist,Retail & Hospitality,"Retail, F&B & Hospitality",http://www.delhinihari.com
Dibba Modern Bakery LLC,P4 · Watchlist,Retail & Hospitality,"Retail, F&B & Hospitality",http://www.dibba-bakes.com
Finovo & Co,P4 · Watchlist,Public & Other,Other / Unclassified,http://www.finovoandco.com
Flipped Park,P4 · Watchlist,Retail & Hospitality,"Retail, F&B & Hospitality",http://www.flippedpark.com
Gala,P4 · Watchlist,Public & Other,Other / Unclassified,http://www.galamarkets.com
Herecareers (وظائف في الخليج | Herecareers | هير كيريرز),P4 · Watchlist,Public & Other,Other / Unclassified,http://www.herecareers.com
Istanbul Supermarket,P4 · Watchlist,Retail & Hospitality,"Retail, F&B & Hospitality",http://www.istanbuluae.com
JMC GROUP OF COMPANIES,P4 · Watchlist,Public & Other,Other / Unclassified,http://www.jmcgroupuae.com
JMR Sporting,P4 · Watchlist,Retail & Hospitality,"Retail, F&B & Hospitality",http://www.jmrsporting.com
Kenaan International Cosmetics Tr,P4 · Watchlist,Public & Other,Other / Unclassified,http://www.kenaan-intl.com
Kitchen Souq,P4 · Watchlist,Public & Other,Other / Unclassified,http://www.kitchensouq.com
MarketWise,P4 · Watchlist,Public & Other,Other / Unclassified,http://www.trivergence.com
ROBO CLASSES,P4 · Watchlist,Public & Other,Other / Unclassified,http://www.roboclasses.com
RiCH Carpets & Rugs,P4 · Watchlist,Public & Other,Other / Unclassified,http://www.richcarpets.com
SkillsWare,P4 · Watchlist,Public & Other,Other / Unclassified,http://www.skillswares.com
Smoking Doll - Asian Restaurant,P4 · Watchlist,Retail & Hospitality,"Retail, F&B & Hospitality",http://www.smokingdoll.com
The Act Hotel - Sharjah,P4 · Watchlist,Retail & Hospitality,"Retail, F&B & Hospitality",http://www.theacthotel.com
The Tiffin Box,P4 · Watchlist,Retail & Hospitality,"Retail, F&B & Hospitality",http://www.thetiffinbox.ca
Unimatch LLC,P4 · Watchlist,Public & Other,Other / Unclassified,http://www.unimatch.global
ASM Tourism,P4 · Watchlist,Retail & Hospitality,"Retail, F&B & Hospitality",http://www.asmtourism.com
Al Jamelat Club,P4 · Watchlist,Retail & Hospitality,"Retail, F&B & Hospitality",http://www.aljamelat.club
Bradford International Alliance - BIA,P4 · Watchlist,Public & Other,Other / Unclassified,http://www.bradfordia.org
ClassifyIQ,P4 · Watchlist,Public & Other,Other / Unclassified,http://www.classifyiq.com
Emirates Sea Restaurant,P4 · Watchlist,Retail & Hospitality,"Retail, F&B & Hospitality",http://www.emiratessea.ae
Grand Global Hospitality,P4 · Watchlist,Retail & Hospitality,"Retail, F&B & Hospitality",http://www.grandglobal.ae
Hairoticmen,P4 · Watchlist,Public & Other,Other / Unclassified,http://www.hairoticmen.ae
Identable,P4 · Watchlist,Retail & Hospitality,"Retail, F&B & Hospitality",http://www.identable.club
Jamun,P4 · Watchlist,Public & Other,Other / Unclassified,http://www.steelbrain.net
Khyber Tours,P4 · Watchlist,Retail & Hospitality,"Retail, F&B & Hospitality",http://www.khybertour.com
Nest Hotel,P4 · Watchlist,Retail & Hospitality,"Retail, F&B & Hospitality",http://www.nest-hotel.com
Nesto Group,P4 · Watchlist,Public & Other,Other / Unclassified,http://www.nestogroup.com
REXR Global,P4 · Watchlist,Public & Other,Other / Unclassified,http://www.rexrglobal.com
Rayan Hotel Sharjah,P4 · Watchlist,Retail & Hospitality,"Retail, F&B & Hospitality",http://www.rayanhotel.com
Rifaa Tours,P4 · Watchlist,Retail & Hospitality,"Retail, F&B & Hospitality",http://www.rifaadeals.com
Sharjah Ladies Club Branches,P4 · Watchlist,Retail & Hospitality,"Retail, F&B & Hospitality",http://www.slcbranches.ae
South Coffee Roastery,P4 · Watchlist,Retail & Hospitality,"Retail, F&B & Hospitality",http://www.southcoffee.ae
Toronto Star BodyBuilding,P4 · Watchlist,Retail & Hospitality,"Retail, F&B & Hospitality",http://www.torontostar.ae
Zola Safari Tours,P4 · Watchlist,Retail & Hospitality,"Retail, F&B & Hospitality",http://www.zolasafari.com
Al Reaya Al Owla medicine & medicals equip store,P4 · Watchlist,Retail & Hospitality,"Retail, F&B & Hospitality",http://www.rdspharma.com
Alfalah Electronics,P4 · Watchlist,Public & Other,Other / Unclassified,http://www.alfalahae.com
BigRed Motorsports & Adventure Tours,P4 · Watchlist,Retail & Hospitality,"Retail, F&B & Hospitality",http://www.bigreddxb.com
Embriture,P4 · Watchlist,Public & Other,Other / Unclassified,http://www.embriture.org
Luxy Tours,P4 · Watchlist,Retail & Hospitality,"Retail, F&B & Hospitality",http://www.luxytours.com
MedLead LLC,P4 · Watchlist,Public & Other,Other / Unclassified,http://www.medleadae.com
Pets Heaven,P4 · Watchlist,Public & Other,Other / Unclassified,http://www.petsheaven.ae
RealBev- Coffee Vending Machine Solution ☕,P4 · Watchlist,Retail & Hospitality,"Retail, F&B & Hospitality",http://www.realbevme.com
Rimini Cafe UAE,P4 · Watchlist,Retail & Hospitality,"Retail, F&B & Hospitality",http://www.riminicafe.ae
SPEEDY CAR WORK SHOP,P4 · Watchlist,Retail & Hospitality,"Retail, F&B & Hospitality",http://www.speedycar.biz
Xpressions Style,P4 · Watchlist,Public & Other,Other / Unclassified,http://www.xpressions.ae
spark back,P4 · Watchlist,Public & Other,Other / Unclassified,http://www.sparkback.com
365Games,P4 · Watchlist,Retail & Hospitality,"Retail, F&B & Hospitality",http://www.365games.net
AL BAKER GROUP,P4 · Watchlist,Retail & Hospitality,"Retail, F&B & Hospitality",http://www.al-baker.com
ALAX Global Sports Management LLC,P4 · Watchlist,Retail & Hospitality,"Retail, F&B & Hospitality",http://www.teamalax.com
Accovera Business Hub,P4 · Watchlist,Public & Other,Other / Unclassified,http://www.accovera.com
Al Aswad Shop,P4 · Watchlist,Retail & Hospitality,"Retail, F&B & Hospitality",http://www.alaswad.shop
Al Jothan Perfumes,P4 · Watchlist,Retail & Hospitality,"Retail, F&B & Hospitality",http://www.aljothan.com
BIOCHEMIA,P4 · Watchlist,Public & Other,Other / Unclassified,http://www.biochemia.ae
Claro Cafe,P4 · Watchlist,Retail & Hospitality,"Retail, F&B & Hospitality",http://www.clarocafe.ae
Crystal Hospitality Group,P4 · Watchlist,Retail & Hospitality,"Retail, F&B & Hospitality",http://www.cphmajaz.com
ESM GLOBAL,P4 · Watchlist,Public & Other,Other / Unclassified,http://www.esmglobal.co
Edufikra,P4 · Watchlist,Public & Other,Other / Unclassified,http://www.edufikra.com
Emirates Palace Hotel Suites - الشارقة,P4 · Watchlist,Retail & Hospitality,"Retail, F&B & Hospitality",http://www.albooked.com
FITbasix,P4 · Watchlist,Public & Other,Other / Unclassified,http://www.fitbasix.com
MENA Kids,P4 · Watchlist,Public & Other,Other / Unclassified,http://www.menakids.com
Nephites Trade & Tourism LLC,P4 · Watchlist,Retail & Hospitality,"Retail, F&B & Hospitality",http://www.nephites.net
PapasBay Travel Solutions,P4 · Watchlist,Retail & Hospitality,"Retail, F&B & Hospitality",http://www.papasbay.com
SIMS UAE,P4 · Watchlist,Public & Other,Other / Unclassified,http://www.sims-uae.com
Shababeek Restaurant,P4 · Watchlist,Retail & Hospitality,"Retail, F&B & Hospitality",http://www.shababeek.ae
Smart Baby,P4 · Watchlist,Public & Other,Other / Unclassified,http://www.smartbaby.ae
SocialGYM,P4 · Watchlist,Public & Other,Other / Unclassified,http://www.socialgym.me
The Bling,P4 · Watchlist,Retail & Hospitality,"Retail, F&B & Hospitality",http://www.egybling.com
Wine Salad,P4 · Watchlist,Public & Other,Other / Unclassified,http://www.winesalad.it
72 Hotel - Sharjah,P4 · Watchlist,Retail & Hospitality,"Retail, F&B & Hospitality",http://www.hotel72.com
Conver2,P4 · Watchlist,Public & Other,Other / Unclassified,http://www.conver2.com
EXEED ECX,P4 · Watchlist,Public & Other,Other / Unclassified,http://www.myexeed.com
Encyclofoodia,P4 · Watchlist,Retail & Hospitality,"Retail, F&B & Hospitality",http://www.efoodia.com
IPMHAUS,P4 · Watchlist,Public & Other,Other / Unclassified,http://www.ipmhaus.com
King Rox,P4 · Watchlist,Retail & Hospitality,"Retail, F&B & Hospitality",http://www.kingrox.com
Mega Mall Sharjah,P4 · Watchlist,Retail & Hospitality,"Retail, F&B & Hospitality",http://www.megamall.ae
Paper Fig,P4 · Watchlist,Retail & Hospitality,"Retail, F&B & Hospitality",http://www.paperfig.ae
Petzsee,P4 · Watchlist,Public & Other,Other / Unclassified,http://www.petzsee.com
SETs,P4 · Watchlist,Public & Other,Other / Unclassified,http://www.sets4us.com
Shi Café,P4 · Watchlist,Retail & Hospitality,"Retail, F&B & Hospitality",http://www.shicafe.com
Sushi Now,P4 · Watchlist,Retail & Hospitality,"Retail, F&B & Hospitality",http://www.sushinow.ae
TRAVEL BUSINESS ASIA & MIDDLE EAST,P4 · Watchlist,Retail & Hospitality,"Retail, F&B & Hospitality",http://www.t4travel.me
Telal Gents' Fashion التلال للأزياء,P4 · Watchlist,Retail & Hospitality,"Retail, F&B & Hospitality",http://www.altelal.com
Torresan Int'l Group,P4 · Watchlist,Public & Other,Other / Unclassified,http://www.dasecorp.ae
AMSTRO,P4 · Watchlist,Public & Other,Other / Unclassified,http://www.amstro.org
Befresh - Al Ahlam Automatic bakery,P4 · Watchlist,Retail & Hospitality,"Retail, F&B & Hospitality",http://www.befresh.ae
Daraysh Hotel and Restaurant,P4 · Watchlist,Retail & Hospitality,"Retail, F&B & Hospitality",http://www.daraysh.ae
Esa,P4 · Watchlist,Retail & Hospitality,"Retail, F&B & Hospitality",http://www.esauae.com
Hair LTD,P4 · Watchlist,Public & Other,Other / Unclassified,http://www.hairltd.ae
Maedah,P4 · Watchlist,Retail & Hospitality,"Retail, F&B & Hospitality",http://www.maedah.net
ST Style LLC,P4 · Watchlist,Public & Other,Other / Unclassified,http://www.ststyle.me
Sharjah Coop,P4 · Watchlist,Public & Other,Other / Unclassified,http://www.shjcoop.ae
Trans Oceans Tours,P4 · Watchlist,Retail & Hospitality,"Retail, F&B & Hospitality",http://www.transoc.ae
enlore,P4 · Watchlist,Public & Other,Other / Unclassified,http://www.enlore.com
AVP Global LLC,P4 · Watchlist,Public & Other,Other / Unclassified,http://www.avpgl.com
Hygrow Farms,P4 · Watchlist,Public & Other,Other / Unclassified,http://www.hygrow.ae
KAW-FEE,P4 · Watchlist,Retail & Hospitality,"Retail, F&B & Hospitality",http://www.kawfee.ae
SoiLAB,P4 · Watchlist,Public & Other,Other / Unclassified,http://www.soilab.ae
Acooa Life,P4 · Watchlist,Retail & Hospitality,"Retail, F&B & Hospitality",http://www.acooa.ae
KANZI,P4 · Watchlist,Public & Other,Other / Unclassified,http://www.kanzi.ae
Nutrition Zone (L.L.C),P4 · Watchlist,Public & Other,Other / Unclassified,http://www.nzone.ae
UTech,P4 · Watchlist,Public & Other,Other / Unclassified,http://www.utech.ae
Hoof Specialty Coffee,P4 · Watchlist,Retail & Hospitality,"Retail, F&B & Hospitality",http://www.hoof.ae
SSFH-Shaping Smart & Foresighted Humans,P4 · Watchlist,Public & Other,Other / Unclassified,http://www.ssfh.co
Sharjah Equestrian and Racing Club,P4 · Watchlist,Retail & Hospitality,"Retail, F&B & Hospitality",http://www.serc.ae
Sharjah IGCC,P4 · Watchlist,Public & Other,Other / Unclassified,http://www.igcc.ae
MLJ Associates Co,P4 · Watchlist,Public & Other,Other / Unclassified,http://www.mlj.ae
Sharjah Ladies Club,P4 · Watchlist,Retail & Hospitality,"Retail, F&B & Hospitality",http://www.slc.ae
71 Steak & Grill,P4 · Watchlist,Retail & Hospitality,"Retail, F&B & Hospitality",
AL JUBAIL FOODSTUFF LLC,P4 · Watchlist,Public & Other,Other / Unclassified,
AMB Tender,P4 · Watchlist,Public & Other,Other / Unclassified,
ASHRAE AUS Student Branch - Falcon Chapter,P4 · Watchlist,Public & Other,Other / Unclassified,
AUS Racing Team,P4 · Watchlist,Retail & Hospitality,"Retail, F&B & Hospitality",
Al Arab Mall,P4 · Watchlist,Retail & Hospitality,"Retail, F&B & Hospitality",
Al Fen Group,P4 · Watchlist,Public & Other,Other / Unclassified,
Al Kabayel,P4 · Watchlist,Public & Other,Other / Unclassified,
Al Reyadah,P4 · Watchlist,Retail & Hospitality,"Retail, F&B & Hospitality",
Al Seef Hotel,P4 · Watchlist,Retail & Hospitality,"Retail, F&B & Hospitality",
BIMLANCER LLC,P4 · Watchlist,Public & Other,Other / Unclassified,
Beyalah Cafe,P4 · Watchlist,Retail & Hospitality,"Retail, F&B & Hospitality",
Biotechnology,P4 · Watchlist,Public & Other,Other / Unclassified,
Black Salt Restaurant,P4 · Watchlist,Retail & Hospitality,"Retail, F&B & Hospitality",
Copthorne Sharjah,P4 · Watchlist,Public & Other,Other / Unclassified,
DARK DOOR SPECIALITY COFFEE,P4 · Watchlist,Retail & Hospitality,"Retail, F&B & Hospitality",
FAAN AL IBDAA PERFUMES & COSMETIC,P4 · Watchlist,Retail & Hospitality,"Retail, F&B & Hospitality",
FAYROOZ,P4 · Watchlist,Retail & Hospitality,"Retail, F&B & Hospitality",
GCMS,P4 · Watchlist,Public & Other,Other / Unclassified,
Golden Tulip Hotel Apartment Sharjah,P4 · Watchlist,Retail & Hospitality,"Retail, F&B & Hospitality",
HellermannTyton Middle East,P4 · Watchlist,Public & Other,Other / Unclassified,
Holiday Inn Sharjah,P4 · Watchlist,Retail & Hospitality,"Retail, F&B & Hospitality",
ISN,P4 · Watchlist,Public & Other,Other / Unclassified,
Lattafa Perfumes LLC,P4 · Watchlist,Retail & Hospitality,"Retail, F&B & Hospitality",
MANAGISH,P4 · Watchlist,Retail & Hospitality,"Retail, F&B & Hospitality",
On the Wood Restaurant,P4 · Watchlist,Retail & Hospitality,"Retail, F&B & Hospitality",
Prio Talent,P4 · Watchlist,Public & Other,Other / Unclassified,
Profit from the Internet for Free (الربح من الانترنت مجانا),P4 · Watchlist,Public & Other,Other / Unclassified,
Rainbow Steak House,P4 · Watchlist,Retail & Hospitality,"Retail, F&B & Hospitality",
Ralas Hospitality - UAE,P4 · Watchlist,Retail & Hospitality,"Retail, F&B & Hospitality",
SAMNews,P4 · Watchlist,Public & Other,Other / Unclassified,
Sharjah Agriculture and Livestock Production EST. (Ektifa),P4 · Watchlist,Public & Other,Other / Unclassified,
Sharjah Women's Sports,P4 · Watchlist,Retail & Hospitality,"Retail, F&B & Hospitality",
Stop N' Shop Center L.L.C,P4 · Watchlist,Retail & Hospitality,"Retail, F&B & Hospitality",
Tensile Tent Shade structure,P4 · Watchlist,Public & Other,Other / Unclassified,
Triple core General Trd,P4 · Watchlist,Public & Other,Other / Unclassified,
Tulip inn sharjah,P4 · Watchlist,Retail & Hospitality,"Retail, F&B & Hospitality",
ZERCO Middle East Services,P4 · Watchlist,Public & Other,Other / Unclassified,
petra scanning,P4 · Watchlist,Public & Other,Other / Unclassified,
ssi_shj,P4 · Watchlist,Public & Other,Other / Unclassified,
Barjeel Art Foundation,Not a target,Public & Other,Institution / Government,http://www.barjeelartfoundation.org
Persona foundation for mental health,Not a target,Public & Other,Institution / Government,http://www.thepersonaclinics.com
Kalimat Foundation,Not a target,Public & Other,Institution / Government,http://www.kalimatfoundation.ae
Sharjah Ports Customs and Free Zones Authority,Not a target,Public & Other,Institution / Government,http://www.sharjahports.gov.ae
The Hamda Foundation,Not a target,Public & Other,Institution / Government,http://www.hamdafoundation.org
Westford Awards,Not a target,Public & Other,Institution / Government,http://www.westfordawards.com
Sharjah Museums Authority,Not a target,Public & Other,Institution / Government,http://www.sharjahmuseums.ae
Emirates Safer Internet (eSafe) Society,Not a target,Public & Other,Institution / Government,http://www.esafesociety.org
Sharjah Commerce and Tourism Development Authority,Not a target,Public & Other,Institution / Government,http://www.visitsharjah.com
Sharjah Police,Not a target,Public & Other,Institution / Government,http://www.shjpolice.gov.ae
IFPO MENASA - International Foundation for Protection Officers,Not a target,Public & Other,Institution / Government,http://www.ifpomenasa.org
Sharjah Art Foundation,Not a target,Public & Other,Institution / Government,http://www.sharjahart.org
Sharjah Chamber of Commerce & Industry غرفة تجـارة وصنـاعة الشارقــة,Not a target,Public & Other,Institution / Government,http://www.sharjah.gov.ae
Sharjah Investment and Development Authority (Shurooq),Not a target,Public & Other,Institution / Government,http://www.shurooq.gov.ae
Sharjah Municipality (بلدية الشارقة),Not a target,Public & Other,Institution / Government,http://www.shjmun.gov.ae
Sharjah Public Libraries - مكتبات الشارقة العامة,Not a target,Public & Other,Institution / Government,http://www.shjlib.gov.ae
وزارة التغير المناخي والبيئة Ministry of Climate Change and Environment,Not a target,Public & Other,Institution / Government,http://www.moccae.gov.ae
Knowledge Horizon Libraries,Not a target,Public & Other,Institution / Government,http://www.khorizon.com
NDT Global Summit & Awards,Not a target,Public & Other,Institution / Government,http://www.aimtekme.com
AlMudeer Owners Association Management Services,Not a target,Public & Other,Institution / Government,http://www.almudeer.ae
Emirates Reprographic Rights Management Association,Not a target,Public & Other,Institution / Government,http://www.erra.org.ae
Pluto Owners Association Management,Not a target,Public & Other,Institution / Government,http://www.plutooa.com
"Sharjah Electricity, Water and Gas Authority (SEWA)",Not a target,Public & Other,Institution / Government,http://www.sewa.gov.ae
Sharjah Road & Transport Authority,Not a target,Public & Other,Institution / Government,http://www.srta.gov.ae
Sharjah Urban Planning Council,Not a target,Public & Other,Institution / Government,http://www.supc.gov.ae
UAE Association for Strategic Planning and Foresight (جمعية الامارات للتخطيط الاستراتيجي واستشراف المستقبل),Not a target,Public & Other,Institution / Government,http://www.espa.org.ae
Alejaba Owners Association,Not a target,Public & Other,Institution / Government,http://www.alejaba.ae
Emirates Association For Accountants & Auditors,Not a target,Public & Other,Institution / Government,http://www.aaa4uae.ae
Emirates Publishers Association,Not a target,Public & Other,Institution / Government,http://www.epa.org.ae
Environment and Protected Areas Authority (EPAA),Not a target,Public & Other,Institution / Government,http://www.epaashj.ae
Government of Sharjah - Sharjah Digital Department,Not a target,Public & Other,Institution / Government,http://www.sharjah.ae
Sharjah Book Authority | هيئة الشارقة للكتاب,Not a target,Public & Other,Institution / Government,http://www.sba.gov.ae
Sharjah Excellence Award,Not a target,Public & Other,Institution / Government,http://www.shjseen.ae
Sharjah Health Authority,Not a target,Public & Other,Institution / Government,http://www.sha.gov.ae
Global Trade Marketing Association,Not a target,Public & Other,Institution / Government,http://www.gtrma.com
Irthi Contemporary Crafts Council,Not a target,Public & Other,Institution / Government,http://www.irthi.com
Arab Science and Technology Foundation - ASTF,Not a target,Public & Other,Institution / Government,http://www.astf.net
Sharjah Sports Council,Not a target,Public & Other,Institution / Government,http://www.shjsc.ae
Khalid Bin Sultan Al Qasimi Humanitarian Foundation,Not a target,Public & Other,Institution / Government,http://www.ksqf.ae
Sharjah Business Women Council,Not a target,Public & Other,Institution / Government,http://www.sbwc.ae
Sharjah Government Media Bureau - المكتب الإعلامي لحكومة الشارقة,Not a target,Public & Other,Institution / Government,http://www.sgmb.ae
Sharjah Prevention and Safety Authority,Not a target,Public & Other,Institution / Government,http://spsa.shj.ae
The Big Heart Foundation,Not a target,Public & Other,Institution / Government,http://www.tbhf.ae
Sharjah Broadcasting Authority,Not a target,Public & Other,Institution / Government,http://www.smc.ae
AUS Blockchain & Fintech Association,Not a target,Public & Other,Institution / Government,
AYA Foundation,Not a target,Public & Other,Institution / Government,
Accountants and Auditors Association - AAA,Not a target,Public & Other,Institution / Government,
"Department of Government Relations, Sharjah",Not a target,Public & Other,Institution / Government,
Dubai Financial Services Authority,Not a target,Public & Other,Institution / Government,
"Finance Department, Government of Sharjah, UAE",Not a target,Public & Other,Institution / Government,
Middle East Stablecoin Association (MESA),Not a target,Public & Other,Institution / Government,
Oman Logistics Association (OLA),Not a target,Public & Other,Institution / Government,
Sharjah Archaeology Authority,Not a target,Public & Other,Institution / Government,
Sharjah Social Empowerment Foundation,Not a target,Public & Other,Institution / Government,
UOSMUN Association,Not a target,Public & Other,Institution / Government,
جمعية الشارقة الخيرية Sharjah Charity International,Not a target,Public & Other,Institution / Government,
